Timestamp,Temperature,VCCINT,VCCAUX,VCCBRAM,RO_Frequency,RO_Delay_ns,Error_Rate,Health
0,35.3974,0.9999,1.8006,1.0015,249.8127,0.4003,0.0,Healthy
1,36.2652,1.0008,1.7995,1.0005,249.6278,0.4006,0.0,Healthy
2,35.1972,0.9981,1.7983,0.9994,249.1867,0.4013,7.3e-05,Healthy
3,34.279,0.9986,1.8015,0.9998,250.0495,0.3999,0.0,Healthy
4,34.5717,1.0001,1.7988,1.0004,249.5135,0.4008,0.0,Healthy
5,34.5276,1.0018,1.8,0.9989,250.6505,0.399,0.0,Healthy
6,35.1779,0.998,1.7987,1.0002,250.5818,0.3991,4.6e-05,Healthy
7,34.9201,0.9997,1.7985,0.9993,249.621,0.4006,0.000224,Healthy
8,35.2893,0.9982,1.8003,0.9996,249.4465,0.4009,0.000135,Healthy
9,35.841,1.0009,1.7992,0.9997,250.2515,0.3996,0.000208,Healthy
10,34.6347,0.9998,1.7989,0.9988,250.635,0.399,0.000284,Healthy
11,34.9622,1.001,1.8004,0.9993,250.2726,0.3996,0.000321,Healthy
12,34.9929,1.0016,1.7974,1.0008,250.0516,0.3999,0.0,Healthy
13,35.0968,0.998,1.7998,1.0003,251.1628,0.3981,0.0,Healthy
14,34.3784,0.9995,1.8009,1.0003,249.5552,0.4007,0.000117,Healthy
15,35.1047,1.001,1.7993,0.9997,249.6638,0.4005,0.0,Healthy
16,35.2657,1.0002,1.8,0.9998,248.8437,0.4019,0.0,Healthy
17,34.7564,0.9992,1.7998,1.0004,251.4834,0.3976,5e-05,Healthy
18,35.2384,0.9999,1.7981,1.0,250.0212,0.4,0.000508,Healthy
19,34.8803,1.0003,1.7999,0.9988,250.8858,0.3986,0.000166,Healthy
20,35.6688,0.9991,1.8014,0.9986,250.4395,0.3993,0.000454,Healthy
21,34.2454,0.9994,1.8001,0.9995,248.728,0.402,3e-05,Healthy
22,34.1898,1.0005,1.7991,1.0015,249.3404,0.4011,0.0,Healthy
23,35.6922,0.9987,1.8002,1.0013,248.6795,0.4021,5.4e-05,Healthy
24,35.2511,1.0008,1.7987,0.9987,250.3816,0.3994,7.7e-05,Healthy
25,35.2454,1.0003,1.7993,1.0002,250.197,0.3997,0.0,Healthy
26,36.5394,1.0004,1.7988,1.0006,249.1813,0.4013,0.000175,Healthy
27,35.9755,0.9992,1.8009,1.0004,250.6171,0.399,0.000397,Healthy
28,34.8541,0.9992,1.7991,0.9992,249.8963,0.4002,8.7e-05,Healthy
29,35.2736,1.0008,1.8,1.0014,249.7448,0.4004,0.000563,Healthy
30,35.5545,0.9991,1.7989,1.0005,249.7762,0.4004,0.000162,Healthy
31,35.4344,0.9999,1.7991,0.9985,249.5963,0.4006,0.000191,Healthy
32,35.2289,0.9987,1.8001,1.0004,249.2449,0.4012,5e-05,Healthy
33,35.106,0.9988,1.8003,1.0005,250.8169,0.3987,0.000231,Healthy
34,33.9591,0.999,1.8005,1.0005,250.361,0.3994,0.000791,Healthy
35,35.5197,1.0011,1.8009,1.0006,249.6953,0.4005,0.000172,Healthy
36,34.4465,0.9997,1.7995,1.0001,251.7977,0.3971,0.0,Healthy
37,35.6156,0.9984,1.7995,1.0011,249.9959,0.4,0.0,Healthy
38,34.4962,1.0006,1.7992,1.0002,249.9795,0.4,0.0,Healthy
39,36.7854,1.0006,1.7979,1.0002,249.4121,0.4009,0.000192,Healthy
40,34.438,0.9998,1.8005,1.0008,248.9798,0.4016,0.0,Healthy
41,34.6938,0.9993,1.8017,1.0004,248.9298,0.4017,0.000206,Healthy
42,36.7733,1.001,1.7984,0.9995,250.9505,0.3985,0.0,Healthy
43,35.4325,1.0007,1.799,0.9999,247.3425,0.4043,0.0,Healthy
44,34.8771,0.9987,1.8016,0.9985,249.582,0.4007,4.9e-05,Healthy
45,36.234,0.9985,1.8011,1.0,249.1473,0.4014,0.000116,Healthy
46,35.242,0.9994,1.8,0.9996,250.0218,0.4,0.000156,Healthy
47,36.3534,0.9987,1.8021,0.998,249.8081,0.4003,0.000142,Healthy
48,35.3112,0.9993,1.7997,0.9995,249.4565,0.4009,0.000194,Healthy
49,35.3738,0.9993,1.8009,1.0003,250.5768,0.3991,0.000151,Healthy
50,34.4268,0.9994,1.8007,1.0006,249.9083,0.4001,4.8e-05,Healthy
51,36.1139,0.9994,1.8005,0.9998,249.7494,0.4004,0.000245,Healthy
52,35.7539,1.0008,1.8013,1.0,250.4676,0.3993,0.0,Healthy
53,35.3547,0.9998,1.8,1.0006,249.2659,0.4012,0.000444,Healthy
54,34.2924,0.9987,1.8011,1.0007,250.4183,0.3993,0.000152,Healthy
55,35.0892,0.999,1.8,0.9993,250.6976,0.3989,0.0,Healthy
56,34.4404,0.9996,1.8004,0.9994,249.2582,0.4012,7.6e-05,Healthy
57,35.2986,0.9994,1.7995,1.0002,248.756,0.402,0.0,Healthy
58,34.5296,0.9997,1.8003,1.0014,250.5991,0.399,0.0,Healthy
59,35.091,0.9989,1.7999,0.9997,250.1697,0.3997,0.0,Healthy
60,35.5235,1.0015,1.7998,1.0004,250.4621,0.3993,0.0,Healthy
61,35.2891,1.0,1.8,0.9992,249.9281,0.4001,0.000128,Healthy
62,36.2725,1.0009,1.8021,0.9992,250.6049,0.399,6.5e-05,Healthy
63,36.8652,0.9991,1.7991,0.9994,248.2064,0.4029,0.0,Healthy
64,34.5079,1.0001,1.8003,1.0018,250.6643,0.3989,0.0,Healthy
65,34.3983,1.0004,1.7986,1.0018,250.8461,0.3987,0.0,Healthy
66,33.7483,1.0013,1.7998,1.0012,248.6255,0.4022,0.0,Healthy
67,35.1248,1.0,1.7995,1.0006,249.0454,0.4015,2e-06,Healthy
68,35.2186,1.0004,1.8006,0.9988,248.6707,0.4021,0.000286,Healthy
69,35.3901,0.9992,1.8015,1.0001,250.8399,0.3987,4.4e-05,Healthy
70,36.7746,1.0017,1.7997,1.0009,250.4113,0.3993,0.000305,Healthy
71,34.3559,1.0006,1.801,0.9982,248.9469,0.4017,0.0,Healthy
72,34.9141,1.0006,1.8014,1.0,251.1949,0.3981,0.0,Healthy
73,33.7687,0.9999,1.8003,0.9999,248.2365,0.4028,1.4e-05,Healthy
74,34.0896,1.0006,1.8003,0.999,249.4779,0.4008,0.0,Healthy
75,35.0849,1.0009,1.7989,1.0004,249.4633,0.4009,0.0,Healthy
76,35.0512,0.9989,1.7994,0.9987,251.4578,0.3977,4e-05,Healthy
77,34.5788,1.0001,1.7998,0.9997,250.3758,0.3994,0.000185,Healthy
78,34.716,0.9993,1.7996,0.9976,248.6708,0.4021,0.000307,Healthy
79,36.4582,0.9997,1.8005,1.0002,252.3446,0.3963,0.000258,Healthy
80,35.0417,0.999,1.7983,1.0001,249.2749,0.4012,0.0,Healthy
81,34.6285,0.9988,1.8016,1.0008,249.8721,0.4002,0.00033,Healthy
82,35.2095,0.9991,1.8014,1.0005,249.0472,0.4015,0.0,Healthy
83,34.4489,0.9985,1.8008,1.0018,248.7566,0.402,0.000147,Healthy
84,34.6307,0.9994,1.7993,0.9991,249.9128,0.4001,0.0,Healthy
85,35.3694,0.9999,1.7997,0.999,249.4111,0.4009,0.000187,Healthy
86,35.5555,0.9989,1.8,1.0007,248.5355,0.4024,0.000144,Healthy
87,34.6265,1.0005,1.7991,0.9981,248.5675,0.4023,4.6e-05,Healthy
88,35.3662,0.999,1.8006,0.9983,249.8151,0.4003,0.0,Healthy
89,34.6387,1.0,1.7991,0.9995,250.6715,0.3989,0.0,Healthy
90,35.8306,0.9988,1.8004,1.0014,247.8877,0.4034,0.0,Healthy
91,35.6255,0.9997,1.8003,0.9993,249.9328,0.4001,6e-06,Healthy
92,36.0998,1.0002,1.8002,0.9995,249.4719,0.4008,0.0,Healthy
93,35.483,0.9995,1.8002,1.002,250.5574,0.3991,0.0,Healthy
94,36.1302,0.9995,1.7979,0.9989,248.3624,0.4026,0.0,Healthy
95,35.1857,1.0016,1.8002,0.9997,250.521,0.3992,0.0,Healthy
96,35.3613,1.0007,1.7984,1.0011,250.1268,0.3998,0.0,Healthy
97,35.6808,1.0022,1.8001,1.0002,249.487,0.4008,0.0,Healthy
98,35.8407,0.999,1.8,0.9994,250.2362,0.3996,0.000106,Healthy
99,36.0082,0.9994,1.7996,0.9989,249.4961,0.4008,0.000115,Healthy
100,35.7856,0.999,1.8008,1.0013,250.1807,0.3997,0.000415,Healthy
101,34.5628,0.9987,1.7981,1.0014,250.372,0.3994,2.9e-05,Healthy
102,35.4076,0.9988,1.8023,1.0,249.9345,0.4001,0.000186,Healthy
103,35.5702,1.0001,1.7991,1.0004,251.3511,0.3978,0.00031,Healthy
104,36.4617,0.9994,1.7989,0.9998,249.8886,0.4002,0.00026,Healthy
105,33.835,1.0014,1.7997,0.9995,249.0328,0.4016,0.0,Healthy
106,35.8493,1.0,1.7986,0.9986,249.5724,0.4007,0.000376,Healthy
107,34.9849,0.9984,1.7996,0.9996,247.682,0.4037,3.1e-05,Healthy
108,35.0097,1.0006,1.8017,1.001,249.6229,0.4006,0.0,Healthy
109,37.2549,1.0,1.7999,0.9999,249.995,0.4,1.4e-05,Healthy
110,34.7391,0.9993,1.7999,0.9994,249.2647,0.4012,6.4e-05,Healthy
111,34.9958,1.0014,1.7972,1.001,250.8304,0.3987,0.0,Healthy
112,34.9274,0.9995,1.7985,0.9991,248.9435,0.4017,0.000394,Healthy
113,35.9519,1.0012,1.8006,0.9988,249.4109,0.4009,0.000142,Healthy
114,34.2275,1.0006,1.7996,0.9995,250.3978,0.3994,0.000133,Healthy
115,34.9182,1.001,1.7988,1.0005,250.302,0.3995,0.0,Healthy
116,35.4697,0.9986,1.8008,0.9997,249.4078,0.4009,0.000255,Healthy
117,34.6471,0.9985,1.7983,1.0005,248.8002,0.4019,0.000396,Healthy
118,33.5469,1.0016,1.8001,0.9998,249.3871,0.401,0.000125,Healthy
119,35.1841,1.001,1.8,1.0001,249.5306,0.4008,3.4e-05,Healthy
120,35.4622,0.9982,1.7985,1.0006,249.9567,0.4001,9e-06,Healthy
121,35.2325,1.0002,1.7993,0.9991,249.9752,0.4,0.0,Healthy
122,35.5462,0.9982,1.8009,1.0004,250.0218,0.4,0.000243,Healthy
123,36.5538,1.0009,1.798,0.9986,249.3156,0.4011,5.2e-05,Healthy
124,35.6373,0.9992,1.8001,0.9991,249.3248,0.4011,0.0,Healthy
125,34.4864,0.9985,1.7989,1.001,249.053,0.4015,0.000574,Healthy
126,35.6215,1.0001,1.799,1.0006,249.3505,0.401,7.2e-05,Healthy
127,37.2767,0.9998,1.801,0.9992,249.7815,0.4003,0.000402,Healthy
128,34.7288,1.0017,1.8006,0.9993,250.3139,0.3995,0.000243,Healthy
129,35.7296,0.9983,1.7991,0.9996,249.747,0.4004,0.000173,Healthy
130,35.3762,0.9985,1.8003,1.0005,250.2528,0.3996,0.000265,Healthy
131,35.9029,1.0003,1.7998,0.9982,250.1472,0.3998,9.1e-05,Healthy
132,35.4549,0.9986,1.7988,1.0009,249.7704,0.4004,0.000186,Healthy
133,35.2621,0.9999,1.8008,0.9994,249.8774,0.4002,0.0,Healthy
134,34.8936,0.9996,1.8001,0.9994,250.8036,0.3987,0.0,Healthy
135,35.0935,0.9994,1.8013,1.0001,250.623,0.399,0.0,Healthy
136,35.4584,1.0008,1.7999,1.001,249.3822,0.401,0.000333,Healthy
137,37.0857,0.9995,1.7994,1.0013,251.0582,0.3983,0.0,Healthy
138,34.9123,0.9996,1.7985,0.999,248.9897,0.4016,0.0,Healthy
139,35.2225,1.0001,1.8014,0.9989,250.579,0.3991,9e-06,Healthy
140,35.2124,1.0005,1.7987,1.0003,249.9232,0.4001,0.00015,Healthy
141,35.4851,1.0023,1.7992,0.9994,249.29,0.4011,0.0,Healthy
142,34.7457,1.001,1.8013,0.9993,249.1211,0.4014,0.000147,Healthy
143,34.8156,1.0005,1.8001,0.9984,251.0235,0.3984,0.000412,Healthy
144,34.769,0.9995,1.8001,1.0002,250.3108,0.3995,0.000455,Healthy
145,35.1194,0.9991,1.7985,0.9992,249.756,0.4004,0.000412,Healthy
146,34.8487,1.0001,1.7998,1.0011,251.8025,0.3971,0.0,Healthy
147,34.873,1.0009,1.8005,1.0017,250.2466,0.3996,0.0,Healthy
148,35.7389,1.001,1.8007,1.0004,250.6313,0.399,0.000288,Healthy
149,36.3739,1.0005,1.7997,1.0,250.7417,0.3988,0.0,Healthy
150,35.5649,0.9995,1.7999,1.0012,249.9279,0.4001,6.4e-05,Healthy
151,34.1839,1.0006,1.8005,1.002,249.5273,0.4008,9.9e-05,Healthy
152,35.4731,1.0014,1.7998,1.0002,250.2583,0.3996,9.3e-05,Healthy
153,34.9183,1.0,1.8009,0.9989,249.8769,0.4002,0.0,Healthy
154,36.2332,0.9983,1.7993,1.0003,251.0214,0.3984,4.3e-05,Healthy
155,34.8348,1.0017,1.7984,0.9977,250.1195,0.3998,0.0,Healthy
156,34.4638,1.0006,1.8001,0.9993,248.7418,0.402,0.000231,Healthy
157,35.8028,0.9997,1.8017,0.9988,248.5441,0.4023,0.0,Healthy
158,35.2479,1.0001,1.7996,1.0002,248.7618,0.402,0.000346,Healthy
159,35.2205,1.001,1.8002,1.0003,250.2173,0.3997,0.000147,Healthy
160,35.8022,1.0012,1.8,1.0006,249.6882,0.4005,0.000346,Healthy
161,34.7487,1.0016,1.7998,0.9984,249.861,0.4002,0.0,Healthy
162,35.9641,0.9992,1.7994,0.998,249.3952,0.401,0.0,Healthy
163,34.0263,1.0006,1.8006,1.0003,248.9819,0.4016,4.9e-05,Healthy
164,35.2923,0.9987,1.8013,1.0007,249.5772,0.4007,6.5e-05,Healthy
165,35.4637,0.9978,1.7996,0.9992,248.9512,0.4017,3e-06,Healthy
166,36.7369,1.0005,1.7993,1.0004,250.8705,0.3986,0.000245,Healthy
167,35.3483,0.9992,1.8005,1.0003,250.4657,0.3993,0.000187,Healthy
168,36.142,0.9993,1.8011,1.0001,251.4082,0.3978,0.0,Healthy
169,36.693,1.0,1.7992,0.9994,249.4902,0.4008,0.000146,Healthy
170,35.7243,0.9993,1.7998,1.002,251.127,0.3982,0.000148,Healthy
171,35.3382,0.9999,1.8004,0.9988,249.5376,0.4007,0.0,Healthy
172,35.629,1.0005,1.7993,1.0014,248.7614,0.402,0.0,Healthy
173,35.491,1.0009,1.8015,0.9994,250.6034,0.399,5.4e-05,Healthy
174,35.1751,1.0007,1.8005,0.9983,250.9202,0.3985,0.000338,Healthy
175,34.8145,1.0002,1.8003,1.0001,249.2973,0.4011,0.0,Healthy
176,35.2964,1.001,1.8004,0.9995,250.3534,0.3994,0.0,Healthy
177,36.2376,0.9981,1.7995,0.9987,248.6988,0.4021,0.000295,Healthy
178,34.9462,1.0002,1.7998,1.0003,249.7945,0.4003,0.0,Healthy
179,36.1192,0.9993,1.7983,0.9994,250.9321,0.3985,0.000234,Healthy
180,35.0451,0.9995,1.7995,1.0019,250.0355,0.3999,0.00015,Healthy
181,36.15,1.0001,1.7996,0.9997,249.6712,0.4005,5.7e-05,Healthy
182,35.9097,0.9999,1.8006,0.9998,249.7899,0.4003,0.0,Healthy
183,36.0625,1.0002,1.8008,0.997,251.3962,0.3978,3.7e-05,Healthy
184,36.2177,0.9988,1.8004,0.9988,249.225,0.4012,0.000448,Healthy
185,35.1805,1.0,1.8007,1.0003,249.8428,0.4003,0.000138,Healthy
186,37.2575,0.9998,1.8,1.0009,250.6054,0.399,0.000303,Healthy
187,35.8476,0.9987,1.8014,0.9987,249.9616,0.4001,0.0,Healthy
188,35.2871,1.0001,1.8001,1.0003,251.009,0.3984,0.000157,Healthy
189,35.1449,1.0008,1.801,0.9986,250.1944,0.3997,0.000207,Healthy
190,35.1039,1.0012,1.7997,1.0,249.5765,0.4007,7e-05,Healthy
191,34.4668,0.9984,1.8014,0.999,248.9204,0.4017,0.0,Healthy
192,34.8344,0.9985,1.8015,1.0009,249.1615,0.4013,0.000518,Healthy
193,36.1328,0.9995,1.7973,1.0021,248.5988,0.4023,0.0,Healthy
194,36.1673,1.0022,1.8012,1.0004,250.1848,0.3997,0.000239,Healthy
195,35.9581,1.0001,1.7999,0.9998,249.1043,0.4014,1.2e-05,Healthy
196,33.9984,0.9997,1.7988,0.9987,249.8499,0.4002,0.000347,Healthy
197,36.0893,0.9982,1.7988,1.0008,248.9185,0.4017,2.4e-05,Healthy
198,35.7964,0.9988,1.7999,0.9985,249.2219,0.4012,0.000133,Healthy
199,34.0838,1.0002,1.7998,1.0004,249.8806,0.4002,0.000343,Healthy
200,35.4602,0.9994,1.7999,1.0004,249.7391,0.4004,7.8e-05,Healthy
201,34.8002,0.9991,1.7984,1.0016,248.7034,0.4021,0.0,Healthy
202,34.7889,1.0007,1.7995,1.0011,249.1582,0.4014,0.000126,Healthy
203,34.6971,1.0019,1.7986,1.0001,250.2025,0.3997,0.000154,Healthy
204,35.219,0.9997,1.7998,0.9997,250.4651,0.3993,0.000513,Healthy
205,34.923,0.9984,1.7997,1.0024,249.0496,0.4015,0.000399,Healthy
206,36.713,0.9992,1.8004,1.0015,249.3877,0.401,3.1e-05,Healthy
207,34.9073,0.9988,1.7991,0.9986,249.7168,0.4005,0.0,Healthy
208,35.5614,0.9982,1.8001,1.0007,248.093,0.4031,0.000147,Healthy
209,36.3583,0.9986,1.8015,1.0003,249.1225,0.4014,6.2e-05,Healthy
210,35.8247,0.9999,1.8003,0.9989,249.8205,0.4003,0.0,Healthy
211,35.2908,0.9989,1.7991,1.0011,250.5565,0.3991,0.000195,Healthy
212,34.5077,0.9995,1.801,1.0,251.5375,0.3976,0.000152,Healthy
213,35.537,0.9995,1.7999,0.9997,250.247,0.3996,0.000265,Healthy
214,34.7564,0.9985,1.7979,1.0003,248.7963,0.4019,0.0,Healthy
215,35.6979,1.0023,1.7998,1.0007,249.743,0.4004,5.5e-05,Healthy
216,36.1241,0.9995,1.8001,1.0001,249.1415,0.4014,0.000273,Healthy
217,35.2506,0.999,1.8003,0.9989,249.697,0.4005,7.3e-05,Healthy
218,36.2611,1.0003,1.7998,1.0006,250.7852,0.3987,0.000187,Healthy
219,35.4025,0.9985,1.7987,0.9995,249.1839,0.4013,3.8e-05,Healthy
220,35.4413,1.0003,1.7997,1.0003,249.7216,0.4004,0.0,Healthy
221,34.6463,0.9996,1.7986,1.0004,250.8931,0.3986,0.00032,Healthy
222,35.2288,1.0013,1.7999,0.9995,249.1763,0.4013,1.6e-05,Healthy
223,35.0909,0.9999,1.7999,0.9998,250.0151,0.4,0.000315,Healthy
224,36.1628,0.9983,1.7972,1.0008,248.5705,0.4023,3.2e-05,Healthy
225,34.4689,0.998,1.8003,1.0006,249.2013,0.4013,0.0,Healthy
226,34.9698,1.0002,1.7983,1.0,249.6488,0.4006,0.000194,Healthy
227,35.5043,0.9988,1.801,0.9997,249.6377,0.4006,0.0,Healthy
228,35.0558,0.9989,1.7996,1.0015,248.5605,0.4023,0.0,Healthy
229,36.5891,0.9996,1.7991,1.0009,249.172,0.4013,0.000444,Healthy
230,35.9563,0.9993,1.8019,0.9992,250.2487,0.3996,0.000139,Healthy
231,36.4572,1.0013,1.7998,0.9991,250.0215,0.4,0.0,Healthy
232,37.0283,0.9999,1.7994,1.0,248.5743,0.4023,0.0,Healthy
233,36.3797,0.9991,1.7987,1.0004,250.5991,0.399,0.000224,Healthy
234,36.218,0.999,1.7983,1.0013,249.3909,0.401,3e-05,Healthy
235,36.4856,1.0003,1.8002,1.002,249.1327,0.4014,0.000266,Healthy
236,35.4704,1.0,1.8013,1.0003,250.0766,0.3999,0.000295,Healthy
237,35.1346,0.9989,1.7987,0.9978,251.2895,0.3979,0.0,Healthy
238,35.2514,0.9995,1.8001,1.0006,250.3314,0.3995,0.0,Healthy
239,35.2965,1.0,1.7995,1.0014,250.0343,0.3999,0.000229,Healthy
240,35.9623,1.0009,1.7999,0.9985,249.9598,0.4001,0.0,Healthy
241,35.0109,1.0003,1.801,0.9998,249.8856,0.4002,0.000423,Healthy
242,35.6282,1.0024,1.8003,0.998,250.2397,0.3996,0.000159,Healthy
243,36.4692,1.0004,1.7996,0.9986,249.4683,0.4009,0.0,Healthy
244,34.9748,1.0003,1.8014,1.0002,248.6773,0.4021,0.000172,Healthy
245,36.3983,0.9991,1.7996,0.9998,249.0046,0.4016,0.000213,Healthy
246,35.346,1.0002,1.7989,0.9994,250.2089,0.3997,9e-06,Healthy
247,36.8262,0.9994,1.8,1.0007,248.4948,0.4024,0.0,Healthy
248,34.2259,1.001,1.7992,1.0024,249.1766,0.4013,0.000121,Healthy
249,36.6819,1.0018,1.8018,1.001,250.4458,0.3993,0.000203,Healthy
250,36.0727,0.9992,1.7989,0.9998,249.4889,0.4008,0.0,Healthy
251,36.0089,1.0007,1.7998,1.0013,248.7101,0.4021,4.7e-05,Healthy
252,34.8801,0.9979,1.7997,0.9997,250.8328,0.3987,0.000212,Healthy
253,34.6361,1.0016,1.801,1.0004,249.4393,0.4009,0.0,Healthy
254,35.1594,1.0008,1.8016,1.0013,249.2279,0.4012,0.0,Healthy
255,35.5717,0.998,1.8001,0.9996,249.2447,0.4012,0.0,Healthy
256,35.8717,0.9992,1.7986,0.9969,249.594,0.4007,0.000441,Healthy
257,36.7916,0.9993,1.7991,1.0003,248.8158,0.4019,0.000147,Healthy
258,36.0773,1.001,1.7996,0.9996,248.9106,0.4018,0.0,Healthy
259,35.285,1.0001,1.8007,0.999,250.8057,0.3987,3.3e-05,Healthy
260,35.4509,0.999,1.7973,1.0007,250.1995,0.3997,3.2e-05,Healthy
261,35.5234,1.0003,1.7982,0.9993,250.2439,0.3996,0.0,Healthy
262,35.7064,0.9984,1.8002,0.9998,248.3149,0.4027,0.000322,Healthy
263,34.8857,0.9989,1.7999,1.0009,248.7928,0.4019,0.000101,Healthy
264,35.8183,1.0004,1.7999,0.9994,248.9419,0.4017,0.000106,Healthy
265,34.6193,0.9968,1.8002,1.0007,247.7122,0.4037,0.0,Healthy
266,35.9741,1.0018,1.7998,0.9991,249.4547,0.4009,0.000365,Healthy
267,34.9638,0.9989,1.7993,0.9988,249.6976,0.4005,0.000415,Healthy
268,35.7409,0.9995,1.7994,0.9982,250.3045,0.3995,7.5e-05,Healthy
269,35.3398,1.0029,1.8,0.999,249.2554,0.4012,0.00032,Healthy
270,35.5766,0.9983,1.8006,0.9991,251.0936,0.3983,0.000307,Healthy
271,35.1299,1.001,1.7998,1.0006,249.9813,0.4,0.0,Healthy
272,34.9748,1.0008,1.7994,0.9994,248.8279,0.4019,0.000176,Healthy
273,37.1414,0.9987,1.7998,1.0012,249.5268,0.4008,0.000182,Healthy
274,34.6433,1.0002,1.7995,1.0008,250.5389,0.3991,0.00061,Healthy
275,35.9587,1.0001,1.7999,0.9994,249.8583,0.4002,3.3e-05,Healthy
276,35.6316,1.001,1.7987,1.0009,250.6397,0.399,6.9e-05,Healthy
277,33.8011,0.9991,1.801,0.9998,248.7851,0.402,0.0,Healthy
278,36.1729,1.0003,1.7995,0.9994,249.2696,0.4012,0.0,Healthy
279,36.7945,0.9994,1.8009,1.0013,250.3801,0.3994,7e-06,Healthy
280,35.827,0.9997,1.7988,1.0001,248.6368,0.4022,0.000332,Healthy
281,35.1341,0.9999,1.8,0.9995,250.0479,0.3999,0.0,Healthy
282,36.2046,0.9984,1.7998,1.0017,248.7767,0.402,0.0,Healthy
283,35.9205,0.9999,1.8001,1.0003,250.0833,0.3999,0.000317,Healthy
284,35.8391,0.9995,1.8004,1.0017,249.4679,0.4009,0.0,Healthy
285,36.3987,0.9996,1.7975,1.0006,249.1442,0.4014,7.7e-05,Healthy
286,35.7804,0.9999,1.8004,0.9993,249.9815,0.4,4.4e-05,Healthy
287,36.1076,1.0003,1.7988,1.0009,249.1407,0.4014,0.000258,Healthy
288,35.8122,1.0016,1.7995,0.9994,249.5525,0.4007,3.6e-05,Healthy
289,36.1602,0.9981,1.7987,0.9987,250.3267,0.3995,0.000439,Healthy
290,35.4384,0.9995,1.7998,1.0009,248.8231,0.4019,0.000145,Healthy
291,36.304,1.0002,1.7999,1.0008,247.4009,0.4042,0.000233,Healthy
292,35.0023,0.9979,1.8002,1.0011,249.452,0.4009,0.000288,Healthy
293,36.8172,1.001,1.8013,1.0005,249.6208,0.4006,0.0,Healthy
294,35.3324,0.9989,1.8019,0.9996,249.6576,0.4005,0.000208,Healthy
295,35.5659,1.0014,1.7991,1.0,248.9635,0.4017,0.0,Healthy
296,35.0434,0.9997,1.7993,0.9991,248.4309,0.4025,8.2e-05,Healthy
297,34.3308,1.0005,1.7998,0.9983,249.3071,0.4011,0.0,Healthy
298,35.7917,1.001,1.7978,0.9999,249.4249,0.4009,0.000234,Healthy
299,35.7088,0.9989,1.7994,0.999,250.4123,0.3993,0.000104,Healthy
300,37.061,0.9996,1.799,0.9982,248.1075,0.4031,0.0,Healthy
301,35.7555,1.0002,1.7981,1.0007,249.1621,0.4013,0.00013,Healthy
302,36.8334,1.0006,1.7994,0.9989,247.8255,0.4035,0.0,Healthy
303,35.3765,0.9987,1.7996,0.9998,249.3656,0.401,0.0,Healthy
304,35.6821,1.0001,1.7986,1.0012,249.4651,0.4009,0.000105,Healthy
305,36.1156,0.9999,1.8006,1.0,249.0526,0.4015,0.000174,Healthy
306,34.6358,0.9998,1.7997,0.9995,249.4382,0.4009,0.0,Healthy
307,35.1136,0.9998,1.7999,0.9987,250.5521,0.3991,0.0,Healthy
308,36.33,1.0001,1.799,1.0015,248.5831,0.4023,0.000286,Healthy
309,36.3567,0.999,1.8011,0.9995,249.7675,0.4004,0.000155,Healthy
310,35.4506,1.0005,1.8005,0.998,250.5785,0.3991,0.0,Healthy
311,36.3858,1.0008,1.7986,0.9993,248.6489,0.4022,6e-05,Healthy
312,35.3152,1.0005,1.801,1.0011,249.0823,0.4015,6.2e-05,Healthy
313,34.2166,0.9989,1.8007,1.0014,248.543,0.4023,0.0,Healthy
314,35.5441,1.0,1.7989,1.0002,249.1499,0.4014,0.000101,Healthy
315,36.004,0.9997,1.7992,0.9996,249.4568,0.4009,3e-05,Healthy
316,35.3618,1.0013,1.8002,0.9995,250.0836,0.3999,3.8e-05,Healthy
317,36.5091,1.0001,1.7996,1.0002,248.2678,0.4028,0.0,Healthy
318,34.6173,0.9998,1.8014,1.002,250.0334,0.3999,0.000206,Healthy
319,34.1334,0.9991,1.7989,0.9991,249.387,0.401,1.1e-05,Healthy
320,33.9926,1.0004,1.7986,1.0,251.1793,0.3981,0.0,Healthy
321,33.5536,0.9994,1.8008,1.0017,248.5349,0.4024,0.000206,Healthy
322,35.2074,0.9996,1.8023,0.9982,249.72,0.4004,0.0002,Healthy
323,36.45,0.9998,1.8,0.9993,249.7308,0.4004,3.8e-05,Healthy
324,36.0805,0.9993,1.8001,0.9997,250.4148,0.3993,9.7e-05,Healthy
325,34.1666,1.0009,1.7988,0.9991,249.036,0.4015,0.000382,Healthy
326,33.8783,1.0028,1.8007,1.0,249.4671,0.4009,0.000165,Healthy
327,36.0055,1.0003,1.8002,0.9998,249.3516,0.401,7.8e-05,Healthy
328,35.4345,1.0008,1.8003,0.9968,250.0327,0.3999,0.000147,Healthy
329,35.5772,0.9993,1.8008,1.0007,248.8882,0.4018,0.00019,Healthy
330,34.8167,0.9983,1.799,1.0006,250.2675,0.3996,0.000212,Healthy
331,36.1759,1.0002,1.799,1.0002,250.1438,0.3998,0.00026,Healthy
332,36.5487,1.0004,1.8,1.0008,249.4808,0.4008,0.0,Healthy
333,35.4689,0.9989,1.799,0.9996,248.8666,0.4018,4.8e-05,Healthy
334,34.0863,0.9999,1.7997,0.9989,250.0264,0.4,0.000298,Healthy
335,34.317,0.9989,1.7989,0.9988,250.1611,0.3997,7.2e-05,Healthy
336,35.3932,0.9977,1.8003,0.9985,249.5439,0.4007,0.000166,Healthy
337,36.6951,0.9984,1.7966,0.9999,250.9349,0.3985,0.000359,Healthy
338,35.7761,0.9992,1.8005,0.9988,249.8741,0.4002,0.000212,Healthy
339,36.4584,1.0024,1.8001,0.9992,249.471,0.4008,0.0,Healthy
340,35.0562,0.9993,1.7991,0.9999,248.8321,0.4019,0.000336,Healthy
341,35.614,0.9996,1.7993,0.9999,250.1486,0.3998,0.0,Healthy
342,35.0891,0.9994,1.7983,0.9989,249.106,0.4014,0.000287,Healthy
343,35.8274,0.9999,1.8005,0.9996,249.7979,0.4003,9.2e-05,Healthy
344,35.8315,0.9991,1.7972,0.9996,250.6222,0.399,0.000298,Healthy
345,36.3933,1.0009,1.7997,0.9999,248.9884,0.4016,5e-05,Healthy
346,36.1154,1.0009,1.7995,0.9993,249.4814,0.4008,0.000234,Healthy
347,34.4695,0.9974,1.7991,0.9985,249.073,0.4015,8.5e-05,Healthy
348,35.2638,1.0011,1.8,1.0,249.9758,0.4,0.0,Healthy
349,36.4595,0.9996,1.8003,0.9986,248.2335,0.4028,0.000278,Healthy
350,35.9311,0.9987,1.7988,1.0008,248.5235,0.4024,0.000444,Healthy
351,34.9113,1.0003,1.7993,1.0003,249.0382,0.4015,8.3e-05,Healthy
352,35.6663,0.9986,1.8004,0.9992,249.2891,0.4011,0.0,Healthy
353,33.5855,0.9995,1.8021,1.0005,249.4551,0.4009,6.3e-05,Healthy
354,35.6552,1.0002,1.7985,1.0008,250.0413,0.3999,0.00026,Healthy
355,35.9898,0.9997,1.8003,1.0003,249.1843,0.4013,2e-06,Healthy
356,35.7223,1.0012,1.7984,0.9982,249.5978,0.4006,0.000127,Healthy
357,35.7813,0.9999,1.7994,1.0012,248.1838,0.4029,0.0,Healthy
358,35.5618,0.998,1.7995,1.0014,249.4797,0.4008,0.000164,Healthy
359,34.6381,0.999,1.7993,0.9994,250.4868,0.3992,0.000229,Healthy
360,34.7588,0.9999,1.8001,1.0009,250.7244,0.3988,0.0,Healthy
361,35.0011,0.9984,1.7994,1.0002,250.2484,0.3996,0.000103,Healthy
362,35.3957,0.9998,1.7988,1.0018,248.1709,0.4029,0.000156,Healthy
363,37.2723,0.9996,1.7994,0.9994,249.3112,0.4011,0.000393,Healthy
364,33.8857,1.0012,1.7982,0.9994,249.1106,0.4014,0.000237,Healthy
365,34.3785,1.0001,1.8017,0.9983,249.6043,0.4006,0.0,Healthy
366,35.9995,0.9997,1.799,1.0002,250.8945,0.3986,8.2e-05,Healthy
367,36.2364,0.9983,1.7987,1.0002,250.6368,0.399,0.000191,Healthy
368,35.412,0.9996,1.7984,1.0003,250.1539,0.3998,3e-05,Healthy
369,35.2882,0.9999,1.7992,0.9996,251.1263,0.3982,7.1e-05,Healthy
370,35.3793,0.999,1.8004,0.9995,248.9255,0.4017,0.000385,Healthy
371,36.8035,0.999,1.7978,1.0007,248.8958,0.4018,0.000279,Healthy
372,34.0935,1.0005,1.7984,1.0004,249.4534,0.4009,0.0,Healthy
373,35.3458,1.0003,1.7997,1.0003,251.0217,0.3984,0.0,Healthy
374,36.967,0.9997,1.7987,0.9984,249.2877,0.4011,0.000307,Healthy
375,35.573,1.0011,1.7982,0.9997,248.4356,0.4025,0.000195,Healthy
376,36.3863,0.9992,1.797,0.9999,249.7854,0.4003,0.000204,Healthy
377,36.6672,0.9986,1.8003,1.0009,248.0116,0.4032,0.000187,Healthy
378,35.2771,0.9995,1.8,0.9992,248.8924,0.4018,0.00013,Healthy
379,34.8124,0.9985,1.8003,0.9985,249.9646,0.4001,0.000216,Healthy
380,34.3034,0.9989,1.8008,0.9987,249.0585,0.4015,0.000216,Healthy
381,36.3125,0.9994,1.799,1.0011,250.8196,0.3987,0.00032,Healthy
382,35.7559,0.9988,1.7988,1.0002,249.7617,0.4004,0.000405,Healthy
383,36.2098,0.9981,1.8007,0.9987,249.1183,0.4014,0.000175,Healthy
384,37.2877,1.0027,1.8002,0.9995,249.8516,0.4002,0.000303,Healthy
385,35.4365,1.0014,1.7998,1.0002,249.9552,0.4001,0.00021,Healthy
386,36.366,0.999,1.7991,0.9986,249.7726,0.4004,0.000282,Healthy
387,36.0628,1.0013,1.7996,1.0004,248.5461,0.4023,4.9e-05,Healthy
388,36.2548,1.0005,1.7993,0.9996,248.2037,0.4029,5.5e-05,Healthy
389,36.4125,1.0002,1.8001,0.9997,249.4222,0.4009,0.0,Healthy
390,36.2611,1.0,1.8001,0.9992,247.6923,0.4037,0.000346,Healthy
391,35.3207,0.9987,1.8003,0.9993,250.2614,0.3996,0.000251,Healthy
392,36.2525,0.9982,1.8008,0.9999,249.1166,0.4014,0.000156,Healthy
393,34.2864,1.0,1.7986,0.9983,248.1926,0.4029,0.00035,Healthy
394,35.2058,1.0011,1.7991,0.998,248.5158,0.4024,0.000375,Healthy
395,35.5863,0.9991,1.7998,1.0002,250.3014,0.3995,0.000418,Healthy
396,35.425,0.9983,1.7992,0.9999,248.635,0.4022,0.0,Healthy
397,35.9896,0.9996,1.7996,0.9989,249.2202,0.4013,0.0,Healthy
398,36.4286,1.0006,1.7978,0.9988,248.2058,0.4029,0.0,Healthy
399,35.6514,0.9982,1.7987,0.9987,249.5673,0.4007,0.000144,Healthy
400,35.1426,0.9998,1.7991,0.9994,250.7388,0.3988,0.000398,Healthy
401,34.6821,1.0004,1.8004,0.9985,250.0535,0.3999,0.000438,Healthy
402,34.8256,0.9987,1.8006,0.9999,249.8382,0.4003,0.000199,Healthy
403,36.038,0.9983,1.8006,1.0008,249.212,0.4013,0.000122,Healthy
404,34.5023,1.0001,1.8002,0.9996,250.2935,0.3995,6.4e-05,Healthy
405,36.1807,0.9986,1.7996,0.9995,249.5727,0.4007,5.8e-05,Healthy
406,35.6256,1.0004,1.7992,0.9981,250.7907,0.3987,0.000408,Healthy
407,34.6988,1.0003,1.7991,0.9999,249.6249,0.4006,8.5e-05,Healthy
408,35.1074,0.9989,1.7987,0.9988,249.3343,0.4011,0.0,Healthy
409,36.2818,1.0011,1.799,0.9999,249.7862,0.4003,0.000227,Healthy
410,35.7988,1.0003,1.8001,0.9984,250.0803,0.3999,0.00031,Healthy
411,35.1292,0.9996,1.8003,0.9995,250.2419,0.3996,0.000606,Healthy
412,35.1128,0.9982,1.7999,1.0004,249.1973,0.4013,0.000424,Healthy
413,34.6725,1.0003,1.799,1.0014,250.9745,0.3984,0.0,Healthy
414,35.3056,1.0004,1.7992,0.9996,249.3993,0.401,0.0,Healthy
415,35.7359,0.9989,1.7991,1.0011,248.3723,0.4026,0.000297,Healthy
416,35.5256,0.9993,1.8004,1.0,249.8325,0.4003,0.000328,Healthy
417,35.4856,0.999,1.7985,0.9988,251.7338,0.3972,0.000384,Healthy
418,34.6715,0.9983,1.8001,1.0002,249.8121,0.4003,8.4e-05,Healthy
419,35.6538,0.9999,1.7997,0.9974,249.1877,0.4013,0.0,Healthy
420,35.8962,1.0026,1.7999,0.9994,250.1074,0.3998,0.000233,Healthy
421,36.0939,1.0002,1.8016,0.9985,249.7474,0.4004,0.0,Healthy
422,36.204,0.9987,1.7992,0.9994,250.1477,0.3998,0.00032,Healthy
423,34.7648,0.9996,1.7989,0.9984,249.1919,0.4013,7.5e-05,Healthy
424,37.7046,1.0,1.7982,0.9991,250.1811,0.3997,0.000555,Healthy
425,34.4962,0.9977,1.8014,1.0,248.6679,0.4021,0.000244,Healthy
426,33.6582,0.9996,1.7999,1.0006,248.5499,0.4023,0.000155,Healthy
427,35.0283,0.9998,1.7987,0.9993,248.5628,0.4023,0.000268,Healthy
428,36.4572,0.9993,1.7996,0.9982,249.1183,0.4014,0.000128,Healthy
429,37.8688,0.9985,1.801,1.0007,249.581,0.4007,0.00049,Healthy
430,36.0717,1.0,1.7995,1.0009,250.2322,0.3996,1.4e-05,Healthy
431,34.7204,0.9994,1.7988,0.9996,250.3435,0.3995,4.8e-05,Healthy
432,35.7433,0.9996,1.8004,0.9974,248.8666,0.4018,0.000182,Healthy
433,36.7395,0.9991,1.7977,1.0003,248.8422,0.4019,0.0,Healthy
434,35.2817,0.9994,1.799,0.9974,250.0667,0.3999,0.000395,Healthy
435,36.3042,0.9984,1.7994,0.9996,249.8265,0.4003,0.000274,Healthy
436,35.1975,0.9996,1.8,1.0011,249.9096,0.4001,0.000299,Healthy
437,35.8537,1.001,1.8,0.9988,250.4672,0.3993,0.000281,Healthy
438,35.434,0.9991,1.7999,1.0001,249.5008,0.4008,0.000204,Healthy
439,37.1502,1.0006,1.7998,1.0006,248.5155,0.4024,0.000221,Healthy
440,37.2394,0.9993,1.7987,0.999,248.4683,0.4025,0.0,Healthy
441,35.4974,0.9982,1.7996,1.0005,248.6123,0.4022,0.000446,Healthy
442,36.2042,1.0006,1.7989,1.0005,248.4635,0.4025,0.000321,Healthy
443,35.9349,1.0001,1.7984,0.9988,249.8133,0.4003,0.0,Healthy
444,36.1698,0.9982,1.8004,0.9984,249.7758,0.4004,0.000268,Healthy
445,35.2436,1.0001,1.7998,0.9991,248.5257,0.4024,0.0,Healthy
446,36.0825,0.998,1.7996,0.9994,249.8743,0.4002,8.3e-05,Healthy
447,35.541,1.0003,1.7999,1.0,249.7049,0.4005,0.0,Healthy
448,36.4118,1.0002,1.7985,0.9994,249.2966,0.4011,0.000118,Healthy
449,36.0753,1.001,1.8006,0.9983,249.8242,0.4003,0.00041,Healthy
450,36.1194,1.0006,1.8016,1.0007,249.5244,0.4008,0.000354,Healthy
451,35.9277,0.9996,1.7992,1.0012,248.6688,0.4021,0.000452,Healthy
452,36.2135,0.9981,1.7999,0.9975,249.8224,0.4003,0.000323,Healthy
453,35.3415,0.9997,1.8015,0.9991,248.4734,0.4025,0.000442,Healthy
454,37.3873,0.9995,1.8006,1.001,248.725,0.4021,4.9e-05,Healthy
455,36.8037,1.0012,1.8001,0.9988,250.9071,0.3986,4e-05,Healthy
456,35.5527,0.9999,1.8011,1.0005,249.6479,0.4006,0.000239,Healthy
457,35.8574,1.0001,1.797,0.9993,249.5076,0.4008,0.0,Healthy
458,36.1335,0.9993,1.8013,1.0012,248.9404,0.4017,0.000117,Healthy
459,35.767,0.9991,1.7997,0.9989,248.407,0.4026,0.000272,Healthy
460,36.3316,0.9987,1.8004,0.999,249.5125,0.4008,0.000312,Healthy
461,35.8029,1.0,1.799,0.9994,249.1438,0.4014,0.0,Healthy
462,35.6902,0.998,1.799,0.9993,249.1021,0.4014,0.0001,Healthy
463,35.784,1.0,1.8004,0.999,248.3429,0.4027,0.0,Healthy
464,35.4454,0.9992,1.7988,0.9983,248.9391,0.4017,0.000185,Healthy
465,36.313,0.999,1.7991,0.9987,249.2773,0.4012,0.0,Healthy
466,36.2973,0.9977,1.7992,0.9999,249.4481,0.4009,0.000688,Healthy
467,36.1204,0.9985,1.7994,0.9979,249.235,0.4012,0.0,Healthy
468,36.5747,0.999,1.7994,0.999,250.6891,0.3989,8.6e-05,Healthy
469,37.3102,1.0003,1.8,1.0,249.6115,0.4006,0.0,Healthy
470,35.6229,1.0004,1.7995,0.9982,249.2531,0.4012,0.000492,Healthy
471,36.8453,0.9995,1.8005,0.9993,247.9304,0.4033,0.0,Healthy
472,37.0999,0.9993,1.7993,0.9993,250.8153,0.3987,0.000477,Healthy
473,37.6264,0.9994,1.7998,0.9981,250.472,0.3992,0.0,Healthy
474,36.0266,0.9984,1.7989,0.9988,248.8027,0.4019,4.4e-05,Healthy
475,35.4164,1.0004,1.7984,0.9998,250.2619,0.3996,5e-05,Healthy
476,35.2825,0.9993,1.8007,0.9998,248.861,0.4018,0.00025,Healthy
477,34.9768,1.0002,1.7999,0.9993,248.6136,0.4022,0.0,Healthy
478,36.2883,1.0008,1.7989,1.0001,247.6134,0.4039,3.6e-05,Healthy
479,35.8374,0.9986,1.7986,0.9989,249.5153,0.4008,0.000116,Healthy
480,34.0734,0.9974,1.7989,1.0001,247.082,0.4047,5.4e-05,Healthy
481,35.4448,1.0009,1.7991,1.0,249.3915,0.401,0.0,Healthy
482,36.4822,0.9997,1.8,1.0035,247.6097,0.4039,0.0005,Healthy
483,35.6394,0.9998,1.7995,0.9992,248.8196,0.4019,0.000221,Healthy
484,34.6575,1.0003,1.7991,0.9985,248.914,0.4017,0.000407,Healthy
485,35.4447,0.9999,1.7988,1.0004,249.8209,0.4003,0.000525,Healthy
486,35.7343,1.0002,1.7996,1.0009,248.6959,0.4021,0.000305,Healthy
487,35.7208,0.9994,1.7996,0.9999,249.1765,0.4013,0.000199,Healthy
488,37.1409,1.0005,1.8004,0.9992,248.5566,0.4023,0.000347,Healthy
489,36.581,1.001,1.7989,0.9994,247.9549,0.4033,7.8e-05,Healthy
490,36.6793,0.999,1.8002,0.9994,249.5242,0.4008,0.0,Healthy
491,35.952,0.9965,1.7993,0.998,250.2283,0.3996,0.000313,Healthy
492,36.2589,1.001,1.7986,1.0014,250.0078,0.4,0.00011,Healthy
493,36.7959,0.9984,1.7987,0.999,248.8373,0.4019,0.0,Healthy
494,36.8677,0.9992,1.7999,0.999,247.8025,0.4035,0.000212,Healthy
495,34.3612,0.9994,1.7981,1.0016,249.9866,0.4,0.00018,Healthy
496,36.9038,0.9987,1.8,0.9998,249.4672,0.4009,0.000413,Healthy
497,36.4806,0.9998,1.7978,0.9986,249.1563,0.4014,0.000178,Healthy
498,34.9922,1.0019,1.801,1.0002,249.3106,0.4011,0.000117,Healthy
499,35.1367,0.9996,1.7998,0.9984,249.5188,0.4008,0.000129,Healthy
500,34.3738,0.9986,1.7991,1.0015,249.6952,0.4005,0.0,Healthy
501,36.2906,0.998,1.8006,0.9991,249.1736,0.4013,0.000425,Healthy
502,34.8739,0.9981,1.7989,1.0006,248.0315,0.4032,0.0,Healthy
503,35.5445,1.0,1.8007,0.9991,248.9164,0.4017,0.000392,Healthy
504,34.4114,0.9991,1.7997,1.0,248.8362,0.4019,0.000168,Healthy
505,33.9183,0.9988,1.7999,0.9986,249.2897,0.4011,0.000251,Healthy
506,35.6368,0.9997,1.7985,0.9994,249.7292,0.4004,0.000193,Healthy
507,35.4434,0.9997,1.8002,0.9975,250.1668,0.3997,9.5e-05,Healthy
508,36.2548,1.0007,1.7981,0.9989,249.0072,0.4016,6e-06,Healthy
509,37.3041,0.9986,1.7989,0.9998,248.2748,0.4028,8.4e-05,Healthy
510,36.172,0.9992,1.7994,0.9991,248.0234,0.4032,0.000227,Healthy
511,37.3237,0.9995,1.7997,1.0003,248.218,0.4029,0.000504,Healthy
512,36.0835,1.0011,1.7988,1.0014,249.8521,0.4002,0.000274,Healthy
513,36.1106,0.9992,1.8007,0.9997,247.6568,0.4038,0.0,Healthy
514,35.7765,0.9998,1.7994,1.0008,247.6681,0.4038,0.000193,Healthy
515,34.4726,1.0002,1.7994,1.0,248.5364,0.4024,0.00042,Healthy
516,36.7622,1.0001,1.7994,1.0002,248.6605,0.4022,0.000336,Healthy
517,37.2502,1.0006,1.7988,0.9999,248.19,0.4029,0.00028,Healthy
518,36.2929,0.9976,1.7983,0.9993,248.9823,0.4016,0.0,Healthy
519,36.2454,0.9997,1.7993,0.9988,250.0605,0.3999,0.000497,Healthy
520,35.5492,0.9989,1.8,0.9992,249.1085,0.4014,0.000314,Healthy
521,34.4103,1.0008,1.7996,0.9992,249.1471,0.4014,0.000159,Healthy
522,34.5546,1.001,1.7995,1.0,249.9782,0.4,0.0,Healthy
523,36.3202,0.9992,1.8003,0.9975,249.1362,0.4014,4.6e-05,Healthy
524,36.289,0.9999,1.7988,0.9989,249.1255,0.4014,0.0,Healthy
525,36.6186,0.9991,1.7966,0.9992,248.3817,0.4026,0.0,Healthy
526,34.9569,0.9996,1.8008,0.9999,248.7258,0.402,0.000259,Healthy
527,35.5813,0.9988,1.7983,0.9978,248.8976,0.4018,0.0002,Healthy
528,35.8731,0.9991,1.7985,1.0002,248.1543,0.403,0.000324,Healthy
529,35.1504,0.9987,1.798,0.9991,249.9867,0.4,0.000272,Healthy
530,36.7367,1.0,1.7984,0.9992,248.5808,0.4023,0.000435,Healthy
531,34.9984,1.0004,1.8004,1.0014,248.8758,0.4018,0.000312,Healthy
532,37.7829,0.9989,1.7979,0.9977,249.7722,0.4004,0.0,Healthy
533,35.6615,0.9999,1.7997,1.0,249.3783,0.401,0.000426,Healthy
534,35.1993,0.9988,1.7987,1.0004,249.9193,0.4001,0.00026,Healthy
535,36.9098,0.9983,1.8011,1.0011,249.786,0.4003,0.000527,Healthy
536,34.6395,0.9989,1.7987,1.0003,248.3559,0.4026,0.000322,Healthy
537,37.063,1.0002,1.7997,0.9986,248.517,0.4024,0.000421,Healthy
538,36.5919,0.9994,1.799,0.9975,248.3363,0.4027,0.000554,Healthy
539,34.9458,0.9997,1.8005,0.9983,249.3393,0.4011,0.000359,Healthy
540,35.982,1.0023,1.7978,1.0006,249.0518,0.4015,0.000326,Healthy
541,36.3268,0.9987,1.7997,0.9977,249.6711,0.4005,0.000232,Healthy
542,36.4865,1.0005,1.7998,0.9997,248.4821,0.4024,3e-05,Healthy
543,36.9268,1.0009,1.7992,0.9996,248.4618,0.4025,0.000407,Healthy
544,36.5115,1.0014,1.7986,0.9992,249.3692,0.401,0.000302,Healthy
545,35.8085,0.9986,1.8003,1.0003,248.4495,0.4025,0.000445,Healthy
546,36.919,0.9996,1.7995,1.0001,248.4916,0.4024,0.00018,Healthy
547,34.2627,1.0003,1.7979,1.0011,248.9154,0.4017,0.000132,Healthy
548,35.4842,0.9992,1.8009,0.9971,250.1996,0.3997,0.000242,Healthy
549,35.0226,0.9984,1.8011,0.9986,248.2538,0.4028,0.000402,Healthy
550,36.2608,0.9985,1.7997,0.9985,250.0557,0.3999,0.000387,Healthy
551,36.4174,0.9998,1.8012,0.9996,248.228,0.4029,0.000265,Healthy
552,37.6624,0.9984,1.7991,1.0,249.1289,0.4014,0.0,Healthy
553,36.8929,1.0018,1.7996,0.9987,247.9313,0.4033,0.000227,Healthy
554,36.8803,0.9999,1.7994,0.999,248.2953,0.4027,0.000343,Healthy
555,36.73,0.9979,1.801,1.0001,250.2872,0.3995,0.0,Healthy
556,34.9081,0.9993,1.7999,1.0014,249.7309,0.4004,0.000128,Healthy
557,35.1815,1.0007,1.7985,1.0012,248.937,0.4017,0.000495,Healthy
558,36.5475,0.9993,1.7989,0.9992,249.5057,0.4008,0.000193,Healthy
559,35.5312,0.9993,1.7995,0.9974,249.528,0.4008,0.0,Healthy
560,35.0853,0.9978,1.7976,0.9982,248.5928,0.4023,0.000569,Healthy
561,35.5891,0.9996,1.7998,0.9997,249.0965,0.4015,0.0,Healthy
562,37.1723,1.0012,1.7978,0.9985,248.9332,0.4017,0.0,Healthy
563,36.4182,0.9987,1.8016,1.0007,249.3256,0.4011,0.000384,Healthy
564,36.8999,0.9989,1.7986,0.9996,249.8433,0.4003,0.000207,Healthy
565,34.7554,0.9986,1.7994,0.9995,250.7305,0.3988,0.0,Healthy
566,36.4233,1.0009,1.8017,0.9991,249.5441,0.4007,0.000294,Healthy
567,36.177,0.9993,1.7999,0.997,249.6952,0.4005,0.000205,Healthy
568,35.8444,1.0015,1.7988,0.9991,250.7412,0.3988,1.4e-05,Healthy
569,35.5841,0.9993,1.8003,0.9998,248.1124,0.403,7.4e-05,Healthy
570,35.5401,0.9994,1.7999,1.0,247.7242,0.4037,0.000394,Healthy
571,36.2299,1.0008,1.7999,1.0006,249.5167,0.4008,0.000451,Healthy
572,36.4474,0.9993,1.8017,1.0004,249.601,0.4006,0.0,Healthy
573,35.0008,0.9997,1.7996,0.9989,249.2533,0.4012,0.0005,Healthy
574,36.5895,0.9983,1.7993,0.9987,248.8288,0.4019,9.9e-05,Healthy
575,35.6529,0.9982,1.7993,0.999,246.7939,0.4052,0.000593,Healthy
576,36.9078,0.999,1.7994,0.9984,250.4926,0.3992,0.000562,Healthy
577,36.164,1.0004,1.7996,0.9982,248.805,0.4019,0.000209,Healthy
578,35.6768,0.9992,1.7993,0.9995,249.1748,0.4013,0.0,Healthy
579,35.4686,0.9981,1.8004,0.9974,250.0544,0.3999,0.000461,Healthy
580,35.8023,0.9968,1.7991,0.9995,248.3215,0.4027,8.1e-05,Healthy
581,37.27,1.0001,1.7985,0.9979,248.8669,0.4018,0.000142,Healthy
582,36.4446,0.9989,1.7999,1.0015,249.7794,0.4004,0.000175,Healthy
583,35.9029,0.9991,1.8006,0.9989,249.1617,0.4013,0.000195,Healthy
584,35.6498,0.998,1.7997,0.9995,249.5242,0.4008,7.8e-05,Healthy
585,37.0297,0.9985,1.8011,0.9978,249.4703,0.4008,0.000281,Healthy
586,35.4184,0.9998,1.8007,0.9973,249.5232,0.4008,0.0,Healthy
587,35.2841,1.001,1.7988,0.9984,248.9611,0.4017,0.0006,Healthy
588,34.5931,0.9984,1.8009,1.0014,249.0353,0.4015,0.0,Healthy
589,37.7369,1.001,1.8001,0.9987,249.0773,0.4015,0.000155,Healthy
590,36.3267,1.0009,1.8003,0.9985,250.2162,0.3997,0.00025,Healthy
591,36.6135,1.0009,1.7983,0.9995,248.6883,0.4021,0.0,Healthy
592,36.343,1.0019,1.7976,0.9995,249.6244,0.4006,0.000212,Healthy
593,35.9769,0.9981,1.7996,0.9988,247.3586,0.4043,0.000427,Healthy
594,36.8359,0.9995,1.7996,1.0006,249.2885,0.4011,0.000369,Healthy
595,35.833,1.0007,1.7997,0.9997,248.0915,0.4031,0.000246,Healthy
596,35.4072,0.9988,1.7986,0.9985,250.8058,0.3987,0.000455,Healthy
597,37.6109,0.9982,1.7995,0.9982,248.5479,0.4023,5e-06,Healthy
598,37.0681,0.999,1.8005,1.0001,250.9459,0.3985,0.0,Healthy
599,37.0856,1.0005,1.7984,1.0005,249.3704,0.401,0.000144,Healthy
600,35.4209,0.9987,1.8014,0.9995,249.7257,0.4004,3.2e-05,Healthy
601,35.4579,1.0005,1.798,0.9991,249.1257,0.4014,0.000213,Healthy
602,35.9403,0.9998,1.8001,1.0003,248.3084,0.4027,0.000134,Healthy
603,37.0412,1.0003,1.798,0.9999,247.5129,0.404,0.0002,Healthy
604,37.6054,0.9984,1.7986,1.0003,247.8598,0.4035,6.5e-05,Healthy
605,36.5662,0.9988,1.7992,1.0003,249.4297,0.4009,0.000245,Healthy
606,35.8195,0.9998,1.7993,1.0,248.6935,0.4021,0.000155,Healthy
607,35.3006,0.9994,1.7986,0.9984,249.2964,0.4011,0.000235,Healthy
608,36.7207,0.999,1.7998,1.0001,249.4438,0.4009,2.7e-05,Healthy
609,36.2157,0.9998,1.7994,0.9974,249.2149,0.4013,0.000635,Healthy
610,35.81,0.9987,1.7998,0.9998,250.0392,0.3999,0.0,Healthy
611,36.6849,1.0,1.7992,0.9998,249.9071,0.4001,0.000368,Healthy
612,35.1872,1.0002,1.7993,0.9996,249.1406,0.4014,0.000164,Healthy
613,37.0568,0.9993,1.7983,0.9991,249.2235,0.4012,0.00044,Healthy
614,36.5877,0.9985,1.8019,0.9998,250.0993,0.3998,0.000164,Healthy
615,36.5337,1.0002,1.8006,1.0006,249.7753,0.4004,0.000131,Healthy
616,35.6514,0.9997,1.8003,0.9993,249.9281,0.4001,0.000485,Healthy
617,35.3775,0.9985,1.7992,0.9998,248.6548,0.4022,0.000466,Healthy
618,36.4517,0.9994,1.7979,0.9982,249.2978,0.4011,0.0,Healthy
619,36.9243,0.9992,1.8026,1.0018,248.9263,0.4017,0.000174,Healthy
620,36.9125,1.0011,1.7977,0.9977,248.5724,0.4023,0.000313,Healthy
621,36.5153,1.0004,1.7982,0.9972,249.7549,0.4004,3.1e-05,Healthy
622,34.5048,0.9995,1.8002,0.9994,248.7007,0.4021,0.000165,Healthy
623,35.8249,0.998,1.7987,1.0,249.3228,0.4011,0.000231,Healthy
624,35.3271,0.9992,1.7972,0.9997,250.2071,0.3997,0.0,Healthy
625,35.6563,0.9997,1.8006,0.9991,248.5087,0.4024,0.0,Healthy
626,36.2096,1.0014,1.7997,0.9995,249.3187,0.4011,0.000196,Healthy
627,35.4782,1.0002,1.7996,0.9995,248.2792,0.4028,0.000459,Healthy
628,36.6622,0.9988,1.8004,0.999,248.4324,0.4025,4.6e-05,Healthy
629,34.7153,0.9998,1.7975,0.9983,247.396,0.4042,0.000181,Healthy
630,36.0137,0.999,1.7983,0.9983,249.4265,0.4009,8.9e-05,Healthy
631,36.3889,0.9985,1.7996,1.0008,249.5224,0.4008,0.000117,Healthy
632,36.3434,0.9991,1.7994,0.9992,248.9205,0.4017,0.000242,Healthy
633,35.3447,0.9984,1.798,0.9979,248.0767,0.4031,0.000232,Healthy
634,35.427,0.9999,1.7994,0.9975,249.573,0.4007,0.000362,Healthy
635,35.3479,0.9998,1.7985,0.9996,248.0359,0.4032,0.0,Healthy
636,35.8385,0.9992,1.799,0.9983,248.7261,0.402,0.000255,Healthy
637,36.1107,0.9995,1.7987,1.0007,248.1036,0.4031,0.000299,Healthy
638,37.0939,0.9998,1.7992,0.999,249.8719,0.4002,0.0,Healthy
639,35.3741,0.999,1.8006,0.9999,248.2671,0.4028,0.00014,Healthy
640,35.6605,0.9987,1.8003,0.9981,250.327,0.3995,0.000368,Healthy
641,37.0265,0.9989,1.7992,0.9981,248.6188,0.4022,0.000301,Healthy
642,37.1925,0.9983,1.799,0.9993,247.9204,0.4034,0.000321,Healthy
643,35.5782,0.9992,1.7989,0.9987,249.0299,0.4016,0.00016,Healthy
644,35.8617,0.9986,1.7997,1.0011,249.1459,0.4014,0.000402,Healthy
645,35.0488,0.9995,1.7983,0.998,248.441,0.4025,0.000442,Healthy
646,36.9228,0.9996,1.7978,0.9993,249.2724,0.4012,0.000239,Healthy
647,34.6896,0.9985,1.7993,1.0,247.2726,0.4044,0.000172,Healthy
648,36.2808,1.0002,1.8,1.0001,248.388,0.4026,0.0,Healthy
649,35.8538,1.0004,1.8007,1.0002,249.37,0.401,0.000281,Healthy
650,35.7251,0.9992,1.801,0.9985,250.3168,0.3995,0.000141,Healthy
651,37.2321,0.9979,1.7999,0.9987,247.8913,0.4034,0.000249,Healthy
652,36.9812,0.9985,1.7978,0.9994,248.9521,0.4017,0.000315,Healthy
653,36.9351,0.9993,1.8012,0.9997,248.7434,0.402,0.0,Healthy
654,35.9671,0.999,1.8003,0.9999,248.0755,0.4031,0.000241,Healthy
655,36.7162,1.0009,1.8002,1.0002,249.0656,0.4015,0.000284,Healthy
656,37.1804,0.998,1.799,0.9987,249.3193,0.4011,0.000453,Healthy
657,35.705,0.997,1.7989,1.0004,249.4446,0.4009,0.000293,Healthy
658,35.9604,0.9981,1.7999,0.9986,250.7603,0.3988,0.000322,Healthy
659,35.7217,0.9987,1.7992,0.9992,249.905,0.4002,0.000245,Healthy
660,35.6027,1.0012,1.7994,1.0002,248.5234,0.4024,0.000281,Healthy
661,36.4387,0.9974,1.8014,1.0008,248.6907,0.4021,0.0,Healthy
662,36.4696,0.9994,1.7997,0.9997,249.412,0.4009,0.000498,Healthy
663,36.6479,0.9983,1.8007,1.0011,251.5271,0.3976,0.0,Healthy
664,36.3895,0.9973,1.7999,0.9989,250.5428,0.3991,5.4e-05,Healthy
665,34.8457,0.9989,1.7974,1.0002,247.3504,0.4043,0.000215,Healthy
666,34.5366,0.999,1.801,0.9998,248.3102,0.4027,0.000204,Healthy
667,36.215,0.9998,1.798,1.0001,246.836,0.4051,8.4e-05,Healthy
668,35.8118,1.0,1.7994,0.9981,248.21,0.4029,0.00025,Healthy
669,36.1409,0.9988,1.7989,1.0002,248.5823,0.4023,0.000193,Healthy
670,37.9419,0.9979,1.7975,1.0002,248.4521,0.4025,0.000147,Healthy
671,35.5829,0.9991,1.8009,1.0003,249.6833,0.4005,0.0,Healthy
672,35.2887,0.9965,1.7985,1.0004,249.4056,0.401,0.000167,Healthy
673,36.1936,0.9986,1.7995,1.0002,247.6978,0.4037,0.000272,Healthy
674,36.9591,0.9989,1.8,1.0023,248.9055,0.4018,0.000291,Healthy
675,35.6246,0.9995,1.7998,0.9997,248.1717,0.4029,0.000254,Healthy
676,37.3866,0.9998,1.8003,0.9992,249.5859,0.4007,0.000269,Healthy
677,35.4579,0.9996,1.7983,0.9988,249.136,0.4014,0.000273,Healthy
678,35.269,1.0004,1.7999,0.9988,247.7529,0.4036,0.000184,Healthy
679,35.8654,0.9994,1.799,0.9974,248.6708,0.4021,0.000153,Healthy
680,36.7309,0.9986,1.801,0.9975,250.0289,0.4,0.000169,Healthy
681,36.9135,0.9994,1.8005,0.9991,248.0996,0.4031,0.000498,Healthy
682,36.1368,0.9995,1.8006,0.9984,249.4534,0.4009,9.7e-05,Healthy
683,36.1237,0.9994,1.7978,0.9987,250.0564,0.3999,0.000392,Healthy
684,36.1811,0.9996,1.799,1.0008,248.8137,0.4019,0.000262,Healthy
685,37.1498,0.9985,1.8009,0.9979,250.2762,0.3996,0.000141,Healthy
686,36.0406,0.9974,1.7989,0.9984,248.4849,0.4024,0.000188,Healthy
687,37.0028,0.9995,1.7996,0.9984,248.2649,0.4028,0.000576,Healthy
688,35.6502,1.001,1.7991,0.9995,249.8243,0.4003,0.000471,Healthy
689,36.1515,0.9989,1.7993,0.9998,249.6795,0.4005,0.000218,Healthy
690,36.7371,1.0009,1.7997,0.9998,247.7499,0.4036,0.0,Healthy
691,36.5545,0.9992,1.7988,0.9997,248.9152,0.4017,0.000443,Healthy
692,36.3145,0.9986,1.8003,0.9992,249.3832,0.401,0.000122,Healthy
693,35.7275,0.9994,1.7993,0.9999,248.7456,0.402,0.0,Healthy
694,35.903,1.0001,1.799,0.9992,249.7481,0.4004,7.6e-05,Healthy
695,35.0168,0.9991,1.7988,0.9985,248.8172,0.4019,0.000317,Healthy
696,36.2454,0.9996,1.8011,0.9991,249.1787,0.4013,0.000117,Healthy
697,35.5775,0.9987,1.7988,0.9998,250.8338,0.3987,7.6e-05,Healthy
698,35.9231,0.9992,1.7997,0.9997,249.9803,0.4,0.0,Healthy
699,34.3487,0.9988,1.8004,0.9979,246.5454,0.4056,0.000334,Healthy
700,36.4549,0.9982,1.7983,0.9985,249.0384,0.4015,9.5e-05,Healthy
701,36.6571,0.9964,1.7984,0.9983,248.7434,0.402,0.000113,Healthy
702,36.9019,0.9974,1.7993,1.0,250.4323,0.3993,0.000124,Healthy
703,36.525,0.9975,1.7969,1.0003,248.9411,0.4017,0.000457,Healthy
704,35.1685,0.9998,1.8012,0.9999,249.1653,0.4013,0.000223,Healthy
705,35.0123,1.0007,1.7987,0.9999,247.6921,0.4037,0.0,Healthy
706,37.4189,0.9989,1.8007,0.9994,247.4675,0.4041,0.0004,Healthy
707,35.8007,1.0,1.7993,0.9979,249.0709,0.4015,0.000661,Healthy
708,36.6688,0.9992,1.8004,0.9996,249.1056,0.4014,4e-06,Healthy
709,36.4633,1.0003,1.7985,1.0009,248.8631,0.4018,4.5e-05,Healthy
710,37.0761,0.999,1.8,0.9991,248.8871,0.4018,0.000322,Healthy
711,36.5125,0.9973,1.7982,1.0004,248.8278,0.4019,0.000119,Healthy
712,35.1947,0.9982,1.7973,0.9993,248.4532,0.4025,3e-05,Healthy
713,36.2289,0.9997,1.8014,0.9979,249.858,0.4002,0.000419,Healthy
714,35.6619,0.9995,1.7988,0.9996,250.1363,0.3998,0.000345,Healthy
715,36.6939,0.9989,1.7978,0.9992,249.8928,0.4002,0.0,Healthy
716,35.4447,0.9994,1.7983,0.9986,248.5871,0.4023,0.0,Healthy
717,35.5113,1.0,1.798,0.9978,248.4205,0.4025,0.000371,Healthy
718,36.1349,0.9988,1.7993,0.9977,249.3188,0.4011,0.000302,Healthy
719,35.9668,1.0003,1.7982,1.0006,249.0451,0.4015,0.000158,Healthy
720,36.2801,0.9992,1.8005,0.9983,248.31,0.4027,0.000433,Healthy
721,35.8214,1.0002,1.801,0.999,249.4636,0.4009,0.0,Healthy
722,36.9034,0.9995,1.7998,0.9988,247.5881,0.4039,0.000327,Healthy
723,34.6507,0.999,1.8002,0.9996,250.4742,0.3992,0.000432,Healthy
724,35.7801,0.9993,1.7992,0.9978,248.1617,0.403,0.000115,Healthy
725,34.676,0.9993,1.799,0.9977,249.2359,0.4012,0.000371,Healthy
726,36.4884,0.9989,1.7999,1.0001,249.1569,0.4014,6.3e-05,Healthy
727,36.5299,1.0005,1.7987,1.0015,248.489,0.4024,0.000235,Healthy
728,35.7724,0.9995,1.7975,0.9989,248.0343,0.4032,0.000255,Healthy
729,37.1078,0.9999,1.7969,1.0015,249.1427,0.4014,7.3e-05,Healthy
730,36.4397,0.9994,1.7986,0.9996,248.419,0.4025,0.000148,Healthy
731,35.7668,0.9978,1.7994,1.0,249.3154,0.4011,0.000393,Healthy
732,36.5771,0.9987,1.8001,0.9981,248.1815,0.4029,3.7e-05,Healthy
733,37.1834,1.0002,1.7998,1.0005,248.1971,0.4029,0.0003,Healthy
734,36.2211,1.0001,1.7992,0.999,249.3317,0.4011,0.000405,Healthy
735,35.7883,0.9992,1.7982,0.9969,249.0579,0.4015,0.000352,Healthy
736,36.5345,0.9973,1.7989,0.9972,249.9918,0.4,1.4e-05,Healthy
737,37.3309,1.0002,1.7984,0.9983,249.1748,0.4013,6.2e-05,Healthy
738,36.4104,0.9988,1.7975,0.9972,249.0743,0.4015,0.000119,Healthy
739,35.8877,1.0,1.8004,0.9991,248.619,0.4022,0.000332,Healthy
740,35.2465,0.9995,1.7998,1.0001,247.3406,0.4043,8e-05,Healthy
741,35.6312,0.9994,1.7997,1.0009,248.4925,0.4024,0.000133,Healthy
742,37.2553,0.9996,1.8005,0.9997,247.9613,0.4033,0.0,Healthy
743,35.0962,0.9999,1.8004,1.0013,249.56,0.4007,0.000465,Healthy
744,35.8752,0.9981,1.8001,0.9998,248.97,0.4017,0.000311,Healthy
745,36.5995,1.0005,1.8005,0.9999,249.5591,0.4007,0.000336,Healthy
746,35.9739,1.0,1.7979,1.0005,247.9254,0.4033,0.000291,Healthy
747,35.6685,0.9998,1.7992,0.9978,249.2161,0.4013,0.000119,Healthy
748,37.0513,0.9993,1.7996,0.9984,248.4065,0.4026,0.000143,Healthy
749,37.0336,1.0009,1.7984,1.0005,247.1408,0.4046,0.0,Healthy
750,35.583,0.9979,1.7977,0.9998,248.7037,0.4021,0.000311,Healthy
751,36.9042,0.9995,1.7999,0.9993,247.9239,0.4033,0.000447,Healthy
752,35.8823,0.9983,1.7991,0.9985,248.5381,0.4024,0.000304,Healthy
753,36.6341,0.9983,1.7988,1.0005,249.2676,0.4012,0.000651,Healthy
754,37.3013,1.0004,1.7979,1.0002,248.8265,0.4019,0.000126,Healthy
755,36.4934,1.0002,1.7997,0.9985,249.4615,0.4009,0.000109,Healthy
756,36.5341,0.9989,1.799,1.0002,248.0338,0.4032,0.000626,Healthy
757,34.9057,0.9986,1.7996,1.0,248.7841,0.402,0.000226,Healthy
758,36.6928,0.999,1.8006,1.0002,249.5613,0.4007,4.4e-05,Healthy
759,36.3027,0.9989,1.7982,0.9998,248.4314,0.4025,0.000369,Healthy
760,35.5118,1.001,1.7983,0.9996,249.4935,0.4008,0.000124,Healthy
761,37.0518,0.998,1.8007,0.9994,248.3814,0.4026,0.000178,Healthy
762,37.0187,0.9987,1.7985,0.9992,247.9154,0.4034,0.000603,Healthy
763,35.9203,1.0001,1.7994,0.9984,248.8507,0.4018,0.000396,Healthy
764,36.2246,1.0004,1.8003,1.0003,248.4863,0.4024,2.3e-05,Healthy
765,35.8861,0.9994,1.7998,0.9972,248.846,0.4019,0.000271,Healthy
766,36.1568,1.0005,1.7997,1.0007,248.6782,0.4021,0.000427,Healthy
767,37.6887,1.0005,1.7981,0.9991,248.5734,0.4023,0.000338,Healthy
768,36.9315,0.9984,1.7993,0.9974,250.0016,0.4,0.000138,Healthy
769,36.4289,0.9989,1.8004,0.9965,248.8332,0.4019,0.00022,Healthy
770,36.0231,1.001,1.7983,1.0002,249.13,0.4014,0.000493,Healthy
771,35.854,0.9985,1.8003,0.9998,247.6076,0.4039,0.000133,Healthy
772,36.6987,1.0001,1.7985,0.9965,249.2606,0.4012,0.0,Healthy
773,34.7775,0.9964,1.8,0.9995,248.66,0.4022,0.00052,Healthy
774,36.9031,1.0008,1.7978,0.9993,247.5456,0.404,0.000196,Healthy
775,36.1961,0.9999,1.7993,1.0,249.4003,0.401,0.000673,Healthy
776,36.1446,0.9983,1.7995,0.9986,250.0216,0.4,0.000186,Healthy
777,35.9461,0.9988,1.7999,0.9992,248.3212,0.4027,0.000576,Healthy
778,35.7155,0.9993,1.7999,0.9977,249.2172,0.4013,3.2e-05,Healthy
779,37.0604,0.9983,1.7999,1.0005,249.5206,0.4008,0.000294,Healthy
780,36.219,0.9986,1.8007,0.9987,248.0003,0.4032,0.000377,Healthy
781,35.7689,0.9983,1.7978,0.9989,248.7623,0.402,0.000293,Healthy
782,37.1686,0.9997,1.799,0.9992,249.2351,0.4012,0.000499,Healthy
783,36.5105,0.9987,1.7982,0.9979,249.3585,0.401,0.00036,Healthy
784,36.8731,0.9991,1.8006,0.9989,249.5882,0.4007,0.000237,Healthy
785,35.9263,0.9998,1.7996,0.9997,248.8875,0.4018,0.000238,Healthy
786,38.3255,1.0004,1.7999,0.9995,249.6267,0.4006,0.000349,Healthy
787,36.4376,0.9989,1.7991,0.9962,248.988,0.4016,0.000148,Healthy
788,37.6925,0.9992,1.798,0.9993,247.9811,0.4033,0.000341,Healthy
789,36.653,1.0002,1.7984,0.9994,247.7245,0.4037,0.000387,Healthy
790,36.8371,0.9997,1.7992,0.9998,250.0985,0.3998,0.00019,Healthy
791,36.5347,0.9981,1.7983,0.9995,249.6966,0.4005,0.000196,Healthy
792,36.2369,0.9988,1.7987,0.9997,247.6142,0.4039,0.000504,Healthy
793,35.8951,0.9999,1.7979,1.0,249.3481,0.401,0.000325,Healthy
794,35.6337,0.9995,1.798,0.9991,249.6325,0.4006,0.000408,Healthy
795,36.4431,0.9982,1.7999,0.9994,246.9512,0.4049,0.000405,Healthy
796,36.4134,1.0004,1.7981,0.9962,249.0293,0.4016,0.000307,Healthy
797,35.0821,0.9982,1.802,0.9991,249.3893,0.401,0.000119,Healthy
798,34.7642,0.999,1.7989,0.999,248.7113,0.4021,0.000302,Healthy
799,36.3181,0.9979,1.7997,0.9974,247.1612,0.4046,0.000398,Healthy
800,36.8456,0.9991,1.7978,0.9987,248.5898,0.4023,0.0,Healthy
801,35.8506,0.9999,1.8006,0.9989,249.4037,0.401,0.0,Healthy
802,36.9712,0.9984,1.7995,0.9991,249.8533,0.4002,7.6e-05,Healthy
803,36.9475,0.9989,1.799,0.9992,248.119,0.403,0.000248,Healthy
804,36.3971,0.9994,1.7993,1.0002,249.5328,0.4007,4.1e-05,Healthy
805,37.144,0.998,1.7998,1.0,247.2634,0.4044,0.00027,Healthy
806,36.076,0.9984,1.8005,0.9987,248.1459,0.403,0.000267,Healthy
807,37.0011,0.9991,1.8004,0.9999,247.0469,0.4048,0.000146,Healthy
808,36.0049,0.9997,1.7966,1.0019,249.2128,0.4013,0.000282,Healthy
809,37.4015,1.0015,1.8001,1.0003,248.8911,0.4018,0.000224,Healthy
810,36.0774,0.9984,1.7985,0.998,248.7243,0.4021,0.0,Healthy
811,36.6125,0.9992,1.7993,0.9988,251.245,0.398,0.000525,Healthy
812,35.466,0.9994,1.7986,0.9983,247.7099,0.4037,0.00034,Healthy
813,35.9183,1.0002,1.8002,1.0007,248.0986,0.4031,0.000349,Healthy
814,36.9712,0.9987,1.7984,1.001,248.961,0.4017,0.000381,Healthy
815,35.8093,0.998,1.7986,0.9992,247.9261,0.4033,0.000253,Healthy
816,35.118,0.9981,1.7999,1.0,248.4625,0.4025,5.1e-05,Healthy
817,35.6487,0.9988,1.7998,1.0003,248.3773,0.4026,2.4e-05,Healthy
818,36.6867,0.9984,1.7987,1.0007,249.4347,0.4009,0.000287,Healthy
819,35.4567,0.9994,1.8002,0.999,249.8524,0.4002,0.000514,Healthy
820,37.807,0.9995,1.7998,1.0008,249.1279,0.4014,0.000156,Healthy
821,36.119,0.9994,1.7979,0.9992,249.6457,0.4006,0.0,Healthy
822,37.7072,1.0003,1.7987,0.9999,248.7695,0.402,0.000503,Healthy
823,37.2675,0.9978,1.7998,0.9991,248.8318,0.4019,0.000111,Healthy
824,37.8817,1.0002,1.7984,0.998,248.4555,0.4025,0.000344,Healthy
825,36.6772,1.0004,1.8,1.0003,249.024,0.4016,0.0,Healthy
826,36.3302,1.0002,1.7991,0.9998,248.506,0.4024,5.2e-05,Healthy
827,36.3899,0.9995,1.7985,0.9991,248.0079,0.4032,0.000482,Healthy
828,36.2548,1.0006,1.8007,0.9993,247.9512,0.4033,0.0,Healthy
829,35.3146,0.9978,1.8005,0.9995,249.0682,0.4015,0.0,Healthy
830,35.5356,1.0001,1.7995,0.9992,249.2069,0.4013,0.000586,Healthy
831,36.319,0.9992,1.7994,1.0017,247.074,0.4047,0.000396,Healthy
832,36.4058,0.9997,1.7985,0.9993,249.3211,0.4011,0.000882,Healthy
833,37.1458,0.9983,1.7987,0.9989,247.314,0.4043,0.000194,Healthy
834,37.0875,0.9979,1.8002,0.9998,248.1616,0.403,0.000232,Healthy
835,37.7817,0.9999,1.7992,0.9991,248.8088,0.4019,0.000158,Healthy
836,34.821,1.0012,1.7993,0.9997,248.6997,0.4021,0.000114,Healthy
837,36.3579,0.9976,1.8014,0.9981,247.9189,0.4034,0.000173,Healthy
838,37.5389,0.9992,1.7979,1.0006,249.3278,0.4011,0.000369,Healthy
839,37.0828,1.0016,1.8013,0.9986,250.0406,0.3999,0.000338,Healthy
840,36.9113,0.9975,1.799,0.9985,249.4024,0.401,0.000476,Healthy
841,34.8542,0.9991,1.8003,0.9991,249.3218,0.4011,0.000333,Healthy
842,36.7889,0.9989,1.7979,0.9982,249.3045,0.4011,0.000266,Healthy
843,36.4066,0.9987,1.7989,1.0004,248.4673,0.4025,0.0,Healthy
844,37.1141,0.999,1.7992,1.0009,248.7176,0.4021,0.000321,Healthy
845,35.5779,0.9989,1.7998,0.9978,248.8932,0.4018,0.000284,Healthy
846,36.5558,1.0002,1.7995,1.0008,247.9361,0.4033,0.000291,Healthy
847,36.5922,0.9981,1.8001,1.0016,248.7159,0.4021,0.000365,Healthy
848,36.594,0.9984,1.7973,0.9986,247.6144,0.4039,0.000605,Healthy
849,36.4361,0.9988,1.8,0.9982,248.113,0.403,0.000278,Healthy
850,37.353,0.9997,1.7994,0.9994,249.0452,0.4015,0.000305,Healthy
851,35.7078,0.9992,1.7981,0.9994,248.339,0.4027,0.000773,Healthy
852,36.5017,0.9977,1.799,0.9998,250.0607,0.3999,0.000148,Healthy
853,35.2695,1.0,1.7978,0.9989,248.5144,0.4024,0.000252,Healthy
854,37.0885,0.9985,1.7989,0.9993,248.8387,0.4019,0.000286,Healthy
855,36.8878,1.0,1.7995,0.9998,247.4517,0.4041,0.000277,Healthy
856,36.9244,0.9999,1.7985,0.9987,248.2567,0.4028,0.000374,Healthy
857,37.3697,0.9987,1.8001,0.9994,248.6151,0.4022,0.000225,Healthy
858,37.1417,0.9995,1.8014,0.9985,249.1275,0.4014,0.000162,Healthy
859,35.8508,0.9991,1.7993,1.0022,248.5642,0.4023,4.2e-05,Healthy
860,36.7664,0.9971,1.799,0.9993,249.3457,0.401,0.000463,Healthy
861,36.1469,0.999,1.7984,0.9982,248.9564,0.4017,1.4e-05,Healthy
862,36.2199,0.9981,1.7997,1.0011,247.6657,0.4038,0.0,Healthy
863,36.4535,0.9992,1.7994,0.9989,248.545,0.4023,0.000342,Healthy
864,37.3875,0.9972,1.7988,0.9995,247.9696,0.4033,0.000615,Healthy
865,36.0487,0.9991,1.7997,0.9987,247.2252,0.4045,0.000184,Healthy
866,37.3824,0.9988,1.7983,1.0002,248.4364,0.4025,0.000168,Healthy
867,36.6802,0.9999,1.8015,1.0001,249.6274,0.4006,0.000169,Healthy
868,35.7417,0.9992,1.7992,0.9982,248.5578,0.4023,0.00035,Healthy
869,36.8525,0.9996,1.7994,0.9988,248.2854,0.4028,3.1e-05,Healthy
870,37.9938,0.9991,1.7989,0.9984,251.0435,0.3983,5.6e-05,Healthy
871,36.2247,0.9995,1.7997,1.0003,250.1396,0.3998,0.000373,Healthy
872,35.7248,0.9989,1.7994,1.0014,247.5738,0.4039,0.000512,Healthy
873,36.7153,1.0,1.799,0.9985,249.2912,0.4011,0.000403,Healthy
874,37.3508,0.9991,1.7985,0.9977,249.3445,0.4011,0.000357,Healthy
875,35.8024,0.9986,1.7987,0.9978,248.0334,0.4032,4.6e-05,Healthy
876,36.2468,0.9984,1.7975,1.0013,249.688,0.4005,0.000117,Healthy
877,36.7965,0.9995,1.8003,0.9985,249.5582,0.4007,0.000164,Healthy
878,35.5117,0.9998,1.8004,1.0019,247.7232,0.4037,0.000413,Healthy
879,36.2544,0.9999,1.7977,0.998,248.0608,0.4031,0.000289,Healthy
880,36.0711,0.9998,1.8001,0.9999,249.975,0.4,0.000357,Healthy
881,35.6123,1.0005,1.7985,1.0002,249.9375,0.4001,0.000366,Healthy
882,35.3907,0.9982,1.8004,0.9991,248.7407,0.402,0.000426,Healthy
883,37.1465,0.9994,1.7989,0.999,249.3618,0.401,0.000386,Healthy
884,36.3854,1.0002,1.799,0.9984,248.0668,0.4031,7.9e-05,Healthy
885,36.3751,1.0003,1.7983,0.9995,248.1471,0.403,0.000223,Healthy
886,35.3868,0.9989,1.7989,0.9998,248.8496,0.4018,3.6e-05,Healthy
887,37.464,0.9993,1.7993,0.9993,248.2553,0.4028,0.00032,Healthy
888,36.9789,0.9974,1.7986,0.999,248.8729,0.4018,0.000515,Healthy
889,35.9828,0.9986,1.7986,0.9985,248.3888,0.4026,0.000431,Healthy
890,35.7589,0.9995,1.7974,0.9987,248.4014,0.4026,0.000612,Healthy
891,36.384,0.9969,1.7971,0.9993,249.1545,0.4014,0.000352,Healthy
892,36.7397,1.0003,1.7986,1.0002,247.3564,0.4043,9.7e-05,Healthy
893,35.1618,0.9988,1.7991,0.9994,248.71,0.4021,9.2e-05,Healthy
894,36.457,0.9976,1.8005,0.999,248.2679,0.4028,0.000596,Healthy
895,35.6172,0.998,1.798,0.9992,249.0028,0.4016,0.000426,Healthy
896,38.6704,0.9969,1.7997,0.9987,248.1869,0.4029,0.000155,Healthy
897,35.8876,1.0008,1.7999,0.9993,249.7353,0.4004,0.0,Healthy
898,35.5518,0.9969,1.7984,0.9994,248.7353,0.402,0.000309,Healthy
899,35.4894,0.9999,1.7993,1.0,247.1373,0.4046,0.000342,Healthy
900,35.6698,0.9987,1.7996,0.9994,247.9688,0.4033,0.000281,Healthy
901,35.3966,1.0002,1.7989,1.0004,248.2273,0.4029,0.000176,Healthy
902,36.0123,1.0,1.7984,0.9999,248.341,0.4027,0.0,Healthy
903,36.1691,0.9979,1.7991,0.9981,249.3863,0.401,0.000263,Healthy
904,36.4851,0.9998,1.8001,0.9993,248.027,0.4032,0.0,Healthy
905,36.0802,0.9985,1.7992,0.9989,249.1928,0.4013,0.000159,Healthy
906,36.5852,1.0003,1.7994,0.9992,248.1594,0.403,0.000155,Healthy
907,35.9521,0.9986,1.7998,0.9991,247.5597,0.4039,0.000636,Healthy
908,36.8904,0.9977,1.7987,0.9994,250.0017,0.4,6.1e-05,Healthy
909,37.417,1.0005,1.7985,0.999,247.8075,0.4035,0.000242,Healthy
910,36.6087,0.9997,1.8002,0.9985,247.0611,0.4048,0.000279,Healthy
911,36.8746,0.9993,1.7988,0.9994,249.8459,0.4002,0.00036,Healthy
912,36.3429,0.9986,1.7989,1.0009,248.4854,0.4024,0.00028,Healthy
913,36.2575,1.0002,1.801,0.9997,248.6967,0.4021,0.000291,Healthy
914,34.7378,0.9998,1.7992,0.9997,248.0598,0.4031,0.000207,Healthy
915,36.3182,1.0001,1.7987,1.0014,248.9722,0.4017,2.9e-05,Healthy
916,36.546,0.9984,1.7969,1.0009,249.1885,0.4013,0.000391,Healthy
917,36.7829,0.9977,1.7986,1.0001,247.7835,0.4036,0.0,Healthy
918,36.4707,0.9989,1.7992,1.0,249.1331,0.4014,0.000337,Healthy
919,37.6106,0.9976,1.7996,0.9999,247.6299,0.4038,0.0,Healthy
920,36.0592,0.9984,1.7998,0.9986,247.9349,0.4033,0.000164,Healthy
921,37.5527,0.9991,1.7989,0.9992,249.6521,0.4006,0.000136,Healthy
922,37.712,0.9993,1.7989,1.0018,247.7725,0.4036,0.000216,Healthy
923,35.6755,1.0,1.8008,1.0009,249.5947,0.4006,0.000247,Healthy
924,36.371,0.9974,1.8011,0.9997,248.2204,0.4029,0.000553,Healthy
925,35.8868,0.9995,1.7989,0.9999,248.5616,0.4023,0.0,Healthy
926,36.7273,1.0001,1.799,1.0,247.7746,0.4036,0.000283,Healthy
927,36.169,0.9998,1.7991,0.9999,249.4797,0.4008,0.000426,Healthy
928,36.8889,0.9981,1.7991,0.9987,248.3327,0.4027,0.000213,Healthy
929,35.8883,0.9971,1.7984,0.9995,247.528,0.404,0.000292,Healthy
930,38.1942,1.0001,1.8007,0.9996,249.539,0.4007,0.000144,Healthy
931,36.1603,0.9963,1.8003,1.0008,248.161,0.403,0.000239,Healthy
932,36.0745,0.9995,1.8002,0.9975,248.9296,0.4017,0.000234,Healthy
933,36.7701,0.9995,1.7989,0.9992,248.4294,0.4025,0.000484,Healthy
934,37.0162,0.9993,1.7978,0.9989,249.3179,0.4011,0.000298,Healthy
935,37.2106,1.0008,1.8001,0.9993,248.1887,0.4029,0.0,Healthy
936,36.5501,0.9987,1.7995,0.9991,248.3397,0.4027,0.0,Healthy
937,35.9346,0.9995,1.8008,0.9992,248.8567,0.4018,0.000482,Healthy
938,36.0397,0.9994,1.7983,1.0001,248.7141,0.4021,0.000351,Healthy
939,36.0641,0.9998,1.8011,0.9982,248.3197,0.4027,0.000338,Healthy
940,37.3211,0.9985,1.7962,1.0006,249.1984,0.4013,0.0,Healthy
941,36.2077,1.0006,1.8005,1.0002,248.4476,0.4025,0.000309,Healthy
942,36.5909,1.0002,1.7982,0.9984,249.3952,0.401,0.000284,Healthy
943,37.8002,0.9984,1.799,0.9983,248.5914,0.4023,0.0,Healthy
944,36.3091,0.9976,1.7997,1.0,247.1998,0.4045,0.00056,Healthy
945,38.6989,0.9991,1.7984,1.0021,247.5273,0.404,0.000298,Healthy
946,36.8465,1.0004,1.7994,0.9987,247.8201,0.4035,0.000225,Healthy
947,35.8991,0.9991,1.7985,0.9977,249.5836,0.4007,0.000195,Healthy
948,35.6919,0.9989,1.7991,0.9975,248.8433,0.4019,8.5e-05,Healthy
949,38.077,0.9996,1.7987,0.9985,248.4925,0.4024,0.000417,Healthy
950,36.6896,0.9988,1.7991,0.9986,248.3004,0.4027,0.0,Healthy
951,37.4908,0.9993,1.7983,1.0011,248.6431,0.4022,8.8e-05,Healthy
952,37.399,0.9994,1.7994,0.9988,248.9324,0.4017,0.000243,Healthy
953,37.1602,0.9971,1.7986,1.001,247.9568,0.4033,0.000175,Healthy
954,36.3588,0.9978,1.7968,0.999,248.6777,0.4021,0.000286,Healthy
955,36.6031,0.9991,1.8001,0.999,248.1082,0.403,0.00024,Healthy
956,37.1843,1.0005,1.7984,0.9993,248.8367,0.4019,9.8e-05,Healthy
957,36.7389,0.9976,1.7973,0.9996,248.2574,0.4028,0.000338,Healthy
958,36.7101,0.9981,1.799,0.998,249.6758,0.4005,2.6e-05,Healthy
959,36.5696,0.998,1.7996,0.9989,248.1466,0.403,0.000468,Healthy
960,36.7515,0.9996,1.7981,0.9978,248.6458,0.4022,0.000234,Healthy
961,37.2309,0.999,1.7992,0.9976,250.0692,0.3999,0.000265,Healthy
962,37.2897,0.9982,1.7993,0.9979,248.9187,0.4017,0.000227,Healthy
963,36.7568,0.9997,1.7978,0.9985,248.9214,0.4017,0.000719,Healthy
964,36.6247,0.9996,1.7989,1.0012,247.1562,0.4046,0.000318,Healthy
965,35.4366,0.9965,1.7993,0.9994,248.3246,0.4027,0.000278,Healthy
966,39.2174,0.9988,1.7995,0.9986,248.7872,0.4019,0.000252,Healthy
967,36.4122,1.0009,1.8002,0.9994,246.7061,0.4053,0.000228,Healthy
968,38.9048,0.9988,1.8001,1.0007,248.7232,0.4021,0.000132,Healthy
969,34.796,0.9997,1.7982,0.9994,247.5466,0.404,0.000248,Healthy
970,36.773,0.9993,1.7979,1.0004,248.0675,0.4031,0.0,Healthy
971,36.6606,0.9991,1.7992,1.0006,248.3543,0.4027,0.000277,Healthy
972,35.8671,0.9998,1.7992,0.9988,247.0183,0.4048,0.00059,Healthy
973,35.7693,0.9984,1.7994,0.998,247.3457,0.4043,0.0,Healthy
974,37.33,0.9985,1.802,0.9982,247.8018,0.4035,0.000189,Healthy
975,36.9495,0.9986,1.7996,0.9982,247.4322,0.4042,0.0,Healthy
976,34.9779,0.9985,1.7987,0.9986,249.5307,0.4008,0.000548,Healthy
977,36.4908,0.9972,1.7985,0.9986,248.0088,0.4032,0.000164,Healthy
978,36.2376,0.9986,1.7984,0.9994,248.8213,0.4019,0.000121,Healthy
979,37.7791,0.998,1.7974,0.9996,247.8776,0.4034,0.000368,Healthy
980,34.8411,1.0004,1.7997,0.9977,247.347,0.4043,0.000638,Healthy
981,36.1759,0.9982,1.7968,0.9989,248.3463,0.4027,0.000447,Healthy
982,35.6483,0.9975,1.7995,1.0002,247.2701,0.4044,0.000521,Healthy
983,36.7994,1.0001,1.7989,0.9967,248.4039,0.4026,0.000517,Healthy
984,36.0562,0.9986,1.7988,0.9963,249.8611,0.4002,0.000125,Healthy
985,37.1776,0.9989,1.8003,0.9996,248.3346,0.4027,0.000127,Healthy
986,37.4131,0.9971,1.7997,0.9981,249.5228,0.4008,0.000338,Healthy
987,37.2919,0.9991,1.7973,0.9983,249.0574,0.4015,0.000339,Healthy
988,37.7232,0.9994,1.798,0.9984,248.6003,0.4023,0.0,Healthy
989,38.119,0.9995,1.8002,0.9976,249.5122,0.4008,0.000753,Healthy
990,35.7253,0.9998,1.799,0.9977,248.9093,0.4018,0.000474,Healthy
991,36.3029,1.0002,1.7973,0.9977,248.6228,0.4022,0.000312,Healthy
992,36.2123,0.9998,1.7995,1.0001,248.4135,0.4026,0.000428,Healthy
993,36.4309,1.0011,1.7982,1.0013,248.5384,0.4024,3.3e-05,Healthy
994,37.8837,0.9991,1.7999,1.0004,248.7794,0.402,0.00019,Healthy
995,37.5716,0.999,1.7997,0.9971,248.8651,0.4018,0.000181,Healthy
996,38.1154,0.9996,1.7992,0.9997,247.7072,0.4037,0.000633,Healthy
997,38.3877,0.9994,1.8006,0.9986,247.8668,0.4034,0.000317,Healthy
998,37.1444,0.9986,1.7995,0.9995,247.7044,0.4037,0.000413,Healthy
999,37.489,0.9992,1.8002,0.998,248.8759,0.4018,7.6e-05,Healthy
1000,35.9087,0.9984,1.7981,0.9987,248.3287,0.4027,0.000477,Healthy
1001,36.5449,0.9974,1.8001,0.9984,248.4515,0.4025,0.0004,Healthy
1002,36.9633,1.0001,1.7995,0.9983,250.2398,0.3996,0.000349,Healthy
1003,36.6875,1.0,1.7992,0.9996,250.4892,0.3992,0.000256,Healthy
1004,36.553,0.9991,1.8001,0.9977,246.9216,0.405,0.000194,Healthy
1005,35.5019,0.9986,1.7995,0.9983,247.351,0.4043,0.000325,Healthy
1006,37.5008,0.9973,1.7998,1.0,249.2543,0.4012,0.000555,Healthy
1007,38.5742,0.9986,1.7991,0.9988,248.4911,0.4024,0.000619,Healthy
1008,35.7384,0.9981,1.8004,1.0002,248.1975,0.4029,0.000483,Healthy
1009,37.0892,1.0005,1.7991,1.0002,250.6001,0.399,0.000432,Healthy
1010,36.8575,0.9997,1.7986,1.0016,248.6291,0.4022,0.000258,Healthy
1011,36.1512,1.0001,1.7999,0.9987,248.9447,0.4017,1.2e-05,Healthy
1012,36.9696,0.9994,1.8007,0.9984,247.4593,0.4041,0.000135,Healthy
1013,35.7541,1.0003,1.8005,0.9995,249.4575,0.4009,0.000341,Healthy
1014,36.7491,0.9987,1.7987,0.9976,248.6904,0.4021,0.000306,Healthy
1015,37.4233,0.9991,1.7988,0.9983,248.5352,0.4024,0.000462,Healthy
1016,35.9141,0.9991,1.7992,0.9985,248.0057,0.4032,0.000361,Healthy
1017,35.9239,0.9993,1.7981,1.0002,250.3448,0.3994,0.000143,Healthy
1018,37.2598,0.9983,1.8,0.9979,248.8575,0.4018,0.000141,Healthy
1019,36.6686,0.9979,1.7998,0.9983,248.9131,0.4017,0.000247,Healthy
1020,36.7444,0.9991,1.7982,0.9994,249.6943,0.4005,0.00016,Healthy
1021,37.7752,1.0005,1.7982,0.9977,248.7101,0.4021,0.000207,Healthy
1022,38.3345,0.999,1.7982,0.998,249.3389,0.4011,0.000202,Healthy
1023,36.8765,0.9999,1.7985,0.9991,248.4522,0.4025,0.000454,Healthy
1024,37.3158,0.9988,1.799,0.9988,247.2819,0.4044,0.000369,Healthy
1025,38.3588,0.9981,1.7982,0.9983,249.0422,0.4015,0.000407,Healthy
1026,36.72,0.9981,1.7991,0.9976,248.5757,0.4023,0.000492,Healthy
1027,35.8476,0.9974,1.8006,0.9986,249.3683,0.401,0.000287,Healthy
1028,36.7208,0.9994,1.7981,0.9993,248.1528,0.403,5.4e-05,Healthy
1029,37.1222,0.9987,1.7988,0.998,249.7296,0.4004,0.000494,Healthy
1030,37.6253,0.9987,1.7972,1.0011,248.4061,0.4026,0.000169,Healthy
1031,37.1892,1.0001,1.7989,1.0005,249.3199,0.4011,0.000104,Healthy
1032,36.3186,0.9999,1.7963,0.999,247.3073,0.4044,0.000224,Healthy
1033,36.6203,0.9986,1.7984,0.9981,250.284,0.3995,0.000693,Healthy
1034,35.9315,1.0005,1.7986,0.9993,248.3984,0.4026,0.000188,Healthy
1035,37.6501,0.9991,1.7985,0.9979,247.7326,0.4037,0.0,Healthy
1036,36.8746,0.9978,1.7987,1.0005,249.4054,0.401,0.000314,Healthy
1037,36.7969,1.0008,1.7995,0.9988,247.3037,0.4044,0.0004,Healthy
1038,37.5319,0.9983,1.7993,0.9988,248.2958,0.4027,0.0,Healthy
1039,36.6928,0.9999,1.7983,0.9992,247.8367,0.4035,0.000394,Healthy
1040,36.6988,0.998,1.8003,1.0001,247.9561,0.4033,0.000422,Healthy
1041,37.3037,0.9996,1.7973,1.0002,247.9827,0.4033,0.000251,Healthy
1042,38.9859,0.9993,1.7986,0.997,249.5488,0.4007,5.4e-05,Healthy
1043,36.0746,0.9986,1.8004,0.9999,248.3092,0.4027,0.000385,Healthy
1044,36.3989,0.9991,1.799,1.0001,249.2077,0.4013,0.000422,Healthy
1045,36.5911,0.9997,1.7989,0.9981,248.1099,0.403,0.00034,Healthy
1046,37.611,0.9988,1.7977,0.9992,248.5218,0.4024,0.000361,Healthy
1047,37.6205,1.0,1.7984,0.9985,247.5973,0.4039,0.000464,Healthy
1048,38.0455,0.9986,1.7987,1.0006,248.8324,0.4019,0.000412,Healthy
1049,35.9355,0.9996,1.798,0.998,248.1491,0.403,0.000208,Healthy
1050,36.7127,0.9975,1.7999,1.0003,246.8671,0.4051,0.000521,Healthy
1051,36.2434,0.9998,1.7989,0.9992,248.2754,0.4028,0.000568,Healthy
1052,35.9019,0.9996,1.8,0.9999,250.2818,0.3995,0.00022,Healthy
1053,37.6612,0.9988,1.8002,0.9991,248.1102,0.403,0.000587,Healthy
1054,36.504,0.9975,1.7984,0.9998,249.5326,0.4007,0.000348,Healthy
1055,37.9536,0.9976,1.7985,0.9989,248.3259,0.4027,0.000343,Healthy
1056,37.4535,0.9985,1.7991,0.9991,247.6753,0.4038,0.000304,Healthy
1057,36.7877,0.9988,1.799,0.9992,248.0687,0.4031,0.000582,Healthy
1058,35.9688,0.9982,1.8017,0.9981,247.33,0.4043,0.000474,Healthy
1059,35.2445,0.9987,1.8011,0.9976,246.8259,0.4051,2.8e-05,Healthy
1060,37.6267,1.0001,1.7984,0.9998,249.5222,0.4008,0.000685,Healthy
1061,36.7127,0.9966,1.7981,0.9987,248.2013,0.4029,0.000291,Healthy
1062,37.8067,1.0002,1.7988,1.0002,248.6931,0.4021,0.000342,Healthy
1063,37.6386,0.999,1.801,0.9977,247.9934,0.4032,0.000304,Healthy
1064,37.2668,1.0002,1.7989,0.9977,249.078,0.4015,0.00048,Healthy
1065,35.3635,0.9989,1.7973,0.9985,247.6803,0.4037,0.000491,Healthy
1066,37.0123,0.9976,1.7998,0.9977,248.6651,0.4021,0.000167,Healthy
1067,36.6281,0.9994,1.7995,1.0005,248.3337,0.4027,0.000391,Healthy
1068,36.5722,0.9991,1.7994,0.999,246.955,0.4049,0.000397,Healthy
1069,37.2158,0.9983,1.7976,1.0006,248.7897,0.4019,0.000285,Healthy
1070,36.0164,0.9981,1.8002,0.9993,247.9545,0.4033,0.000433,Healthy
1071,36.2763,1.0004,1.8003,0.9987,247.8906,0.4034,0.0,Healthy
1072,35.7443,0.9976,1.7991,0.9988,247.3157,0.4043,0.000275,Healthy
1073,37.3357,0.9995,1.797,0.999,247.2838,0.4044,0.000512,Healthy
1074,37.5605,0.998,1.7982,0.9987,246.5868,0.4055,0.000399,Healthy
1075,36.7167,0.9999,1.7978,0.9985,247.1823,0.4046,0.000132,Healthy
1076,35.9912,0.9999,1.7982,0.9993,248.0814,0.4031,7.9e-05,Healthy
1077,36.804,0.9995,1.7977,0.9999,247.7047,0.4037,0.000237,Healthy
1078,37.3649,0.9983,1.799,0.9988,248.4865,0.4024,0.0,Healthy
1079,35.4785,0.9995,1.8,0.9982,248.1863,0.4029,0.000393,Healthy
1080,37.4986,0.9969,1.798,0.9988,248.9425,0.4017,0.000834,Healthy
1081,36.7634,0.9975,1.7993,1.0005,248.4649,0.4025,0.000153,Healthy
1082,37.714,0.9996,1.7979,0.9995,249.1748,0.4013,0.000571,Healthy
1083,36.8962,0.9986,1.8001,0.9979,248.7264,0.402,6.1e-05,Healthy
1084,37.8035,0.9987,1.8002,0.9996,247.3954,0.4042,0.00062,Healthy
1085,38.194,0.9998,1.7982,0.9988,248.4888,0.4024,0.000195,Healthy
1086,38.3087,0.9991,1.7962,0.9995,248.0925,0.4031,0.000321,Healthy
1087,36.6617,0.9997,1.8,0.9994,248.0981,0.4031,0.000328,Healthy
1088,36.9741,0.9981,1.7995,0.9996,249.6004,0.4006,0.000587,Healthy
1089,36.4117,0.9997,1.798,0.9998,247.9532,0.4033,0.000132,Healthy
1090,37.186,0.9962,1.7972,0.999,248.431,0.4025,0.000263,Healthy
1091,35.7003,0.9981,1.7993,0.9997,248.3505,0.4027,0.000569,Healthy
1092,37.2835,0.9982,1.7986,0.9977,248.2755,0.4028,0.00056,Healthy
1093,37.5156,1.0003,1.7986,1.0005,248.2059,0.4029,0.000632,Healthy
1094,36.9517,0.9996,1.8004,0.9989,248.5337,0.4024,0.000596,Healthy
1095,36.8646,0.9976,1.801,0.9987,248.4845,0.4024,0.00057,Healthy
1096,36.486,0.9979,1.7992,0.9973,248.1257,0.403,0.000388,Healthy
1097,36.7586,0.9974,1.8005,0.9992,249.4994,0.4008,0.000287,Healthy
1098,36.2724,0.9992,1.7987,0.9979,249.5288,0.4008,0.000215,Healthy
1099,35.506,1.0002,1.7984,0.9985,246.9392,0.405,0.000688,Healthy
1100,35.9484,0.999,1.7998,0.9995,248.3023,0.4027,0.0,Healthy
1101,36.334,0.9991,1.7981,0.9993,248.8939,0.4018,0.000533,Healthy
1102,36.0027,1.0011,1.7997,0.9991,249.2186,0.4013,0.000814,Healthy
1103,35.8344,0.9987,1.7965,0.9993,248.6378,0.4022,0.000333,Healthy
1104,36.4636,0.9968,1.7993,1.0006,247.8712,0.4034,0.000429,Healthy
1105,35.7345,0.9994,1.7985,0.9984,247.7342,0.4037,0.000263,Healthy
1106,37.2967,0.9976,1.7985,0.9991,247.4618,0.4041,0.000701,Healthy
1107,36.3098,0.9982,1.7979,1.0009,248.7818,0.402,0.000155,Healthy
1108,37.8794,0.9991,1.7991,0.9988,247.7385,0.4037,0.00041,Healthy
1109,36.5601,1.0007,1.7976,1.0006,248.2474,0.4028,0.000403,Healthy
1110,37.6645,0.9983,1.7998,0.9964,247.759,0.4036,0.000158,Healthy
1111,35.997,0.9987,1.7993,0.9998,248.5262,0.4024,0.00021,Healthy
1112,37.2968,0.999,1.7998,0.9999,248.3564,0.4026,0.000164,Healthy
1113,36.481,0.9983,1.7986,0.9994,248.9026,0.4018,0.000334,Healthy
1114,37.0181,0.999,1.7984,0.9982,246.9246,0.405,0.000205,Healthy
1115,37.3855,0.9982,1.7986,0.9996,248.7441,0.402,0.000129,Healthy
1116,37.8064,1.0,1.7978,0.9983,249.2789,0.4012,0.000315,Healthy
1117,35.2348,0.9975,1.7986,0.9979,247.9938,0.4032,0.000352,Healthy
1118,38.1822,0.9986,1.8,1.0005,249.4704,0.4008,0.000402,Healthy
1119,35.4436,0.9993,1.7999,0.999,249.7172,0.4005,0.000518,Healthy
1120,37.4706,1.0,1.7992,0.9966,247.9207,0.4034,0.000585,Healthy
1121,36.3717,0.9987,1.7978,1.0009,249.6637,0.4005,0.00017,Healthy
1122,37.1374,0.9982,1.7995,0.9996,248.9664,0.4017,0.000413,Healthy
1123,39.3697,0.9978,1.7972,0.9987,247.0611,0.4048,4.8e-05,Healthy
1124,36.2221,0.998,1.7979,0.9996,247.909,0.4034,0.000311,Healthy
1125,37.7404,0.9981,1.7986,0.9995,246.7592,0.4053,0.0,Healthy
1126,37.3037,0.9994,1.8009,0.9993,248.9668,0.4017,0.000309,Healthy
1127,37.2664,1.0005,1.7967,0.9995,250.018,0.4,0.000405,Healthy
1128,38.3509,0.9982,1.7988,0.9991,246.5339,0.4056,0.000115,Healthy
1129,36.1547,0.9997,1.7997,0.9994,248.9658,0.4017,0.000316,Healthy
1130,37.9955,0.9989,1.7989,0.9988,248.8526,0.4018,0.000265,Healthy
1131,37.8169,0.9977,1.7978,0.9998,248.2327,0.4028,0.000259,Healthy
1132,37.7496,0.9983,1.7987,1.0005,249.5333,0.4007,0.000664,Healthy
1133,36.8137,1.0001,1.7979,0.9982,246.4201,0.4058,0.000684,Healthy
1134,36.35,0.9987,1.798,0.9998,247.9985,0.4032,8.9e-05,Healthy
1135,37.3963,0.9974,1.798,0.997,247.1583,0.4046,0.000386,Healthy
1136,35.4732,0.9974,1.7989,0.9985,249.8896,0.4002,0.000718,Healthy
1137,36.3523,0.9994,1.7996,0.9985,247.0981,0.4047,0.000349,Healthy
1138,36.9101,0.9984,1.7993,0.9983,247.3714,0.4043,0.000373,Healthy
1139,37.359,0.9977,1.7998,0.9973,247.829,0.4035,0.0003,Healthy
1140,36.543,0.9983,1.8007,0.9982,250.243,0.3996,0.000439,Healthy
1141,37.1274,0.9993,1.8014,0.9981,247.3922,0.4042,0.000201,Healthy
1142,37.0813,0.9971,1.7989,1.0008,248.4081,0.4026,0.000294,Healthy
1143,36.5629,0.9998,1.798,1.0009,249.8322,0.4003,0.000404,Healthy
1144,37.05,0.9999,1.8,0.9983,247.8628,0.4034,8.9e-05,Healthy
1145,37.3883,0.9995,1.7975,0.9986,247.2047,0.4045,0.000174,Healthy
1146,37.5036,0.9981,1.7986,0.9975,248.4306,0.4025,0.000345,Healthy
1147,36.4814,0.9987,1.799,0.9983,247.0985,0.4047,0.000715,Healthy
1148,36.5598,0.9988,1.7999,1.0026,247.2824,0.4044,0.000444,Healthy
1149,36.5022,0.9983,1.7981,0.998,248.2435,0.4028,6e-05,Healthy
1150,37.8274,0.9989,1.7993,0.9986,247.9812,0.4033,0.000413,Healthy
1151,36.1406,0.9985,1.798,0.9982,246.5856,0.4055,0.000623,Healthy
1152,36.5244,1.0,1.7999,0.9978,247.4013,0.4042,0.000868,Healthy
1153,38.4761,0.9988,1.7991,0.9984,248.6164,0.4022,0.000212,Healthy
1154,35.4513,0.9975,1.7989,0.9979,248.2152,0.4029,0.000141,Healthy
1155,36.4531,0.9997,1.7991,0.9991,248.9707,0.4017,0.000453,Healthy
1156,38.2381,0.9984,1.7984,0.9978,247.9228,0.4034,0.00055,Healthy
1157,38.1226,0.9998,1.797,1.0002,246.7937,0.4052,0.000537,Healthy
1158,36.7902,0.9995,1.7975,1.0002,247.091,0.4047,0.000224,Healthy
1159,36.2877,0.9971,1.7989,1.0009,250.395,0.3994,0.000377,Healthy
1160,37.9813,0.9991,1.7993,0.9987,248.4161,0.4026,0.000465,Healthy
1161,36.627,0.9988,1.7988,0.9999,247.4057,0.4042,0.000348,Healthy
1162,38.6212,1.0,1.8002,0.9991,248.5138,0.4024,0.000559,Healthy
1163,38.3416,0.9969,1.7975,1.0004,248.034,0.4032,0.000225,Healthy
1164,36.0919,0.9983,1.7974,1.0012,248.2361,0.4028,0.000348,Healthy
1165,37.5675,0.9998,1.7998,1.0001,247.7478,0.4036,0.0003,Healthy
1166,37.714,0.9983,1.7988,0.9995,248.8791,0.4018,4e-06,Healthy
1167,37.6724,0.9986,1.7995,0.9998,249.5358,0.4007,0.000631,Healthy
1168,38.1797,1.0003,1.7991,0.9991,248.9463,0.4017,0.000507,Healthy
1169,36.8569,0.9992,1.7988,0.9982,249.2789,0.4012,0.000372,Healthy
1170,38.745,0.9972,1.7983,0.9991,249.1549,0.4014,0.000441,Healthy
1171,37.3562,0.9977,1.7977,0.9994,247.1522,0.4046,0.000255,Healthy
1172,37.5103,0.9978,1.8004,1.0003,246.9849,0.4049,0.000175,Healthy
1173,35.2828,0.998,1.7996,0.9986,248.6091,0.4022,5.7e-05,Healthy
1174,37.7516,0.9983,1.7988,0.999,247.2218,0.4045,0.000132,Healthy
1175,37.8892,0.9992,1.7999,0.9994,248.3519,0.4027,1.7e-05,Healthy
1176,36.9005,0.9988,1.8008,0.9997,249.4648,0.4009,0.000482,Healthy
1177,36.5496,0.9989,1.7991,0.9981,247.927,0.4033,0.000322,Healthy
1178,38.4049,0.9967,1.8,0.9981,247.1353,0.4046,0.000599,Healthy
1179,37.7077,1.0001,1.7996,1.0011,248.6785,0.4021,0.000332,Healthy
1180,37.3983,1.0001,1.798,0.9984,247.9828,0.4033,0.0,Healthy
1181,37.2363,0.9969,1.7989,0.9999,247.847,0.4035,0.0007,Healthy
1182,35.9592,1.0,1.7995,0.9973,250.3956,0.3994,0.000352,Healthy
1183,36.4274,0.9974,1.7986,0.9989,248.3076,0.4027,0.000305,Healthy
1184,37.6378,0.9984,1.7969,0.9989,246.33,0.406,0.000436,Healthy
1185,36.3496,0.999,1.8001,0.9981,249.0715,0.4015,0.000279,Healthy
1186,38.5374,0.9984,1.798,0.9997,247.8724,0.4034,0.000198,Healthy
1187,36.7543,0.9988,1.8002,0.9971,248.238,0.4028,0.000491,Healthy
1188,37.2932,1.0001,1.7987,0.9989,248.6919,0.4021,0.000386,Healthy
1189,36.8279,0.9993,1.7982,0.9984,247.7941,0.4036,0.000637,Healthy
1190,34.5652,0.9992,1.7988,0.9974,248.4628,0.4025,0.000462,Healthy
1191,37.6155,0.9962,1.8002,0.9983,248.7628,0.402,0.000516,Healthy
1192,36.4442,0.9995,1.7984,0.997,249.1462,0.4014,0.000213,Healthy
1193,36.4638,0.9984,1.7991,0.999,248.649,0.4022,0.0001,Healthy
1194,36.5553,0.9987,1.8007,0.9989,249.0772,0.4015,0.000376,Healthy
1195,36.7641,0.9986,1.7986,0.9996,249.3072,0.4011,0.00044,Healthy
1196,38.1025,0.9978,1.7984,0.9983,248.4576,0.4025,0.000297,Healthy
1197,37.7384,0.9979,1.7988,0.9997,246.5523,0.4056,0.000793,Healthy
1198,36.9299,0.9968,1.799,0.9991,248.1375,0.403,0.000568,Healthy
1199,37.7562,0.9991,1.7993,0.9989,249.6219,0.4006,7.4e-05,Healthy
1200,37.2717,0.9989,1.7996,0.9982,246.8051,0.4052,0.000401,Healthy
1201,37.3868,1.0003,1.7975,1.0002,250.0924,0.3999,0.000295,Healthy
1202,36.1308,0.9984,1.7988,0.9996,247.7239,0.4037,0.000682,Healthy
1203,36.2738,0.9971,1.7999,0.9968,248.0322,0.4032,0.000994,Healthy
1204,37.1576,0.9977,1.7987,0.999,248.3225,0.4027,0.000504,Healthy
1205,36.3377,1.0005,1.799,0.9998,247.69,0.4037,0.000629,Healthy
1206,36.9652,0.9991,1.7979,0.998,248.7416,0.402,0.000283,Healthy
1207,36.4895,0.9981,1.7995,0.9984,248.0954,0.4031,0.000375,Healthy
1208,35.6405,0.9973,1.7991,0.9983,249.0334,0.4016,0.000566,Healthy
1209,37.7515,1.0006,1.7987,0.9997,247.719,0.4037,0.000863,Healthy
1210,38.7649,0.9988,1.7992,1.0004,248.0673,0.4031,0.000242,Healthy
1211,37.879,0.9989,1.799,0.9982,246.8094,0.4052,0.000421,Healthy
1212,37.9056,0.9986,1.8002,0.9983,247.3382,0.4043,0.00036,Healthy
1213,37.1173,0.9996,1.798,1.0004,249.754,0.4004,0.000366,Healthy
1214,38.185,0.9977,1.7999,1.0001,248.8697,0.4018,0.000371,Healthy
1215,34.8236,0.9981,1.7982,0.998,248.2753,0.4028,0.000291,Healthy
1216,36.5291,0.9977,1.7981,1.0001,247.6472,0.4038,0.000272,Healthy
1217,36.8252,0.9991,1.7992,0.996,248.9918,0.4016,0.000662,Healthy
1218,36.3523,0.9978,1.7983,0.9983,248.3521,0.4027,0.0,Healthy
1219,36.2999,1.0003,1.7979,1.0003,248.4558,0.4025,1.4e-05,Healthy
1220,37.7043,0.9987,1.7983,0.9993,248.5497,0.4023,0.000518,Healthy
1221,38.1404,0.9992,1.7974,0.9985,250.5229,0.3992,0.000521,Healthy
1222,39.095,1.0002,1.799,0.9993,248.1377,0.403,2.9e-05,Healthy
1223,37.2158,1.0,1.7982,0.9994,248.8468,0.4019,0.000195,Healthy
1224,36.8422,0.9978,1.798,0.9977,247.4436,0.4041,0.000661,Healthy
1225,36.4726,0.9989,1.7983,1.0002,249.2114,0.4013,0.00055,Healthy
1226,37.4517,0.9985,1.7976,1.001,247.5533,0.404,0.000511,Healthy
1227,38.0563,0.9982,1.7998,0.9998,249.5419,0.4007,0.000284,Healthy
1228,36.1817,0.9983,1.799,0.9991,247.8432,0.4035,0.0,Healthy
1229,37.5886,1.0007,1.7992,0.9996,248.6145,0.4022,0.000458,Healthy
1230,37.9593,0.9992,1.7985,0.9982,247.9558,0.4033,0.000442,Healthy
1231,36.9629,0.9991,1.7992,0.9998,249.1797,0.4013,0.000395,Healthy
1232,36.1714,0.9984,1.7988,0.9972,249.2629,0.4012,0.000408,Healthy
1233,37.5245,1.0001,1.7981,0.9996,248.0626,0.4031,0.000343,Healthy
1234,36.6034,1.0004,1.7984,0.9997,246.649,0.4054,0.000616,Healthy
1235,38.0648,0.9989,1.7985,0.9994,249.9785,0.4,2.8e-05,Healthy
1236,37.8504,0.9979,1.7987,0.9988,247.8033,0.4035,0.000379,Healthy
1237,36.3193,0.9998,1.797,0.9996,247.8833,0.4034,0.000147,Healthy
1238,37.3903,0.9972,1.7988,0.9976,248.512,0.4024,0.000197,Healthy
1239,36.8694,0.9991,1.798,0.999,246.9304,0.405,0.000508,Healthy
1240,38.6439,1.0016,1.7989,0.9998,246.7155,0.4053,0.000683,Healthy
1241,37.8548,0.9983,1.8,0.9988,247.7721,0.4036,0.000477,Healthy
1242,36.3849,0.9998,1.7977,0.998,247.4092,0.4042,0.000535,Healthy
1243,36.744,0.9974,1.7982,0.999,247.1907,0.4045,0.000153,Healthy
1244,38.9282,0.9979,1.7984,0.9986,247.7969,0.4036,0.000507,Healthy
1245,37.9995,0.9984,1.7975,1.0003,248.0562,0.4031,0.00073,Healthy
1246,35.4463,0.9989,1.8007,0.9986,247.9506,0.4033,0.000443,Healthy
1247,36.7976,0.9984,1.7984,0.9984,249.1126,0.4014,0.000476,Healthy
1248,37.4469,0.9996,1.7985,0.9982,247.6459,0.4038,0.000385,Healthy
1249,36.4008,0.9983,1.7982,1.0011,245.9074,0.4067,0.000349,Healthy
1250,38.6306,0.9989,1.7995,0.9991,247.5911,0.4039,0.0,Healthy
1251,37.4162,0.998,1.7979,0.9985,249.5194,0.4008,0.000866,Healthy
1252,37.4274,0.9983,1.7976,0.9995,249.5483,0.4007,0.000336,Healthy
1253,35.3522,0.9994,1.7997,0.9974,248.2617,0.4028,0.000476,Healthy
1254,37.1987,0.998,1.7998,0.9986,246.9309,0.405,0.0,Healthy
1255,38.2677,0.9994,1.7988,0.9986,247.6943,0.4037,0.000171,Healthy
1256,36.9156,0.9966,1.798,0.9987,248.6039,0.4022,0.000379,Healthy
1257,37.8985,1.0001,1.7998,0.9995,248.124,0.403,0.000191,Healthy
1258,37.8564,1.0004,1.7991,1.0009,246.8925,0.405,0.000157,Healthy
1259,37.9504,0.999,1.8001,0.999,247.4171,0.4042,0.000345,Healthy
1260,36.0419,0.9976,1.7997,0.9999,248.4004,0.4026,4.4e-05,Healthy
1261,36.9831,0.9975,1.7999,0.9984,247.2399,0.4045,0.000394,Healthy
1262,36.7595,1.0002,1.798,0.9976,246.3847,0.4059,0.000382,Healthy
1263,36.8239,0.9973,1.7999,0.9997,248.0829,0.4031,0.000662,Healthy
1264,37.8052,0.9979,1.7977,0.9998,248.4211,0.4025,0.000423,Healthy
1265,36.5998,0.9993,1.798,0.9989,249.2601,0.4012,0.000257,Healthy
1266,36.0204,0.9977,1.7997,0.9992,247.9979,0.4032,0.000288,Healthy
1267,37.6689,0.9979,1.799,0.9983,247.3814,0.4042,0.000263,Healthy
1268,36.9821,0.9987,1.799,0.9953,247.4519,0.4041,0.000312,Healthy
1269,38.4882,0.9977,1.7989,1.0005,247.0461,0.4048,0.000469,Healthy
1270,36.6442,0.9982,1.7979,0.9983,250.2725,0.3996,0.00056,Healthy
1271,38.1692,0.9992,1.7971,0.9994,248.9518,0.4017,0.000221,Healthy
1272,38.0619,0.9994,1.8006,0.9986,247.2139,0.4045,0.000319,Healthy
1273,38.4399,0.9969,1.7967,0.9991,247.7364,0.4037,0.000393,Healthy
1274,38.0494,0.9982,1.7969,1.001,247.2912,0.4044,0.00018,Healthy
1275,38.178,0.9983,1.7987,0.9995,248.9544,0.4017,0.000326,Healthy
1276,38.5128,0.9966,1.7995,0.9981,249.1838,0.4013,0.000421,Healthy
1277,36.7603,0.9994,1.7996,0.9996,247.2607,0.4044,0.000296,Healthy
1278,37.2971,0.9987,1.7995,0.997,248.3505,0.4027,0.000335,Healthy
1279,36.6314,0.998,1.7985,0.9954,247.5205,0.404,0.000219,Healthy
1280,37.7302,0.9979,1.7985,1.0005,248.8755,0.4018,0.000574,Healthy
1281,36.9059,0.9993,1.7985,0.9988,248.4062,0.4026,0.000275,Healthy
1282,38.502,0.9986,1.7993,1.0004,248.9023,0.4018,0.000113,Healthy
1283,37.6653,0.9996,1.7996,0.9979,247.5499,0.404,0.000594,Healthy
1284,36.7018,0.9984,1.8003,0.9989,247.4926,0.4041,0.00022,Healthy
1285,37.5792,0.9974,1.7985,0.9993,249.1118,0.4014,0.000529,Healthy
1286,36.7435,0.9999,1.7984,0.9977,247.9334,0.4033,0.000683,Healthy
1287,37.4488,0.9987,1.8004,0.9975,247.041,0.4048,7.3e-05,Healthy
1288,37.6165,0.9989,1.8003,0.9992,247.7447,0.4036,0.000397,Healthy
1289,37.4144,0.997,1.8014,0.9995,248.2345,0.4028,0.00052,Healthy
1290,37.8895,0.9986,1.7981,0.9996,248.3736,0.4026,0.000235,Healthy
1291,38.459,0.999,1.7994,1.0004,248.081,0.4031,0.000461,Healthy
1292,37.9736,0.998,1.7988,0.9991,247.2972,0.4044,0.000861,Healthy
1293,36.2016,0.9974,1.8,0.9997,247.2397,0.4045,0.000519,Healthy
1294,38.5035,0.9987,1.8013,0.9972,248.6141,0.4022,0.000632,Healthy
1295,38.0441,0.9985,1.7984,0.9994,248.7101,0.4021,0.000519,Healthy
1296,38.1648,0.9977,1.7985,0.998,247.7471,0.4036,0.000602,Healthy
1297,37.421,1.0013,1.7989,0.999,248.1394,0.403,0.000272,Healthy
1298,37.2901,0.9998,1.7988,0.9982,247.3129,0.4043,0.000309,Healthy
1299,37.3973,0.9999,1.7974,0.9986,248.1669,0.403,3.3e-05,Healthy
1300,36.6731,0.998,1.7979,0.9992,247.9216,0.4034,0.000289,Healthy
1301,37.6842,1.0004,1.8003,0.997,248.5102,0.4024,0.000365,Healthy
1302,37.4677,0.9983,1.7988,0.9991,247.5838,0.4039,0.000221,Healthy
1303,36.9864,0.9989,1.7993,0.9998,247.6501,0.4038,0.000458,Healthy
1304,38.1172,0.9999,1.7986,0.9987,248.1969,0.4029,0.000171,Healthy
1305,37.1941,0.9994,1.7993,0.9987,248.2167,0.4029,0.000237,Healthy
1306,37.9136,0.9986,1.7984,0.9986,247.9907,0.4032,0.000312,Healthy
1307,37.8791,0.9983,1.8003,1.0004,247.3263,0.4043,0.000416,Healthy
1308,36.8339,0.9984,1.8007,0.9986,248.3262,0.4027,0.000511,Healthy
1309,36.5557,0.9978,1.7975,0.9981,245.7565,0.4069,0.000512,Healthy
1310,39.0014,0.9988,1.7973,0.9983,247.6679,0.4038,0.000199,Healthy
1311,38.0479,0.9995,1.7975,0.9997,249.255,0.4012,0.000784,Healthy
1312,39.6538,0.9978,1.8015,0.9986,247.558,0.4039,0.000469,Healthy
1313,36.8978,0.9991,1.7974,0.9987,249.059,0.4015,0.000392,Healthy
1314,37.4785,0.9992,1.7999,0.9973,248.4966,0.4024,0.000351,Healthy
1315,37.5003,0.9997,1.7975,0.9979,246.4792,0.4057,0.000295,Healthy
1316,38.4331,0.9986,1.7973,0.9985,246.8357,0.4051,0.00018,Healthy
1317,37.6817,0.9975,1.7998,0.9989,248.093,0.4031,0.000349,Healthy
1318,37.9907,0.9995,1.799,0.9995,247.8533,0.4035,0.000514,Healthy
1319,37.1039,0.9987,1.7984,0.9985,247.4702,0.4041,0.000499,Healthy
1320,38.4245,0.9999,1.7974,1.0002,247.7655,0.4036,0.000526,Healthy
1321,36.6528,0.9988,1.799,0.9975,248.5051,0.4024,0.000675,Healthy
1322,37.2399,1.0,1.7985,0.9998,246.2421,0.4061,0.00089,Healthy
1323,38.5778,0.9984,1.7967,0.9992,246.8604,0.4051,0.000496,Healthy
1324,37.7125,0.9977,1.7998,0.9997,248.7947,0.4019,0.000409,Healthy
1325,36.2526,0.9997,1.7984,0.9976,249.0941,0.4015,0.000827,Healthy
1326,37.3538,1.0008,1.7988,0.9986,247.5066,0.404,0.000735,Healthy
1327,36.7645,0.9994,1.7981,0.9985,248.8337,0.4019,0.000332,Healthy
1328,37.0666,0.9998,1.8003,0.9996,247.4842,0.4041,0.000306,Healthy
1329,37.4561,0.999,1.7977,0.9997,248.0749,0.4031,6.6e-05,Healthy
1330,36.6509,0.9982,1.7986,1.0008,248.1955,0.4029,0.000241,Healthy
1331,37.5723,0.9983,1.799,0.9995,248.9709,0.4017,0.000404,Healthy
1332,38.7088,0.9996,1.798,1.0011,248.2636,0.4028,0.000243,Healthy
1333,38.7217,1.0007,1.7986,0.9984,247.8626,0.4034,0.000553,Healthy
1334,38.4235,0.9992,1.7988,1.0004,247.7487,0.4036,0.000616,Healthy
1335,37.1725,0.9991,1.7986,0.9989,247.6956,0.4037,0.000679,Healthy
1336,36.8185,0.9979,1.8008,0.9999,246.0879,0.4064,0.000298,Healthy
1337,35.957,0.9977,1.7955,0.9988,247.0809,0.4047,0.000423,Healthy
1338,36.1083,0.9987,1.7982,1.0004,249.1221,0.4014,0.000568,Healthy
1339,37.1489,1.0006,1.7971,0.9975,247.9245,0.4033,0.000863,Healthy
1340,37.2501,0.9985,1.7972,0.9999,248.7525,0.402,0.00057,Healthy
1341,36.9104,0.998,1.7974,0.999,247.1242,0.4047,0.000177,Healthy
1342,37.0766,0.9982,1.7981,0.9994,248.0502,0.4031,0.000355,Healthy
1343,37.5638,0.9977,1.7988,0.9991,246.7831,0.4052,0.000612,Healthy
1344,36.7141,0.9987,1.7998,0.9999,248.0115,0.4032,0.000341,Healthy
1345,38.179,0.9993,1.798,0.9981,246.3246,0.406,0.000444,Healthy
1346,37.3566,0.9998,1.799,1.0003,247.4231,0.4042,0.000641,Healthy
1347,37.0015,0.9994,1.7972,0.9992,246.3917,0.4059,0.000361,Healthy
1348,37.7787,0.9981,1.7976,0.9998,247.8952,0.4034,0.000316,Healthy
1349,37.4617,1.0013,1.7998,1.0001,248.3249,0.4027,0.000448,Healthy
1350,35.5131,0.998,1.7982,0.997,247.0491,0.4048,1.9e-05,Healthy
1351,37.4011,0.9995,1.7998,0.9993,247.2028,0.4045,2.9e-05,Healthy
1352,36.0281,0.9974,1.7978,0.9988,247.1607,0.4046,0.000483,Healthy
1353,37.2496,0.9987,1.7998,0.9977,248.3055,0.4027,0.000413,Healthy
1354,37.1704,0.9995,1.7995,0.998,247.8233,0.4035,0.000472,Healthy
1355,37.2206,0.9992,1.7989,1.0007,246.7433,0.4053,0.000392,Healthy
1356,36.714,0.9992,1.797,0.9993,247.462,0.4041,0.00027,Healthy
1357,36.2854,0.9982,1.7997,0.9989,248.4666,0.4025,0.00075,Healthy
1358,37.6554,0.9981,1.7991,0.9984,247.5595,0.4039,0.000113,Healthy
1359,38.1872,0.9983,1.7988,0.9979,248.3103,0.4027,0.000265,Healthy
1360,37.3346,0.9995,1.7994,0.9989,246.5455,0.4056,0.001017,Healthy
1361,38.8465,0.9994,1.7979,0.9988,247.5238,0.404,0.000671,Healthy
1362,37.6616,0.9979,1.7982,1.0,249.2371,0.4012,0.000724,Healthy
1363,38.059,0.9984,1.7954,0.9992,247.954,0.4033,0.000447,Healthy
1364,37.4983,0.9973,1.7992,0.9995,248.4999,0.4024,0.000609,Healthy
1365,37.9402,0.9982,1.7986,0.999,248.0387,0.4032,0.000619,Healthy
1366,37.9737,1.0007,1.8008,0.999,244.8817,0.4084,0.000667,Healthy
1367,37.0283,0.9978,1.7982,0.9985,248.4393,0.4025,0.000108,Healthy
1368,36.6002,0.999,1.7993,0.9995,247.3184,0.4043,0.000225,Healthy
1369,37.0589,0.9989,1.8001,0.9969,247.7699,0.4036,0.000154,Healthy
1370,36.1442,0.9996,1.7992,0.9994,248.6818,0.4021,0.000325,Healthy
1371,37.1217,1.0008,1.7984,0.9996,247.9486,0.4033,5.2e-05,Healthy
1372,35.8339,0.998,1.7997,0.9997,248.6733,0.4021,0.000224,Healthy
1373,38.7641,0.9977,1.7988,0.9989,247.8014,0.4035,0.00069,Healthy
1374,36.9091,0.9973,1.7986,0.9985,250.6409,0.399,0.000558,Healthy
1375,37.1475,0.9976,1.7967,0.9979,248.0295,0.4032,0.000708,Healthy
1376,38.3742,0.9989,1.7983,0.9992,247.5211,0.404,0.000766,Healthy
1377,37.3272,0.9985,1.7964,0.9987,248.6037,0.4022,0.00021,Healthy
1378,36.8798,0.9994,1.7971,1.0,247.5073,0.404,0.000346,Healthy
1379,36.5831,0.999,1.8011,0.9997,247.2401,0.4045,0.000651,Healthy
1380,37.2307,1.0,1.7994,0.996,247.1267,0.4047,0.000613,Healthy
1381,37.6071,0.9976,1.798,0.997,247.8578,0.4035,0.000866,Healthy
1382,38.1315,1.0008,1.7995,0.9999,249.5063,0.4008,0.0005,Healthy
1383,37.3396,0.9996,1.8001,0.9984,247.3482,0.4043,0.000453,Healthy
1384,38.1564,0.9994,1.7972,1.0008,247.4111,0.4042,0.000372,Healthy
1385,36.7709,1.0013,1.7989,0.998,248.6136,0.4022,0.000579,Healthy
1386,37.3446,0.9995,1.7978,0.9984,246.3128,0.406,0.000161,Healthy
1387,38.9427,1.0003,1.7987,1.0006,247.7914,0.4036,0.000377,Healthy
1388,37.5436,0.9985,1.7984,1.0,248.0381,0.4032,0.000569,Healthy
1389,38.3253,0.999,1.7976,0.9975,248.0355,0.4032,0.000392,Healthy
1390,37.5719,0.9986,1.8012,0.9976,246.323,0.406,0.000493,Healthy
1391,37.2027,0.9989,1.7992,1.0002,246.7077,0.4053,0.000316,Healthy
1392,37.8486,0.9994,1.8008,0.9998,247.8666,0.4034,0.00025,Healthy
1393,37.056,0.998,1.7993,0.9991,246.8516,0.4051,0.000341,Healthy
1394,38.2112,0.999,1.7992,0.9993,249.2101,0.4013,0.000475,Healthy
1395,37.2022,0.9977,1.7989,0.9964,247.7601,0.4036,0.000387,Healthy
1396,36.4212,0.9977,1.7994,0.9991,247.9874,0.4032,0.00049,Healthy
1397,37.5887,0.9998,1.7987,0.9974,249.2086,0.4013,0.000503,Healthy
1398,37.045,0.9973,1.799,0.9988,249.1623,0.4013,0.00036,Healthy
1399,36.8483,0.9995,1.7995,0.999,248.4426,0.4025,0.000422,Healthy
1400,37.7071,0.9998,1.7992,0.9987,248.9819,0.4016,0.0,Healthy
1401,39.1635,0.9969,1.798,0.9988,247.7813,0.4036,0.000632,Healthy
1402,36.6773,0.9989,1.798,0.9992,247.8452,0.4035,0.000449,Healthy
1403,37.0855,0.9981,1.7989,0.9998,247.4169,0.4042,0.000257,Healthy
1404,38.018,0.9986,1.7994,0.998,246.4704,0.4057,0.000325,Healthy
1405,36.9159,0.9985,1.798,0.9996,247.662,0.4038,0.000462,Healthy
1406,37.6569,0.9988,1.7986,0.9994,247.2545,0.4044,0.000712,Healthy
1407,37.3434,0.9973,1.7988,0.998,248.4218,0.4025,0.000874,Healthy
1408,36.9051,0.9989,1.7968,0.9993,247.1794,0.4046,0.000307,Healthy
1409,36.6552,0.9993,1.7996,0.9989,247.195,0.4045,0.000751,Healthy
1410,36.9377,0.9964,1.799,0.9978,248.6759,0.4021,0.000357,Healthy
1411,38.0228,1.0,1.7974,0.9983,247.823,0.4035,0.000741,Healthy
1412,37.0149,0.998,1.7991,0.9983,248.004,0.4032,0.000123,Healthy
1413,39.3149,0.9972,1.7983,0.9988,249.4107,0.4009,0.000169,Healthy
1414,39.1322,0.9993,1.799,0.9979,248.3359,0.4027,0.00029,Healthy
1415,38.5603,0.9976,1.7985,0.9983,247.0875,0.4047,0.000583,Healthy
1416,37.9772,0.9998,1.7968,0.9999,249.8804,0.4002,0.000344,Healthy
1417,39.0667,0.9983,1.7972,0.9986,248.7131,0.4021,0.000267,Healthy
1418,37.0721,0.9992,1.7986,0.9995,248.0633,0.4031,0.000531,Healthy
1419,37.2084,0.9988,1.7977,1.0002,247.3641,0.4043,0.000661,Healthy
1420,37.3691,0.9988,1.7981,0.9978,246.4742,0.4057,0.000225,Healthy
1421,37.2987,0.9988,1.7996,0.9984,247.1629,0.4046,0.000148,Healthy
1422,37.9437,1.0,1.7998,0.9996,248.3778,0.4026,0.000776,Healthy
1423,37.8271,0.9992,1.7983,0.9975,247.3184,0.4043,0.000435,Healthy
1424,37.6118,1.0005,1.7987,1.0,247.5159,0.404,0.000375,Healthy
1425,36.5018,0.9978,1.7991,0.9989,248.6169,0.4022,0.000474,Healthy
1426,37.2848,1.0007,1.7985,1.0,247.54,0.404,0.00058,Healthy
1427,38.311,0.9988,1.7962,0.9989,248.8439,0.4019,0.000544,Healthy
1428,37.9271,0.9968,1.7979,0.9993,248.1863,0.4029,0.000681,Healthy
1429,37.4563,0.999,1.7986,0.9979,246.0519,0.4064,0.000525,Healthy
1430,37.7132,0.998,1.797,0.9995,247.6423,0.4038,0.00055,Healthy
1431,39.067,0.9964,1.7979,0.9986,249.0174,0.4016,0.000112,Healthy
1432,39.1263,0.9987,1.7985,0.9987,247.503,0.404,0.000649,Healthy
1433,36.7246,0.9989,1.7982,0.9981,249.9193,0.4001,0.000524,Healthy
1434,38.0718,0.9997,1.7971,1.0006,245.8418,0.4068,0.000286,Healthy
1435,37.2158,0.9991,1.7988,0.9987,247.8379,0.4035,0.000245,Healthy
1436,36.387,0.9993,1.7993,1.0004,247.214,0.4045,0.000579,Healthy
1437,37.3596,0.9998,1.7996,0.9991,247.5729,0.4039,0.000633,Healthy
1438,38.1059,0.9979,1.7972,0.9986,249.0553,0.4015,0.000671,Healthy
1439,36.7003,0.9974,1.7998,0.9977,248.2489,0.4028,0.000318,Healthy
1440,38.8856,0.9978,1.7997,0.999,248.0418,0.4032,4.8e-05,Healthy
1441,35.8315,0.9983,1.7988,0.9977,246.9675,0.4049,0.000555,Healthy
1442,38.0459,0.9984,1.7993,0.9977,247.5523,0.404,0.000772,Healthy
1443,37.6521,0.9987,1.8009,0.9974,248.4726,0.4025,0.000776,Healthy
1444,37.3393,0.9994,1.7976,0.9982,248.142,0.403,0.000603,Healthy
1445,38.4977,1.0001,1.7985,1.0,247.5587,0.4039,0.000624,Healthy
1446,37.7688,0.999,1.799,0.9972,246.9317,0.405,0.000464,Healthy
1447,36.2548,0.9994,1.7994,0.9992,246.9326,0.405,0.00072,Healthy
1448,39.2362,0.9987,1.7991,0.999,248.2523,0.4028,0.00042,Healthy
1449,37.5805,0.9995,1.8009,0.9974,247.7435,0.4036,0.000209,Healthy
1450,38.8836,0.998,1.7971,0.9995,249.2204,0.4013,0.000578,Healthy
1451,37.7756,0.999,1.8,0.998,247.734,0.4037,0.000355,Healthy
1452,36.6793,0.9982,1.7997,0.9994,248.3374,0.4027,0.000475,Healthy
1453,38.0341,0.9977,1.7982,0.999,248.0425,0.4032,0.00051,Healthy
1454,37.5065,0.9982,1.8017,0.9997,248.1495,0.403,0.0004,Healthy
1455,37.258,0.9984,1.7988,0.997,246.562,0.4056,0.000319,Healthy
1456,37.7865,0.9983,1.8,0.9974,247.2149,0.4045,0.000751,Healthy
1457,37.7275,0.9994,1.8006,0.9981,247.735,0.4037,0.000393,Healthy
1458,36.0607,0.9982,1.7994,0.9994,248.3083,0.4027,0.000372,Healthy
1459,37.1013,0.9998,1.798,0.9991,247.9422,0.4033,0.00074,Healthy
1460,38.4051,0.9972,1.7974,0.9994,247.7585,0.4036,0.000357,Healthy
1461,38.4423,0.9987,1.7986,0.9996,247.5084,0.404,0.000762,Healthy
1462,37.0012,0.9992,1.8,0.9975,247.5323,0.404,0.000677,Healthy
1463,38.5592,0.9984,1.7978,0.9998,248.7523,0.402,0.000216,Healthy
1464,36.6721,0.9988,1.7992,0.9985,248.3474,0.4027,0.000307,Healthy
1465,35.9452,0.9981,1.7986,0.9986,246.8756,0.4051,8.6e-05,Healthy
1466,37.2275,0.9994,1.7998,1.0,247.1483,0.4046,0.000219,Healthy
1467,38.0379,0.9992,1.7989,0.9968,247.106,0.4047,0.000444,Healthy
1468,38.0322,0.9993,1.7987,0.9992,247.8659,0.4034,0.000588,Healthy
1469,37.8945,0.9986,1.7983,0.9989,248.1842,0.4029,0.000504,Healthy
1470,37.9507,0.9999,1.7988,0.9982,248.5019,0.4024,0.000178,Healthy
1471,36.7827,0.9989,1.799,0.9976,247.4872,0.4041,0.00033,Healthy
1472,37.2603,0.9995,1.7992,0.9988,247.3552,0.4043,0.000182,Healthy
1473,38.7875,0.9991,1.7978,0.9995,247.7343,0.4037,0.000394,Healthy
1474,38.0014,0.9978,1.7982,0.9989,247.3894,0.4042,0.000586,Healthy
1475,39.1503,0.9978,1.7969,0.9968,247.6671,0.4038,0.00032,Healthy
1476,37.8231,0.9987,1.7969,0.997,248.0227,0.4032,0.00048,Healthy
1477,37.3179,0.9969,1.799,1.0001,248.0069,0.4032,0.000284,Healthy
1478,37.696,0.9972,1.7996,0.9989,246.3685,0.4059,0.000393,Healthy
1479,38.0328,0.9982,1.7982,0.9976,248.2347,0.4028,0.000324,Healthy
1480,35.9388,0.9981,1.7995,0.9984,249.1704,0.4013,0.00054,Healthy
1481,37.9368,0.9984,1.7985,0.9986,247.5367,0.404,0.00056,Healthy
1482,36.9189,0.9974,1.7974,1.0009,248.2013,0.4029,0.000515,Healthy
1483,36.8234,0.9991,1.7984,0.999,246.9942,0.4049,0.000487,Healthy
1484,37.3321,0.9978,1.7993,0.9973,248.2258,0.4029,0.000592,Healthy
1485,36.9693,0.9977,1.7983,0.9991,247.6502,0.4038,0.000542,Healthy
1486,39.0852,0.998,1.7968,0.9996,249.1177,0.4014,0.000534,Healthy
1487,36.8064,0.9984,1.7974,0.9995,246.6885,0.4054,0.000396,Healthy
1488,36.8749,0.9986,1.7981,0.999,247.7859,0.4036,0.000259,Healthy
1489,38.1817,0.9985,1.7975,1.001,248.1476,0.403,0.000426,Healthy
1490,38.8142,1.0004,1.7984,0.9992,246.9746,0.4049,0.000428,Healthy
1491,37.5245,0.9987,1.7988,0.9994,247.9536,0.4033,0.000215,Healthy
1492,36.9348,0.998,1.7982,0.9999,246.8316,0.4051,0.000386,Healthy
1493,38.4498,0.9982,1.799,0.9987,247.9659,0.4033,0.000412,Healthy
1494,38.2229,0.997,1.7981,0.9991,248.186,0.4029,0.000757,Healthy
1495,37.3782,1.0,1.7978,1.0001,248.4115,0.4026,0.000276,Healthy
1496,37.9384,0.9985,1.7991,0.9986,247.5102,0.404,0.000733,Healthy
1497,37.6156,0.9993,1.7983,1.0005,247.2118,0.4045,0.000336,Healthy
1498,38.916,0.9981,1.8001,0.9997,247.6293,0.4038,9.7e-05,Healthy
1499,37.6827,0.9986,1.7997,1.0004,247.2035,0.4045,0.00062,Healthy
1500,38.3123,0.9996,1.799,0.9969,247.6257,0.4038,0.000229,Healthy
1501,37.5397,0.9995,1.7988,0.9999,248.0219,0.4032,0.000201,Healthy
1502,35.6869,0.9986,1.7983,0.9978,246.3865,0.4059,0.000314,Healthy
1503,37.5498,0.9992,1.7987,1.0004,246.917,0.405,0.000637,Healthy
1504,37.745,0.9992,1.7981,0.9999,247.9802,0.4033,0.000325,Healthy
1505,37.6994,0.9983,1.799,0.9976,247.719,0.4037,0.000541,Healthy
1506,37.7372,0.9998,1.7993,0.9988,247.9144,0.4034,0.000521,Healthy
1507,38.0352,0.9967,1.7982,0.9973,248.7621,0.402,0.00045,Healthy
1508,37.5597,0.9994,1.7989,0.9977,247.6813,0.4037,0.000395,Healthy
1509,36.3206,0.9978,1.7983,0.9987,246.5507,0.4056,0.000693,Healthy
1510,37.6363,0.9985,1.7989,0.998,248.1001,0.4031,0.00039,Healthy
1511,37.0025,0.9991,1.8,0.9995,248.4719,0.4025,0.000359,Healthy
1512,36.4435,1.0,1.8005,1.0003,247.4634,0.4041,0.000233,Healthy
1513,36.8709,0.9968,1.7984,1.0004,247.6172,0.4038,0.000524,Healthy
1514,38.8257,0.9981,1.8005,1.0008,247.6241,0.4038,0.000349,Healthy
1515,38.2848,0.9981,1.7973,1.0001,248.7007,0.4021,0.000496,Healthy
1516,36.7185,0.9973,1.7986,0.9983,247.4531,0.4041,0.000669,Healthy
1517,38.3171,0.9999,1.7975,0.9984,248.3317,0.4027,0.000555,Healthy
1518,38.9583,0.9989,1.8003,0.9993,248.5727,0.4023,0.000401,Healthy
1519,37.7456,0.9994,1.8001,0.9995,247.655,0.4038,0.000741,Healthy
1520,35.9824,0.9971,1.7992,0.9988,248.2044,0.4029,0.000479,Healthy
1521,38.1946,0.9977,1.799,0.9998,248.6949,0.4021,0.000869,Healthy
1522,37.9349,0.9988,1.797,0.9983,247.5625,0.4039,0.000677,Healthy
1523,37.2526,0.9993,1.7985,0.9986,247.9146,0.4034,0.000389,Healthy
1524,37.4,0.9968,1.7982,0.9983,247.3012,0.4044,0.000551,Healthy
1525,38.2719,0.9987,1.7995,0.9994,247.4765,0.4041,0.000375,Healthy
1526,37.9971,0.999,1.7999,1.0,247.2778,0.4044,0.000447,Healthy
1527,38.2854,0.9995,1.7994,0.9987,246.7063,0.4053,0.000268,Healthy
1528,37.9685,0.9988,1.7974,0.9988,248.213,0.4029,0.000238,Healthy
1529,38.6362,0.9981,1.7997,0.9982,246.8852,0.405,0.000377,Healthy
1530,37.6779,0.9981,1.7983,0.9991,247.5681,0.4039,0.000456,Healthy
1531,36.3884,0.9989,1.7984,1.0004,246.9518,0.4049,0.000108,Healthy
1532,38.2521,0.9988,1.7975,0.9972,248.9319,0.4017,0.000752,Healthy
1533,35.7694,0.998,1.8001,0.9983,247.308,0.4044,0.000413,Healthy
1534,36.8645,0.9968,1.7995,0.9969,247.8968,0.4034,0.000648,Healthy
1535,36.602,0.9975,1.7997,0.9993,247.2037,0.4045,0.000711,Healthy
1536,38.73,0.9987,1.7976,0.9984,247.9251,0.4033,0.000433,Healthy
1537,38.5178,0.9969,1.797,0.999,247.3013,0.4044,0.000346,Healthy
1538,36.354,0.9985,1.7984,0.9994,247.7481,0.4036,0.000445,Healthy
1539,38.7118,0.9971,1.799,0.9971,247.0208,0.4048,0.000229,Healthy
1540,38.3976,0.9984,1.7984,0.9977,247.4502,0.4041,0.000319,Healthy
1541,38.0806,0.9975,1.7998,0.9971,247.0433,0.4048,0.000808,Healthy
1542,37.4275,0.9971,1.7987,0.9983,247.0183,0.4048,0.000253,Healthy
1543,39.9921,0.9982,1.7965,1.0003,248.1744,0.4029,0.00032,Healthy
1544,37.0327,0.9991,1.7982,0.9968,249.1138,0.4014,0.000386,Healthy
1545,38.9775,0.9997,1.7975,0.9998,247.1613,0.4046,0.0001,Healthy
1546,37.4431,0.9989,1.798,0.9985,248.5959,0.4023,0.000495,Healthy
1547,37.11,0.9992,1.7987,0.9962,248.0222,0.4032,0.000552,Healthy
1548,37.8025,0.9993,1.7978,0.9991,246.4244,0.4058,0.000556,Healthy
1549,39.3506,0.9975,1.7977,0.9981,247.7805,0.4036,0.000262,Healthy
1550,38.127,0.9993,1.799,0.997,248.4711,0.4025,0.000662,Healthy
1551,38.4559,0.9988,1.7987,0.9998,249.2123,0.4013,0.000285,Healthy
1552,38.6561,0.9984,1.7983,0.9972,247.4442,0.4041,0.000276,Healthy
1553,37.4243,0.9973,1.798,0.9984,247.7479,0.4036,0.000153,Healthy
1554,36.6408,0.9988,1.7976,0.9998,247.8492,0.4035,0.000598,Healthy
1555,38.9276,0.9981,1.7979,0.9996,248.0751,0.4031,0.000439,Healthy
1556,38.914,0.9982,1.7985,0.9988,246.9183,0.405,0.000492,Healthy
1557,38.92,0.9989,1.7985,0.9986,247.9292,0.4033,0.000627,Healthy
1558,38.2918,0.9981,1.7988,0.9992,246.8572,0.4051,0.000511,Healthy
1559,36.0772,0.9989,1.7991,0.9995,247.3455,0.4043,0.00054,Healthy
1560,38.9472,0.9999,1.7984,0.9989,248.5487,0.4023,0.000178,Healthy
1561,37.5513,0.9998,1.7994,0.9991,246.4538,0.4058,0.000468,Healthy
1562,37.3397,0.9988,1.7976,0.9977,246.0051,0.4065,0.000723,Healthy
1563,37.4936,0.9986,1.7984,0.9977,246.6482,0.4054,0.000278,Healthy
1564,37.2367,0.9988,1.7976,1.0005,248.4757,0.4025,0.000641,Healthy
1565,37.7213,0.9999,1.7982,0.9987,247.7885,0.4036,0.00062,Healthy
1566,38.3283,0.998,1.7979,0.9994,248.2232,0.4029,0.000401,Healthy
1567,36.5508,0.9982,1.7991,1.0006,246.6911,0.4054,0.000395,Healthy
1568,37.5109,0.9998,1.7984,0.9978,248.095,0.4031,0.000399,Healthy
1569,36.8447,0.9975,1.8002,0.9991,247.7327,0.4037,0.000431,Healthy
1570,38.0597,0.9987,1.7987,0.9989,248.34,0.4027,0.000486,Healthy
1571,37.0454,0.9978,1.7964,1.0008,248.3337,0.4027,0.000315,Healthy
1572,37.6041,0.9978,1.8,0.9973,247.7336,0.4037,0.00046,Healthy
1573,38.4929,0.9983,1.7967,0.9985,246.8628,0.4051,0.000498,Healthy
1574,38.9805,0.9967,1.7976,0.9982,247.3337,0.4043,0.00063,Healthy
1575,37.6962,0.9988,1.7978,0.999,248.2597,0.4028,0.000336,Healthy
1576,38.4619,0.9985,1.7995,0.9985,247.941,0.4033,0.000475,Healthy
1577,37.7616,0.9987,1.799,0.9975,248.7814,0.402,0.000111,Healthy
1578,37.2926,0.9983,1.7988,1.0003,246.1464,0.4063,0.000382,Healthy
1579,36.1407,0.9985,1.7987,1.0003,247.728,0.4037,0.000693,Healthy
1580,38.3111,0.998,1.797,0.999,246.4363,0.4058,0.000743,Healthy
1581,37.7162,0.9996,1.7979,0.999,247.796,0.4036,0.000475,Healthy
1582,37.5015,0.9988,1.7975,0.9975,248.6213,0.4022,0.00063,Healthy
1583,37.9021,1.0001,1.7981,1.0001,247.766,0.4036,0.00028,Healthy
1584,39.3296,0.9994,1.7983,0.9995,247.301,0.4044,0.000651,Healthy
1585,35.9401,0.9974,1.7994,0.9985,247.7885,0.4036,0.000216,Healthy
1586,39.3331,0.9996,1.7982,0.9983,248.4447,0.4025,0.000882,Healthy
1587,38.6196,1.0006,1.7975,0.9979,246.6683,0.4054,0.000574,Healthy
1588,37.9989,0.9983,1.7992,1.0,246.3975,0.4058,0.000367,Healthy
1589,38.5163,0.9979,1.7976,0.9997,246.5849,0.4055,0.000426,Healthy
1590,38.1249,0.9978,1.7992,0.9982,248.7419,0.402,0.000462,Healthy
1591,38.4008,0.9992,1.7978,0.9967,247.9021,0.4034,0.000502,Healthy
1592,38.3103,0.9982,1.798,1.0007,246.4341,0.4058,0.000634,Healthy
1593,37.4077,0.9981,1.7981,0.9979,248.0675,0.4031,0.000766,Healthy
1594,38.2452,0.9985,1.7974,0.9992,249.3341,0.4011,0.000412,Healthy
1595,37.5702,0.9978,1.7979,0.996,247.9315,0.4033,0.000319,Healthy
1596,36.5846,0.9992,1.7973,0.9984,248.7792,0.402,0.000207,Healthy
1597,36.6485,0.9987,1.7996,0.9971,247.9307,0.4033,0.000605,Healthy
1598,36.2291,0.9992,1.7993,0.9984,248.6049,0.4022,0.000717,Healthy
1599,37.9607,0.9979,1.7974,0.9987,248.0573,0.4031,0.000425,Healthy
1600,36.122,0.9997,1.7986,0.9983,248.2857,0.4028,0.000795,Healthy
1601,35.6403,0.9988,1.797,0.9992,247.7008,0.4037,0.000617,Healthy
1602,37.4842,0.9965,1.7979,0.9991,248.4093,0.4026,0.000256,Healthy
1603,38.707,0.9977,1.7988,0.9982,247.7412,0.4036,0.000669,Healthy
1604,36.9056,0.9977,1.7986,1.0011,246.9034,0.405,0.000899,Healthy
1605,39.4925,0.9983,1.7981,0.998,247.5379,0.404,0.00021,Healthy
1606,37.8298,0.9999,1.7978,0.9985,246.2301,0.4061,0.000567,Healthy
1607,38.1042,0.9985,1.7982,0.9984,247.991,0.4032,0.000486,Healthy
1608,38.1464,0.9986,1.7995,0.9994,247.7423,0.4036,0.000796,Healthy
1609,38.2324,0.9997,1.799,0.9969,248.6304,0.4022,0.00052,Healthy
1610,37.8564,0.9987,1.798,0.9989,247.1115,0.4047,0.000748,Healthy
1611,37.8089,0.998,1.7975,0.999,247.7332,0.4037,0.000571,Healthy
1612,37.0798,0.9968,1.799,1.0002,246.7609,0.4053,0.000811,Healthy
1613,38.1305,0.9984,1.798,0.9973,248.3707,0.4026,0.000339,Healthy
1614,37.2814,0.9994,1.7965,0.9972,247.5645,0.4039,0.000553,Healthy
1615,38.2948,0.9981,1.8009,0.9985,247.3929,0.4042,0.000335,Healthy
1616,38.0079,0.999,1.7996,0.9972,247.3792,0.4042,0.000584,Healthy
1617,38.3802,0.9984,1.7989,0.9979,248.8208,0.4019,0.000694,Healthy
1618,36.8365,0.9973,1.7973,0.9994,246.5452,0.4056,0.000429,Healthy
1619,38.278,0.9983,1.7986,0.9976,248.0474,0.4031,0.000373,Healthy
1620,37.6563,0.9986,1.7985,0.9987,246.9695,0.4049,0.000436,Healthy
1621,37.9195,0.997,1.7979,0.9991,246.5466,0.4056,0.000728,Healthy
1622,38.9353,0.9971,1.7997,0.9986,247.9018,0.4034,0.000397,Healthy
1623,38.6598,0.9988,1.7976,0.9975,246.3973,0.4058,0.000534,Healthy
1624,38.3812,0.999,1.7983,0.9975,247.0183,0.4048,0.000728,Healthy
1625,37.5373,0.9985,1.7973,0.999,247.1964,0.4045,0.000707,Healthy
1626,38.5456,0.9979,1.7982,0.9981,246.4255,0.4058,0.000326,Healthy
1627,38.0872,0.9987,1.7985,0.9984,248.306,0.4027,0.000511,Healthy
1628,38.493,0.9966,1.7944,0.999,246.4182,0.4058,0.000456,Healthy
1629,37.6905,1.0,1.7988,0.9989,248.2261,0.4029,0.000572,Healthy
1630,37.5679,0.9994,1.7973,0.999,246.3169,0.406,0.00054,Healthy
1631,38.0902,1.0,1.7968,0.9981,248.2116,0.4029,0.000566,Healthy
1632,38.0818,0.9974,1.7978,0.9999,247.5108,0.404,0.000575,Healthy
1633,37.8472,0.9972,1.7993,0.9992,249.395,0.401,0.000297,Healthy
1634,38.5993,0.9971,1.7985,0.9997,245.8913,0.4067,0.000459,Healthy
1635,37.4924,0.9977,1.7988,0.9998,247.4409,0.4041,0.000542,Healthy
1636,38.0362,0.9984,1.7973,0.9998,247.7822,0.4036,0.00058,Healthy
1637,37.3014,0.9979,1.7982,0.9972,246.1941,0.4062,0.000381,Healthy
1638,38.3664,0.9977,1.7973,0.9979,247.1787,0.4046,0.000431,Healthy
1639,39.6826,0.9994,1.7994,0.9999,246.7424,0.4053,0.000257,Healthy
1640,37.0665,0.9997,1.7978,0.9974,247.1952,0.4045,0.000454,Healthy
1641,38.1685,0.9986,1.7975,0.9994,247.0271,0.4048,0.000471,Healthy
1642,38.505,0.9977,1.7978,0.9993,246.8508,0.4051,0.000426,Healthy
1643,38.402,1.0004,1.799,0.9992,247.9601,0.4033,0.000288,Healthy
1644,38.0517,0.9983,1.7987,0.9988,247.8378,0.4035,0.000441,Healthy
1645,38.0079,0.9971,1.798,1.0001,247.7875,0.4036,0.000499,Healthy
1646,39.4797,0.997,1.7972,1.0004,247.5678,0.4039,0.000455,Healthy
1647,37.0052,0.9988,1.7989,0.9976,247.4173,0.4042,0.000437,Healthy
1648,38.1712,0.9972,1.7996,0.9996,247.2375,0.4045,0.000461,Healthy
1649,37.8591,0.9976,1.7979,0.9984,248.8168,0.4019,0.000694,Healthy
1650,38.7177,0.9987,1.7972,0.9986,248.3014,0.4027,0.000253,Healthy
1651,38.481,1.0007,1.7994,1.0001,247.6982,0.4037,0.000699,Healthy
1652,37.3993,0.9991,1.799,0.999,248.5748,0.4023,0.000398,Healthy
1653,37.8258,0.9984,1.7973,0.9989,246.1454,0.4063,0.000715,Healthy
1654,38.0145,0.9978,1.7975,0.9984,248.0696,0.4031,0.000616,Healthy
1655,37.4146,0.9975,1.799,0.998,247.5654,0.4039,0.000531,Healthy
1656,38.2304,0.9992,1.7971,0.9968,247.062,0.4048,0.000867,Healthy
1657,39.6003,1.0002,1.7982,0.9969,245.6401,0.4071,0.000384,Healthy
1658,37.8259,0.9996,1.7992,0.9989,246.8011,0.4052,0.000315,Healthy
1659,38.1895,0.999,1.7987,0.9976,248.032,0.4032,0.000593,Healthy
1660,37.1315,0.9976,1.799,0.9984,248.7813,0.402,0.000608,Healthy
1661,37.6005,0.9983,1.7984,0.9979,246.7784,0.4052,0.000649,Healthy
1662,38.6678,0.9989,1.7999,0.9981,248.8464,0.4019,0.000328,Healthy
1663,37.1833,0.9966,1.7979,0.9982,247.9262,0.4033,0.000558,Healthy
1664,37.0408,0.9979,1.798,0.9969,246.7192,0.4053,0.000355,Healthy
1665,39.1439,0.9985,1.799,0.9972,248.4579,0.4025,0.00077,Healthy
1666,36.4001,0.9976,1.7988,0.9993,246.9582,0.4049,0.000449,Healthy
1667,37.5227,0.9984,1.7995,0.9979,248.3002,0.4027,0.000354,Healthy
1668,37.3243,0.9992,1.7993,0.9995,246.4454,0.4058,0.000417,Healthy
1669,38.6626,0.9984,1.7973,0.9991,246.9247,0.405,0.00087,Healthy
1670,39.2419,0.9989,1.7997,0.9987,248.1073,0.4031,0.000807,Healthy
1671,38.2042,0.9981,1.7966,0.9986,248.1522,0.403,0.0007,Healthy
1672,38.4131,0.9978,1.7964,0.9982,247.2485,0.4045,0.000449,Healthy
1673,38.5062,1.0003,1.7985,0.9984,247.2831,0.4044,0.000537,Healthy
1674,37.3506,0.9984,1.7988,0.9989,247.855,0.4035,0.000599,Healthy
1675,36.5975,0.999,1.7977,0.9976,246.6039,0.4055,0.000599,Healthy
1676,37.8387,0.9966,1.7988,0.9972,247.5979,0.4039,0.00056,Healthy
1677,38.7271,1.0001,1.797,0.9986,247.2634,0.4044,0.0006,Healthy
1678,38.1929,0.998,1.7979,0.9975,248.2733,0.4028,0.000605,Healthy
1679,38.7564,0.998,1.7977,0.9976,247.7686,0.4036,0.000306,Healthy
1680,39.5029,0.997,1.7986,1.0002,247.9593,0.4033,0.000549,Healthy
1681,37.251,0.9969,1.7991,1.0002,247.1274,0.4046,0.000286,Healthy
1682,36.0611,0.9973,1.7982,1.0003,248.0155,0.4032,0.000576,Healthy
1683,37.7093,0.9977,1.7997,0.9989,245.7934,0.4068,0.00038,Healthy
1684,37.3446,0.9978,1.7989,0.9985,247.4125,0.4042,0.000778,Healthy
1685,37.4758,1.0002,1.7976,0.9987,247.2475,0.4045,0.00054,Healthy
1686,38.3905,0.9987,1.7976,0.9975,249.4735,0.4008,0.000419,Healthy
1687,38.596,0.9967,1.798,0.9985,247.8478,0.4035,0.0,Healthy
1688,38.1713,0.9972,1.7986,0.9976,246.7836,0.4052,0.000462,Healthy
1689,37.1983,0.9978,1.7971,0.9968,248.2809,0.4028,0.000257,Healthy
1690,37.8991,0.9991,1.7977,0.9978,247.646,0.4038,0.000741,Healthy
1691,37.1083,0.9982,1.7966,0.9983,247.4909,0.4041,0.000346,Healthy
1692,37.68,0.9969,1.7984,0.9997,246.5843,0.4055,0.000393,Healthy
1693,38.4494,0.9995,1.7968,0.9985,247.687,0.4037,0.000497,Healthy
1694,36.0678,0.9988,1.7998,0.9988,246.6341,0.4055,0.000416,Healthy
1695,39.4669,0.9992,1.7989,0.999,246.9286,0.405,0.000478,Healthy
1696,37.9905,0.9989,1.7998,0.9998,246.3205,0.406,0.000564,Healthy
1697,38.644,0.9989,1.7977,1.0016,246.4328,0.4058,0.000302,Healthy
1698,38.2433,1.0004,1.7975,0.9984,248.3148,0.4027,0.000516,Healthy
1699,37.7905,0.9989,1.7986,0.9997,248.4847,0.4024,0.000581,Healthy
1700,38.2934,0.9985,1.7988,0.9987,247.4495,0.4041,0.000759,Healthy
1701,39.2747,0.9968,1.7983,0.998,247.1997,0.4045,0.000601,Healthy
1702,38.5992,0.9982,1.7964,0.9977,248.1642,0.403,0.0,Healthy
1703,39.0153,0.9988,1.7996,0.9984,245.7964,0.4068,0.000607,Healthy
1704,39.0869,0.9992,1.7976,0.9987,247.0177,0.4048,0.000357,Healthy
1705,38.8333,0.9971,1.7974,0.9975,246.2503,0.4061,0.000551,Healthy
1706,39.0,0.9981,1.7968,0.9995,248.7896,0.4019,0.000393,Healthy
1707,37.6898,0.9988,1.7999,0.9981,246.3735,0.4059,0.000648,Healthy
1708,38.7137,0.9983,1.7977,0.9996,247.8604,0.4035,0.000369,Healthy
1709,38.1155,0.9969,1.799,0.9984,247.0879,0.4047,0.000516,Healthy
1710,38.1102,0.9992,1.7989,0.9985,248.0459,0.4032,0.000603,Healthy
1711,37.7385,0.9982,1.7981,0.9991,247.1399,0.4046,0.000445,Healthy
1712,39.6566,0.9992,1.7975,0.9992,247.5267,0.404,0.000602,Healthy
1713,38.1933,0.9995,1.7986,0.9986,248.2643,0.4028,0.000571,Healthy
1714,38.1824,0.9986,1.7982,0.9986,246.9596,0.4049,0.000374,Healthy
1715,37.2881,0.9969,1.7974,0.9985,247.51,0.404,0.00047,Healthy
1716,36.2042,0.9999,1.7994,0.9991,248.952,0.4017,0.000329,Healthy
1717,39.6007,0.9973,1.7985,0.9974,247.4363,0.4041,0.000602,Healthy
1718,37.9686,0.999,1.7984,0.9981,246.9695,0.4049,0.000688,Healthy
1719,37.5712,0.9992,1.7995,0.997,248.3278,0.4027,0.000938,Healthy
1720,38.2976,0.9989,1.7993,0.9983,247.5658,0.4039,0.000263,Healthy
1721,38.2087,0.9988,1.7988,0.9997,246.7987,0.4052,0.00042,Healthy
1722,39.616,0.9981,1.7985,0.9986,246.7597,0.4053,0.000851,Healthy
1723,37.6792,0.9971,1.7978,0.9966,246.8945,0.405,0.000333,Healthy
1724,38.5971,0.9976,1.7992,1.0,248.0389,0.4032,0.000484,Healthy
1725,38.2179,0.9968,1.7981,0.9978,247.968,0.4033,0.001042,Healthy
1726,38.5067,0.9963,1.7979,0.9987,247.4809,0.4041,0.000382,Healthy
1727,38.3048,0.997,1.7973,0.9993,246.597,0.4055,0.000636,Healthy
1728,37.0148,1.0,1.7975,0.9984,247.6725,0.4038,0.000415,Healthy
1729,38.2269,0.9988,1.7992,0.9994,247.2691,0.4044,0.000499,Healthy
1730,39.9933,0.9992,1.7973,0.9987,247.1369,0.4046,0.000502,Healthy
1731,37.1322,0.9979,1.8001,0.9992,245.4106,0.4075,0.000773,Healthy
1732,38.9893,0.9979,1.799,0.9978,247.0258,0.4048,0.000829,Healthy
1733,37.902,0.9964,1.7982,0.9985,248.3592,0.4026,0.000533,Healthy
1734,37.7839,0.9993,1.7984,0.9979,248.323,0.4027,0.000569,Healthy
1735,38.1253,0.9984,1.7972,0.9981,247.4004,0.4042,0.000492,Healthy
1736,39.1427,0.9985,1.7991,0.9986,248.241,0.4028,0.00061,Healthy
1737,38.1373,0.9982,1.7973,0.9991,247.3623,0.4043,0.000431,Healthy
1738,39.0136,0.997,1.7978,0.9996,247.6454,0.4038,0.000522,Healthy
1739,38.331,0.9984,1.7967,0.9983,248.6847,0.4021,0.0004,Healthy
1740,37.8774,0.9977,1.7982,0.998,247.7794,0.4036,0.000571,Healthy
1741,38.7526,0.9972,1.7979,0.9984,247.753,0.4036,0.000374,Healthy
1742,38.8681,0.9994,1.7973,0.9981,246.9615,0.4049,0.001059,Healthy
1743,37.7935,0.9999,1.797,0.9976,246.8362,0.4051,0.000364,Healthy
1744,37.9249,0.9975,1.7974,0.9998,248.363,0.4026,0.000723,Healthy
1745,38.5602,0.9983,1.7978,0.9977,247.6729,0.4038,0.000299,Healthy
1746,37.3477,0.9994,1.8002,0.999,248.2662,0.4028,0.000485,Healthy
1747,37.0745,0.9989,1.7988,0.9987,247.1856,0.4046,0.000727,Healthy
1748,37.3578,0.9975,1.7972,0.9987,246.5077,0.4057,0.000398,Healthy
1749,37.5836,0.998,1.7968,0.9987,248.3743,0.4026,0.000562,Healthy
1750,39.3831,0.9996,1.799,0.9987,247.393,0.4042,0.000688,Healthy
1751,37.8385,0.9964,1.7987,0.9975,246.6038,0.4055,0.000535,Healthy
1752,38.0775,0.9968,1.7984,0.9996,246.4693,0.4057,0.00079,Healthy
1753,36.9073,1.0004,1.7978,0.9987,245.8569,0.4067,0.000523,Healthy
1754,38.34,0.9982,1.7977,0.9977,248.2734,0.4028,0.000542,Healthy
1755,39.3916,0.9977,1.7978,0.9994,246.0691,0.4064,0.000294,Healthy
1756,39.0388,0.9971,1.7964,1.0005,246.2509,0.4061,0.000574,Healthy
1757,38.2179,0.9954,1.798,0.999,247.6479,0.4038,0.000718,Healthy
1758,37.8544,0.999,1.7976,0.9972,246.3248,0.406,0.000245,Healthy
1759,38.9739,0.9967,1.7985,0.9983,247.2794,0.4044,0.00081,Healthy
1760,37.8173,0.9989,1.7983,0.9984,249.2,0.4013,0.00025,Healthy
1761,39.2011,0.9989,1.7978,1.0002,245.88,0.4067,0.000434,Healthy
1762,37.2048,0.9987,1.7971,0.999,247.2079,0.4045,0.000443,Healthy
1763,38.4843,0.998,1.7971,1.0014,246.9658,0.4049,9.5e-05,Healthy
1764,37.5015,0.997,1.7991,0.9989,247.673,0.4038,0.000465,Healthy
1765,37.9535,0.9979,1.7982,0.9994,247.6214,0.4038,0.00064,Healthy
1766,38.5784,0.9991,1.7985,0.9989,248.302,0.4027,0.000407,Healthy
1767,37.496,0.997,1.7984,0.9967,247.7192,0.4037,0.000518,Healthy
1768,39.0901,0.9976,1.798,0.9997,248.4545,0.4025,0.000404,Healthy
1769,38.3296,0.9985,1.7986,0.9983,248.3716,0.4026,0.000163,Healthy
1770,37.8491,0.9987,1.7987,0.9999,248.3036,0.4027,0.000484,Healthy
1771,39.2277,0.9975,1.7992,1.0004,248.3155,0.4027,0.000562,Healthy
1772,37.9242,0.9967,1.7985,0.9975,246.7075,0.4053,0.000303,Healthy
1773,37.8231,0.9982,1.7985,0.998,248.1959,0.4029,0.0005,Healthy
1774,37.563,0.9985,1.8002,0.9989,247.0487,0.4048,0.000237,Healthy
1775,38.0195,0.9985,1.7978,0.9969,246.657,0.4054,0.000833,Healthy
1776,39.344,0.9973,1.7989,0.9974,248.4595,0.4025,0.000592,Healthy
1777,38.9583,0.9965,1.7989,0.9986,248.016,0.4032,0.000726,Healthy
1778,38.253,0.9976,1.799,0.9985,246.6348,0.4055,0.000359,Healthy
1779,37.0205,0.9977,1.7993,0.9988,246.9077,0.405,0.000705,Healthy
1780,37.538,0.9983,1.798,0.9994,246.0682,0.4064,0.000374,Healthy
1781,36.8952,0.998,1.7994,0.9981,246.92,0.405,0.000719,Healthy
1782,39.0624,0.9981,1.7989,0.9975,248.4294,0.4025,0.000974,Healthy
1783,38.6264,0.9961,1.7977,0.9992,246.9883,0.4049,0.000799,Healthy
1784,38.6817,0.9975,1.7982,0.9977,247.1779,0.4046,0.000434,Healthy
1785,39.1528,1.0003,1.7968,0.9966,247.1264,0.4047,0.000242,Healthy
1786,38.2518,0.999,1.7997,0.9988,247.1665,0.4046,0.00015,Healthy
1787,38.2375,0.9983,1.7989,0.9979,246.9715,0.4049,0.00025,Healthy
1788,36.3854,0.9971,1.7966,0.9989,246.9035,0.405,0.000439,Healthy
1789,37.4327,0.995,1.7997,0.9976,246.9866,0.4049,0.000256,Healthy
1790,38.9995,0.9984,1.7974,0.9982,248.6575,0.4022,0.000532,Healthy
1791,38.0784,0.9973,1.7963,0.9984,247.5739,0.4039,0.000767,Healthy
1792,36.4268,0.9971,1.7976,0.9986,247.196,0.4045,0.000523,Healthy
1793,38.5539,0.9973,1.7991,0.999,247.0546,0.4048,0.000868,Healthy
1794,39.4743,0.9991,1.7952,1.0001,247.9448,0.4033,0.000949,Healthy
1795,39.221,0.9998,1.7991,0.9999,248.9028,0.4018,0.000592,Healthy
1796,36.975,0.9979,1.7986,0.9986,246.3088,0.406,0.000223,Healthy
1797,37.6417,0.999,1.7998,0.9995,248.1504,0.403,0.000533,Healthy
1798,36.8427,0.9977,1.7979,0.9981,247.3468,0.4043,0.000638,Healthy
1799,38.9206,0.9979,1.7963,0.9981,247.3365,0.4043,0.000794,Healthy
1800,37.7858,0.9987,1.7985,0.9986,248.0444,0.4032,0.000418,Healthy
1801,37.7817,0.9982,1.7976,0.9991,246.7279,0.4053,0.000596,Healthy
1802,38.1635,0.9984,1.7977,0.9982,247.3738,0.4042,0.000591,Healthy
1803,38.242,0.9999,1.7972,0.9985,246.0366,0.4064,0.000625,Healthy
1804,37.355,0.9979,1.7978,0.9988,246.8518,0.4051,0.000432,Healthy
1805,39.3977,0.9985,1.7976,0.9983,248.6088,0.4022,0.000504,Healthy
1806,37.6994,0.9975,1.7976,0.998,246.2673,0.4061,0.000327,Healthy
1807,37.5891,0.9988,1.7978,0.9983,248.3056,0.4027,0.000811,Healthy
1808,38.0287,0.9976,1.7973,0.9992,247.1242,0.4047,0.000475,Healthy
1809,37.6053,0.9974,1.7985,0.9972,248.0824,0.4031,0.000446,Healthy
1810,38.1383,0.9969,1.7982,0.9982,247.2449,0.4045,0.000847,Healthy
1811,38.402,0.9974,1.7975,0.9991,248.3225,0.4027,0.00061,Healthy
1812,38.8126,0.9988,1.7996,0.9966,247.8158,0.4035,0.00075,Healthy
1813,37.1924,0.9973,1.7973,0.9978,246.8951,0.405,0.000602,Healthy
1814,38.9577,0.9993,1.7973,0.9977,248.3317,0.4027,0.000684,Healthy
1815,38.3333,0.9987,1.7982,0.9991,247.0086,0.4048,0.000608,Healthy
1816,37.0604,0.9975,1.7975,0.9982,246.5348,0.4056,0.000448,Healthy
1817,37.0591,0.9987,1.7981,0.9968,246.6066,0.4055,0.000622,Healthy
1818,37.838,0.9975,1.7981,0.9989,246.1239,0.4063,0.000665,Healthy
1819,37.634,0.9982,1.7981,0.998,246.4526,0.4058,0.000499,Healthy
1820,39.5763,0.9968,1.7999,0.9983,247.2983,0.4044,0.000339,Healthy
1821,37.6608,0.9977,1.7971,0.9983,246.9429,0.405,0.000926,Healthy
1822,37.3468,0.9983,1.7984,0.9975,247.8165,0.4035,0.000477,Healthy
1823,36.2875,0.9988,1.7971,0.9975,247.8158,0.4035,0.000487,Healthy
1824,39.0174,0.9994,1.7975,0.9993,246.6596,0.4054,0.001004,Healthy
1825,37.7306,0.9992,1.799,0.9989,246.7261,0.4053,0.000527,Healthy
1826,36.5639,0.9984,1.7985,0.9987,244.8824,0.4084,0.000305,Healthy
1827,37.6901,0.9985,1.7985,0.9984,247.7677,0.4036,0.000353,Healthy
1828,38.7786,0.9986,1.7985,0.9984,248.7226,0.4021,0.000657,Healthy
1829,37.5175,0.9984,1.7989,0.9979,248.1279,0.403,0.000635,Healthy
1830,36.42,0.9985,1.7978,0.9991,248.0104,0.4032,0.000598,Healthy
1831,39.628,0.998,1.7988,0.9993,247.1756,0.4046,0.000715,Healthy
1832,37.8219,0.9977,1.7969,0.9988,247.5122,0.404,0.000795,Healthy
1833,38.9323,0.9979,1.797,0.999,248.1391,0.403,0.000711,Healthy
1834,39.1688,0.998,1.7977,0.9978,247.2043,0.4045,0.000544,Healthy
1835,38.4683,0.998,1.798,0.9978,248.0008,0.4032,0.000576,Healthy
1836,38.1652,0.9974,1.7968,0.9998,247.6897,0.4037,0.000236,Healthy
1837,38.9171,0.9991,1.7983,1.0001,247.4179,0.4042,0.000278,Healthy
1838,38.6005,0.9984,1.7976,0.9991,245.9089,0.4067,0.00076,Healthy
1839,37.6077,0.9972,1.798,0.999,247.3726,0.4042,0.000413,Healthy
1840,37.9071,0.997,1.7979,0.9996,247.2366,0.4045,0.000734,Healthy
1841,39.4781,0.9976,1.798,1.0007,248.394,0.4026,0.000228,Healthy
1842,38.6253,0.9982,1.799,0.9978,246.5653,0.4056,0.000427,Healthy
1843,37.8599,0.999,1.797,0.9979,245.8043,0.4068,0.000764,Healthy
1844,39.336,0.9978,1.7979,0.999,248.4136,0.4026,0.000645,Healthy
1845,37.763,0.9965,1.797,0.9986,246.7082,0.4053,0.000602,Healthy
1846,37.8805,0.9971,1.797,1.0001,247.9422,0.4033,0.00091,Healthy
1847,38.7566,0.9977,1.7995,0.9985,247.4062,0.4042,0.000556,Healthy
1848,35.9689,0.9998,1.7986,0.9989,247.1786,0.4046,0.000597,Healthy
1849,37.8504,0.9988,1.7968,0.9987,247.6758,0.4038,0.000525,Healthy
1850,38.6267,0.9972,1.7972,0.9988,247.7678,0.4036,0.00019,Healthy
1851,38.7494,0.9976,1.798,0.9972,246.5422,0.4056,0.000759,Healthy
1852,38.3599,0.9978,1.798,0.999,247.5744,0.4039,0.000551,Healthy
1853,39.2098,0.9991,1.7986,0.9986,247.7464,0.4036,0.000629,Healthy
1854,39.1858,0.999,1.7971,0.9974,246.658,0.4054,0.000761,Healthy
1855,37.078,0.9985,1.7985,0.9997,247.3618,0.4043,0.000298,Healthy
1856,37.5733,0.997,1.7976,0.9983,246.2836,0.406,0.000861,Healthy
1857,37.2824,0.9995,1.7993,0.9994,246.6595,0.4054,0.000636,Healthy
1858,37.3225,0.9991,1.7981,0.9981,246.234,0.4061,7.2e-05,Healthy
1859,37.5154,0.9993,1.7977,0.9983,247.7359,0.4037,0.000929,Healthy
1860,39.408,0.9972,1.7962,1.0009,249.0252,0.4016,0.000606,Healthy
1861,37.3334,0.9991,1.798,0.9984,247.9241,0.4033,0.000635,Healthy
1862,37.4029,0.9978,1.7988,0.999,247.4166,0.4042,0.000755,Healthy
1863,38.064,0.9983,1.7948,0.9981,247.8166,0.4035,0.000491,Healthy
1864,37.9822,0.9971,1.7991,0.9991,247.8643,0.4034,0.000224,Healthy
1865,38.2286,0.9979,1.7979,0.9979,246.9256,0.405,0.000739,Healthy
1866,36.8285,0.9999,1.7986,0.9985,247.9265,0.4033,0.000279,Healthy
1867,37.8288,0.998,1.7995,0.9985,247.5595,0.4039,0.000452,Healthy
1868,38.7519,0.9998,1.7991,0.9984,247.7384,0.4037,0.000686,Healthy
1869,38.7695,0.9992,1.7992,0.9984,247.71,0.4037,0.000494,Healthy
1870,37.6275,0.9979,1.7981,0.9968,247.8833,0.4034,1.8e-05,Healthy
1871,40.5397,0.9996,1.7979,0.9985,247.4359,0.4041,0.000453,Healthy
1872,38.5237,0.998,1.798,0.9987,246.1412,0.4063,0.00058,Healthy
1873,38.5022,0.9983,1.7979,0.9996,246.9076,0.405,0.000617,Healthy
1874,39.411,0.998,1.7983,0.9984,248.1789,0.4029,0.000521,Healthy
1875,39.4017,0.998,1.7973,0.9992,246.9438,0.405,0.000697,Healthy
1876,36.1933,0.9981,1.7977,0.9974,246.7434,0.4053,0.000458,Healthy
1877,38.3402,0.9968,1.7984,0.9999,247.4092,0.4042,0.000735,Healthy
1878,39.256,0.9994,1.8,0.998,246.6082,0.4055,0.00073,Healthy
1879,38.9488,0.9989,1.8,0.9985,247.5224,0.404,0.000378,Healthy
1880,40.0923,0.9978,1.7978,0.9981,246.6641,0.4054,0.000428,Healthy
1881,37.9668,0.9968,1.7973,1.0004,247.767,0.4036,0.000759,Healthy
1882,39.3294,1.0,1.7963,0.9973,246.534,0.4056,0.000481,Healthy
1883,38.1489,0.9977,1.7983,0.9985,246.5972,0.4055,0.00014,Healthy
1884,37.5969,0.9976,1.7979,0.9974,246.7814,0.4052,0.000349,Healthy
1885,38.2923,0.997,1.7973,0.9972,247.0497,0.4048,0.000402,Healthy
1886,39.1202,0.9985,1.798,0.9977,247.4754,0.4041,0.000714,Healthy
1887,38.5108,0.9997,1.7986,0.9994,247.2764,0.4044,0.000711,Healthy
1888,37.761,0.9977,1.7985,0.9988,247.5741,0.4039,0.000796,Healthy
1889,37.2602,0.9971,1.7983,0.9978,249.8687,0.4002,0.00068,Healthy
1890,38.3393,0.9976,1.7976,0.9985,247.2546,0.4044,0.000486,Healthy
1891,38.1853,0.9995,1.7995,0.9987,246.0905,0.4064,0.000685,Healthy
1892,39.649,0.9995,1.7988,0.9999,247.2047,0.4045,0.000703,Healthy
1893,37.8628,0.9984,1.7994,0.9979,246.4713,0.4057,0.000597,Healthy
1894,38.2279,0.9988,1.7977,1.0002,246.1273,0.4063,0.000829,Healthy
1895,37.7991,0.9963,1.7983,0.9982,246.2698,0.4061,0.000242,Healthy
1896,38.4061,0.9991,1.7987,0.9985,247.5391,0.404,0.000573,Healthy
1897,37.2708,0.9967,1.7979,0.9983,247.8353,0.4035,0.000731,Healthy
1898,38.9005,0.9978,1.7967,0.9989,247.5731,0.4039,0.000102,Healthy
1899,37.7507,0.9974,1.7982,0.9977,247.121,0.4047,0.000538,Healthy
1900,38.2927,0.9974,1.7975,0.9974,247.4541,0.4041,0.000694,Healthy
1901,37.8053,0.9996,1.7978,1.0,246.6348,0.4055,0.000175,Healthy
1902,38.7454,0.9983,1.7981,0.9978,247.1193,0.4047,0.000478,Healthy
1903,38.1835,0.9989,1.7983,0.9991,246.96,0.4049,0.000512,Healthy
1904,37.5044,0.9977,1.7948,0.9979,247.0785,0.4047,0.000694,Healthy
1905,38.2141,0.9984,1.7959,0.9984,245.7989,0.4068,0.00034,Healthy
1906,38.2811,0.9994,1.7985,0.9985,247.1254,0.4047,0.000439,Healthy
1907,37.9974,0.9985,1.7967,0.9991,246.8287,0.4051,0.000747,Healthy
1908,39.2033,0.9964,1.7975,0.9976,245.6878,0.407,0.000376,Healthy
1909,40.3892,0.9987,1.8,0.9993,246.543,0.4056,0.000506,Healthy
1910,38.9087,0.9985,1.7975,0.997,249.7652,0.4004,0.000555,Healthy
1911,38.1792,0.9982,1.7978,0.9986,248.1631,0.403,0.000558,Healthy
1912,37.5114,0.9979,1.7976,0.9999,248.0689,0.4031,0.000605,Healthy
1913,37.4204,0.9969,1.7981,0.9988,246.8308,0.4051,0.000488,Healthy
1914,37.971,0.9981,1.7957,0.9974,246.6274,0.4055,0.000826,Healthy
1915,37.7959,0.9983,1.7983,0.9998,248.1376,0.403,0.000573,Healthy
1916,38.0684,0.9974,1.7978,0.998,247.5689,0.4039,0.000669,Healthy
1917,38.924,0.9993,1.7999,0.9986,248.0041,0.4032,0.000515,Healthy
1918,39.4004,0.9991,1.7991,0.9986,246.5883,0.4055,0.000306,Healthy
1919,38.4222,0.9996,1.7978,0.9992,247.7967,0.4036,0.000529,Healthy
1920,39.5091,0.9952,1.7969,0.9975,246.4642,0.4057,0.000653,Healthy
1921,38.6898,0.9985,1.7987,0.9975,246.144,0.4063,0.000666,Healthy
1922,37.9554,0.9965,1.799,0.9999,248.3627,0.4026,0.000624,Healthy
1923,38.9621,0.9994,1.7974,0.9996,247.3358,0.4043,0.00077,Healthy
1924,38.6121,0.9994,1.7983,0.997,248.2755,0.4028,0.000398,Healthy
1925,39.4674,0.998,1.7993,0.9996,247.4566,0.4041,0.000689,Healthy
1926,38.8049,0.9961,1.7982,0.9973,247.2479,0.4045,0.000359,Healthy
1927,37.5206,0.9997,1.7991,0.9985,247.2573,0.4044,0.000539,Healthy
1928,38.9263,0.9974,1.7991,0.9982,246.7721,0.4052,0.000593,Healthy
1929,37.9993,0.9984,1.7975,0.9989,248.0793,0.4031,0.000445,Healthy
1930,38.3695,0.9985,1.7976,0.9989,247.5493,0.404,0.000806,Healthy
1931,37.991,0.9971,1.7978,0.9975,247.5551,0.404,0.000357,Healthy
1932,40.344,0.9994,1.7981,0.9993,245.7926,0.4068,0.001094,Healthy
1933,38.0072,0.9979,1.7962,0.9989,246.2154,0.4061,0.00061,Healthy
1934,38.0458,0.997,1.7973,0.9987,246.0738,0.4064,0.00044,Healthy
1935,39.0136,1.0007,1.7985,0.9975,246.8038,0.4052,0.000597,Healthy
1936,38.2053,0.999,1.7983,0.9994,246.8444,0.4051,0.000856,Healthy
1937,38.3534,0.9971,1.8002,0.9966,246.5035,0.4057,0.000466,Healthy
1938,40.495,0.9999,1.7996,0.9981,249.0339,0.4016,0.000665,Healthy
1939,39.272,0.9982,1.798,0.9982,246.9238,0.405,0.000713,Healthy
1940,38.7858,0.998,1.7996,0.9955,247.4979,0.404,0.000736,Healthy
1941,39.4114,0.998,1.7983,0.9994,248.2814,0.4028,0.000532,Healthy
1942,38.7092,0.9997,1.7959,0.9978,248.2597,0.4028,0.000811,Healthy
1943,38.9154,0.9976,1.7972,0.9979,248.3239,0.4027,0.000467,Healthy
1944,38.5803,0.9973,1.7989,0.9979,247.0059,0.4048,0.000257,Healthy
1945,37.2103,0.9981,1.7967,1.0005,245.4333,0.4074,0.000433,Healthy
1946,38.5162,0.9977,1.7969,0.9975,246.2885,0.406,0.000536,Healthy
1947,40.0661,0.9981,1.7992,0.9989,247.9706,0.4033,3.4e-05,Healthy
1948,38.2628,0.9994,1.7975,1.0002,248.2651,0.4028,0.000501,Healthy
1949,38.1057,0.997,1.7974,0.9972,247.4195,0.4042,0.000303,Healthy
1950,38.993,0.9987,1.7964,1.0,247.4859,0.4041,0.000745,Healthy
1951,37.9049,0.9987,1.7992,0.9983,248.675,0.4021,0.000604,Healthy
1952,39.4262,0.9983,1.7986,0.9968,247.3688,0.4043,0.000449,Healthy
1953,37.8383,0.9998,1.7978,0.9974,246.7832,0.4052,0.000336,Healthy
1954,39.6643,0.9974,1.7986,0.9998,246.6689,0.4054,0.000703,Healthy
1955,37.6949,1.0005,1.799,0.9982,246.4492,0.4058,0.000574,Healthy
1956,38.2488,1.0,1.7968,0.9986,247.0513,0.4048,0.000573,Healthy
1957,38.4357,0.9979,1.7989,0.999,247.3996,0.4042,0.0,Healthy
1958,38.7642,0.9964,1.7987,0.9999,246.322,0.406,0.000545,Healthy
1959,38.0467,0.9993,1.7981,1.0002,247.3925,0.4042,0.000646,Healthy
1960,38.5826,0.9989,1.7963,0.9985,247.004,0.4049,0.000743,Healthy
1961,38.3796,0.997,1.798,0.9973,245.5183,0.4073,0.000744,Healthy
1962,38.9948,0.9985,1.7993,0.9978,245.9121,0.4066,0.000585,Healthy
1963,38.2554,0.9972,1.798,0.9978,245.5867,0.4072,0.000511,Healthy
1964,37.6261,0.9983,1.7974,0.9995,248.3371,0.4027,0.000735,Healthy
1965,37.2962,0.9995,1.7996,0.9984,248.1108,0.403,0.000489,Healthy
1966,37.0458,0.9973,1.7998,0.9969,247.0506,0.4048,0.000607,Healthy
1967,38.1302,0.9976,1.7981,0.9979,245.9119,0.4066,0.000643,Healthy
1968,39.4011,0.9989,1.7972,0.9972,246.8206,0.4052,0.000914,Healthy
1969,39.0607,0.9987,1.7989,0.9988,247.143,0.4046,0.000733,Healthy
1970,38.1091,0.9966,1.7988,0.9997,246.1504,0.4063,0.000765,Healthy
1971,39.8924,0.998,1.7972,0.9985,246.6031,0.4055,0.000478,Healthy
1972,38.8961,0.9964,1.7966,0.9984,247.0242,0.4048,0.00067,Healthy
1973,40.0516,0.9981,1.7986,0.9974,247.6549,0.4038,0.000497,Healthy
1974,38.6103,0.9979,1.7991,0.9971,245.2124,0.4078,0.00056,Healthy
1975,38.9298,0.9982,1.7993,0.9989,246.5864,0.4055,0.000137,Healthy
1976,38.367,0.9991,1.7976,0.9984,247.3731,0.4042,0.0004,Healthy
1977,39.0572,0.9997,1.7979,0.9973,246.9812,0.4049,0.000158,Healthy
1978,38.8299,0.9985,1.7997,0.9982,247.3598,0.4043,0.000431,Healthy
1979,38.2771,0.9965,1.7978,0.9981,247.2709,0.4044,0.000479,Healthy
1980,38.6307,0.9977,1.7977,0.9985,247.0624,0.4048,0.000756,Healthy
1981,38.4693,0.9977,1.7978,0.9977,246.7406,0.4053,0.001011,Healthy
1982,37.8375,0.9977,1.7976,0.9982,246.762,0.4052,0.00066,Healthy
1983,37.2013,0.9991,1.7986,0.9972,245.2102,0.4078,0.000409,Healthy
1984,38.3771,1.0006,1.7986,0.9966,246.4723,0.4057,0.000595,Healthy
1985,38.7759,0.9967,1.7979,0.9977,246.1395,0.4063,0.000657,Healthy
1986,39.1939,0.9989,1.7986,0.9979,247.5926,0.4039,0.000668,Healthy
1987,38.6838,0.9974,1.7975,0.9985,248.9714,0.4017,0.000666,Healthy
1988,38.0894,0.9972,1.7975,1.0006,246.6986,0.4054,0.000788,Healthy
1989,38.2795,0.9983,1.7988,0.9978,246.5036,0.4057,0.000938,Healthy
1990,39.3697,0.9988,1.7988,0.9989,248.6292,0.4022,0.000616,Healthy
1991,39.0456,0.9966,1.7972,0.9972,248.0328,0.4032,9.7e-05,Healthy
1992,38.2638,0.995,1.7972,0.9979,248.1199,0.403,0.000687,Healthy
1993,37.9209,0.9991,1.798,0.9984,246.0484,0.4064,0.00041,Healthy
1994,37.9291,0.9981,1.7981,0.9999,247.317,0.4043,6.7e-05,Healthy
1995,38.8011,0.9966,1.797,0.9976,246.4768,0.4057,0.000333,Healthy
1996,38.7556,0.9966,1.7984,1.0006,245.9425,0.4066,0.000552,Healthy
1997,36.5758,0.9977,1.7986,0.9991,247.0664,0.4047,0.000787,Healthy
1998,40.6332,0.9997,1.7975,0.997,246.6781,0.4054,0.00042,Healthy
1999,38.9593,0.9968,1.7979,0.9992,246.9209,0.405,0.00042,Healthy
2000,39.5399,0.9961,1.7977,0.9984,247.0127,0.4048,0.000646,Healthy
2001,39.0902,0.998,1.7976,0.998,246.5093,0.4057,0.000768,Healthy
2002,38.0864,0.9988,1.798,0.9979,247.4917,0.4041,0.000465,Healthy
2003,39.1159,0.9982,1.7974,0.9989,247.4328,0.4042,0.000842,Healthy
2004,39.3801,0.9985,1.7969,1.0008,245.8711,0.4067,0.000801,Healthy
2005,38.954,0.9968,1.7979,0.9983,248.037,0.4032,0.000469,Healthy
2006,38.4012,0.9957,1.7997,0.9973,247.2525,0.4044,0.000592,Healthy
2007,38.5342,0.9988,1.7997,0.9986,247.5136,0.404,0.000678,Healthy
2008,39.4284,0.9975,1.7991,0.9995,247.854,0.4035,0.00048,Healthy
2009,38.4815,0.9982,1.7966,1.0,246.9767,0.4049,0.000669,Healthy
2010,38.1564,0.9967,1.7974,0.9986,247.5237,0.404,0.000645,Healthy
2011,38.8972,0.9977,1.7985,0.9999,247.5473,0.404,0.000775,Healthy
2012,38.8568,0.9965,1.7969,0.9988,246.9732,0.4049,0.000702,Healthy
2013,39.9645,0.9987,1.7992,0.9985,246.3347,0.406,0.000602,Healthy
2014,37.9814,0.9995,1.7988,0.9989,247.9678,0.4033,0.00021,Healthy
2015,39.0975,0.9967,1.798,0.9981,247.5069,0.404,0.00066,Healthy
2016,39.7049,0.9974,1.7987,0.9985,245.6678,0.4071,0.000431,Healthy
2017,38.5107,0.9991,1.7984,0.9972,246.8622,0.4051,0.001019,Healthy
2018,38.7214,0.9977,1.7985,0.9991,246.6081,0.4055,0.000716,Healthy
2019,38.3711,0.9987,1.7982,0.9989,246.3642,0.4059,0.000451,Healthy
2020,39.3924,0.9979,1.7983,0.9981,247.689,0.4037,0.000494,Healthy
2021,38.5293,0.9988,1.7992,0.9979,248.5362,0.4024,0.000679,Healthy
2022,37.8053,0.9983,1.7976,0.9988,246.9327,0.405,0.000631,Healthy
2023,37.9121,0.999,1.7968,0.9973,247.2594,0.4044,0.000937,Healthy
2024,38.3611,0.9987,1.799,0.9992,246.715,0.4053,0.000399,Healthy
2025,36.879,0.9977,1.7992,0.9973,247.5227,0.404,0.000427,Healthy
2026,38.7317,0.9987,1.7973,0.9985,246.6289,0.4055,0.000759,Healthy
2027,38.8369,0.998,1.7995,0.999,246.4072,0.4058,0.000601,Healthy
2028,38.5897,0.9981,1.8005,0.9987,245.3293,0.4076,0.00051,Healthy
2029,37.1063,0.9976,1.796,0.9975,245.7399,0.4069,0.000696,Healthy
2030,38.6544,0.9983,1.7979,0.997,247.3658,0.4043,0.001003,Healthy
2031,38.9832,0.9975,1.7965,0.9975,247.3159,0.4043,0.000834,Healthy
2032,38.8663,0.9988,1.7987,0.9989,246.4252,0.4058,0.000654,Healthy
2033,37.9807,0.998,1.7983,1.0001,245.9027,0.4067,0.000716,Healthy
2034,39.8462,0.9987,1.7988,0.999,247.9877,0.4032,0.000403,Healthy
2035,37.5543,0.998,1.7958,0.9996,247.9241,0.4033,0.000534,Healthy
2036,38.3682,0.9979,1.798,0.9985,247.3926,0.4042,0.000586,Healthy
2037,39.4212,0.9984,1.7974,0.9997,245.8579,0.4067,0.000603,Healthy
2038,39.4419,0.9972,1.7983,0.9989,246.2546,0.4061,0.000607,Healthy
2039,38.545,0.9974,1.8003,0.9976,247.7454,0.4036,0.000543,Healthy
2040,37.8027,0.9981,1.7986,0.9993,248.1898,0.4029,0.001211,Healthy
2041,38.8742,0.9973,1.7984,0.9981,247.6793,0.4037,0.000363,Healthy
2042,40.5703,0.9988,1.7963,0.9977,247.5899,0.4039,0.000858,Healthy
2043,37.6596,0.9987,1.796,0.9983,247.8251,0.4035,0.000513,Healthy
2044,37.4737,0.9981,1.7974,0.999,246.2257,0.4061,0.000469,Healthy
2045,37.0642,0.9981,1.7978,0.9972,247.0875,0.4047,0.000829,Healthy
2046,38.5103,0.9982,1.7982,0.9972,248.5763,0.4023,0.00053,Healthy
2047,39.2095,0.9987,1.7978,0.999,247.1262,0.4047,0.000341,Healthy
2048,38.4206,0.9973,1.7975,0.9971,247.8291,0.4035,0.000945,Healthy
2049,39.4706,0.9992,1.7976,0.9977,246.3036,0.406,0.000754,Healthy
2050,38.8717,0.9979,1.7992,0.9988,246.2541,0.4061,0.000489,Healthy
2051,39.2374,0.999,1.7985,1.0003,248.2315,0.4028,0.000714,Healthy
2052,38.0227,0.9966,1.7976,0.9991,248.3833,0.4026,0.000709,Healthy
2053,39.6304,0.9977,1.7986,0.9992,245.3368,0.4076,0.000543,Healthy
2054,39.457,0.9982,1.7967,0.9959,246.6264,0.4055,0.000612,Healthy
2055,37.9919,0.9981,1.7985,0.999,245.0328,0.4081,0.000364,Healthy
2056,38.4571,0.9985,1.7984,0.9988,246.6093,0.4055,0.000561,Healthy
2057,38.1199,0.9987,1.797,0.9992,247.0808,0.4047,0.000618,Healthy
2058,38.179,0.9966,1.7973,0.998,245.0178,0.4081,0.000588,Healthy
2059,39.4457,0.9985,1.7974,0.9984,246.4666,0.4057,0.000657,Healthy
2060,39.9401,0.9989,1.7985,0.9979,247.51,0.404,0.000291,Healthy
2061,38.5079,0.9985,1.7987,0.999,247.1444,0.4046,0.000589,Healthy
2062,39.142,0.997,1.7971,0.9984,247.0456,0.4048,0.000263,Healthy
2063,39.0775,0.9987,1.7979,1.0007,246.3592,0.4059,0.000557,Healthy
2064,38.3991,0.9979,1.7976,0.9969,246.4668,0.4057,0.00061,Healthy
2065,39.6999,1.0001,1.7993,0.9976,246.3459,0.4059,0.000598,Healthy
2066,40.1464,0.9978,1.7966,0.9978,247.5066,0.404,0.000768,Healthy
2067,38.5604,0.9986,1.7957,0.9985,247.588,0.4039,0.000464,Healthy
2068,38.0533,0.9961,1.7995,0.9976,247.0908,0.4047,0.000751,Healthy
2069,39.9339,0.9978,1.7974,0.9985,247.9238,0.4033,0.000597,Healthy
2070,37.9621,0.9964,1.7967,0.9992,246.6385,0.4055,0.000509,Healthy
2071,38.155,0.998,1.7977,0.9981,247.973,0.4033,0.000939,Healthy
2072,37.4416,0.9983,1.7972,0.9981,247.1394,0.4046,0.000589,Healthy
2073,38.9158,0.9986,1.7982,0.9977,246.3871,0.4059,0.000344,Healthy
2074,38.0501,0.9999,1.7971,0.9971,247.1449,0.4046,0.00061,Healthy
2075,38.5785,0.9993,1.7985,0.9978,246.5479,0.4056,0.000532,Healthy
2076,39.4366,0.9976,1.7961,0.9983,245.6564,0.4071,0.00107,Healthy
2077,37.9661,0.9978,1.7982,0.998,246.6525,0.4054,0.000717,Healthy
2078,39.9614,0.9987,1.7994,0.9973,247.1369,0.4046,0.000664,Healthy
2079,39.0231,0.9993,1.7977,0.9979,247.3087,0.4044,0.000278,Healthy
2080,38.5545,0.9978,1.797,0.9994,246.0302,0.4065,0.000607,Healthy
2081,38.9803,0.9993,1.7979,0.9993,247.439,0.4041,0.000659,Healthy
2082,37.876,0.9965,1.798,0.9978,247.6124,0.4039,0.000784,Healthy
2083,38.6017,0.9968,1.7984,0.9973,246.2687,0.4061,0.000439,Healthy
2084,38.6404,0.9991,1.7979,0.9979,245.6535,0.4071,0.000746,Healthy
2085,38.1287,0.998,1.7976,0.9992,246.7467,0.4053,0.000624,Healthy
2086,39.1434,1.0,1.7988,0.9982,246.8736,0.4051,0.000531,Healthy
2087,37.9966,0.9974,1.7971,0.999,246.0125,0.4065,0.000903,Healthy
2088,39.36,0.9979,1.7979,0.9978,247.0841,0.4047,0.000854,Healthy
2089,38.1977,0.9964,1.7986,0.9987,245.9703,0.4066,0.00049,Healthy
2090,38.0747,0.9972,1.7976,0.9981,246.3444,0.4059,0.000485,Healthy
2091,38.5808,0.9981,1.7976,0.9995,247.27,0.4044,0.000319,Healthy
2092,39.1846,0.9985,1.7975,0.9968,246.8685,0.4051,0.000636,Healthy
2093,37.8701,0.9965,1.7978,0.9981,246.5267,0.4056,0.000621,Healthy
2094,37.887,0.9975,1.7984,0.998,245.5214,0.4073,0.000544,Healthy
2095,37.9149,0.9982,1.7982,0.9967,247.4647,0.4041,0.000416,Healthy
2096,40.0201,0.9979,1.7967,0.9972,247.1345,0.4046,0.000561,Healthy
2097,38.6973,0.9995,1.7972,0.9984,247.9904,0.4032,0.000693,Healthy
2098,37.4911,0.9984,1.7967,0.9997,246.1947,0.4062,0.001233,Healthy
2099,39.9521,0.9971,1.7979,0.9991,247.4784,0.4041,0.000728,Healthy
2100,39.7817,0.9978,1.7975,0.998,247.5367,0.404,0.000713,Healthy
2101,39.0148,0.9987,1.7958,0.9986,247.0234,0.4048,0.000974,Healthy
2102,37.5607,0.9995,1.798,0.9988,248.1877,0.4029,0.000753,Healthy
2103,39.1057,0.9981,1.7974,0.9983,246.2731,0.4061,0.000632,Healthy
2104,36.9185,0.9983,1.7978,0.998,247.0198,0.4048,0.000354,Healthy
2105,40.3324,0.9978,1.7977,0.9974,246.8617,0.4051,0.000919,Healthy
2106,39.6195,0.9987,1.7984,0.998,245.6809,0.407,0.000602,Healthy
2107,38.6039,0.9989,1.7982,0.9999,247.7975,0.4036,0.000551,Healthy
2108,37.3583,0.9993,1.7993,0.9969,248.0454,0.4032,0.000719,Healthy
2109,38.9247,0.9995,1.7992,0.999,247.2151,0.4045,0.000766,Healthy
2110,38.478,0.9978,1.797,0.998,246.5417,0.4056,0.000516,Healthy
2111,38.9092,0.9976,1.7984,0.9967,246.7428,0.4053,0.00067,Healthy
2112,38.5531,0.9977,1.7963,0.9987,247.3501,0.4043,0.000742,Healthy
2113,39.6344,0.9981,1.7984,0.9985,247.3805,0.4042,0.000328,Healthy
2114,38.0903,0.9995,1.7954,0.9982,247.7668,0.4036,0.000626,Healthy
2115,38.483,0.998,1.7975,0.9983,246.2808,0.406,0.000866,Healthy
2116,39.9474,0.9978,1.7965,0.9978,246.6788,0.4054,0.000746,Healthy
2117,38.0042,0.9971,1.7984,0.9992,246.3272,0.406,0.000378,Healthy
2118,41.4397,0.9987,1.7976,0.9992,246.7234,0.4053,0.000819,Healthy
2119,38.9417,0.998,1.7978,0.9969,248.372,0.4026,0.000457,Healthy
2120,37.728,0.9977,1.7969,0.9983,247.3702,0.4043,0.000845,Healthy
2121,39.4696,0.9976,1.7979,0.9987,245.4123,0.4075,0.00076,Healthy
2122,37.6538,0.9999,1.7975,0.9981,246.2012,0.4062,0.000521,Healthy
2123,40.6407,0.9988,1.7963,0.9998,247.7701,0.4036,0.000591,Healthy
2124,39.0686,0.9979,1.7998,0.9975,246.9308,0.405,0.000562,Healthy
2125,37.6786,1.0001,1.7967,0.9985,245.4199,0.4075,0.000568,Healthy
2126,39.1644,0.997,1.7985,0.998,247.7391,0.4037,0.00092,Healthy
2127,38.3592,0.9979,1.7981,0.9989,246.821,0.4052,0.000686,Healthy
2128,38.6357,0.998,1.7992,0.9989,247.369,0.4043,0.000793,Healthy
2129,38.7092,0.9982,1.7968,0.9996,244.5801,0.4089,0.000631,Healthy
2130,39.7467,0.9965,1.7983,0.9976,246.51,0.4057,0.000838,Healthy
2131,38.9942,0.9958,1.7969,0.9993,247.1627,0.4046,0.000999,Healthy
2132,40.1837,0.9975,1.8004,0.9983,246.0319,0.4065,0.000523,Healthy
2133,37.034,0.9995,1.7995,0.9973,246.6182,0.4055,0.000669,Healthy
2134,38.0729,0.9961,1.7977,0.998,246.4883,0.4057,0.000695,Healthy
2135,39.9866,0.9976,1.798,0.999,247.2408,0.4045,0.000528,Healthy
2136,38.9219,0.9984,1.7967,0.9996,247.9413,0.4033,0.000506,Healthy
2137,39.0015,0.9985,1.7973,0.9988,246.9251,0.405,0.000358,Healthy
2138,39.2157,0.9968,1.7988,0.9976,246.664,0.4054,0.000926,Healthy
2139,39.2473,0.9968,1.7968,0.9977,247.1072,0.4047,0.000723,Healthy
2140,38.1775,0.9967,1.7981,0.9981,248.5158,0.4024,0.000659,Healthy
2141,40.3052,0.9967,1.7963,0.9972,247.7398,0.4036,0.001004,Healthy
2142,38.2299,0.9974,1.7967,0.9965,247.3617,0.4043,0.000697,Healthy
2143,38.8658,0.9965,1.7995,0.9978,247.2124,0.4045,0.000362,Healthy
2144,38.7068,0.9981,1.7982,0.9984,247.1796,0.4046,0.000427,Healthy
2145,39.0189,0.998,1.7981,0.9984,245.7639,0.4069,0.00039,Healthy
2146,37.0914,0.9987,1.7987,0.9991,247.0264,0.4048,0.000227,Healthy
2147,38.0432,0.998,1.798,0.9981,247.0746,0.4047,0.000656,Healthy
2148,38.963,0.9972,1.7988,0.9979,245.7135,0.407,0.0005,Healthy
2149,38.5894,0.9988,1.7978,0.9981,245.7776,0.4069,0.000812,Healthy
2150,38.3484,0.9977,1.7993,0.9988,245.4724,0.4074,0.000301,Healthy
2151,38.8204,0.9966,1.7985,0.9983,246.9058,0.405,0.000514,Healthy
2152,40.2667,1.0007,1.7976,0.9986,246.8499,0.4051,0.000604,Healthy
2153,38.2097,0.9968,1.7967,0.9987,246.3548,0.4059,0.00014,Healthy
2154,39.2331,0.9978,1.7992,0.9986,245.5861,0.4072,0.00021,Healthy
2155,38.3034,0.9972,1.7988,0.9983,247.6745,0.4038,0.000392,Healthy
2156,39.653,0.9986,1.7958,0.9996,246.8408,0.4051,0.000735,Healthy
2157,38.1907,0.9991,1.7967,0.9991,247.421,0.4042,0.000462,Healthy
2158,40.4711,0.9981,1.7985,0.9967,248.4572,0.4025,0.000412,Healthy
2159,39.7061,0.9968,1.7972,0.9991,247.5835,0.4039,0.000403,Healthy
2160,39.7604,0.9989,1.7969,0.9999,245.5945,0.4072,0.000533,Healthy
2161,39.273,0.997,1.7981,0.9985,246.6088,0.4055,0.000825,Healthy
2162,38.7089,0.9981,1.799,0.9991,247.3858,0.4042,0.000429,Healthy
2163,39.3132,0.997,1.7966,0.9982,246.0321,0.4065,0.000817,Healthy
2164,39.5468,0.9959,1.797,0.9968,246.3839,0.4059,0.00075,Healthy
2165,38.7032,0.9972,1.7991,0.996,247.742,0.4036,0.000551,Healthy
2166,38.8363,0.9973,1.7994,0.997,246.7604,0.4053,0.000765,Healthy
2167,37.6118,0.9969,1.7977,0.9974,246.097,0.4063,0.00059,Healthy
2168,39.4221,0.9975,1.7989,0.9973,245.7465,0.4069,0.001046,Healthy
2169,38.3778,0.9965,1.7961,0.9993,246.4735,0.4057,0.00061,Healthy
2170,38.7786,0.9988,1.7977,1.0006,246.852,0.4051,0.000873,Healthy
2171,39.552,0.9978,1.7972,0.9986,247.1516,0.4046,0.000547,Healthy
2172,39.0427,0.9991,1.7999,0.9991,248.2322,0.4028,0.000536,Healthy
2173,39.4729,0.9992,1.7969,0.9978,248.1308,0.403,0.000467,Healthy
2174,37.8403,0.9994,1.799,0.9987,246.7024,0.4053,0.000574,Healthy
2175,39.1406,0.9994,1.7981,1.0004,246.0191,0.4065,0.000659,Healthy
2176,38.6184,0.9967,1.7977,0.9987,247.1554,0.4046,0.001097,Healthy
2177,39.2902,0.999,1.7979,0.9999,248.6533,0.4022,0.000769,Healthy
2178,38.1263,0.9973,1.7981,0.9987,247.2917,0.4044,0.000755,Healthy
2179,38.9278,0.9972,1.7982,1.0001,247.5474,0.404,0.000771,Healthy
2180,39.7477,0.9974,1.7973,0.9975,246.6298,0.4055,0.00058,Healthy
2181,39.8924,0.9973,1.797,1.0002,246.3674,0.4059,0.000695,Healthy
2182,39.2887,0.9967,1.7991,0.9989,247.9737,0.4033,0.000529,Healthy
2183,39.0087,0.9979,1.7981,0.9968,246.8142,0.4052,0.00038,Healthy
2184,39.2179,0.9957,1.796,0.9991,246.2865,0.406,0.000468,Healthy
2185,39.9497,0.9981,1.7987,0.9981,248.8662,0.4018,0.000545,Healthy
2186,40.3304,0.9978,1.7962,0.9987,246.9728,0.4049,0.000456,Healthy
2187,38.1988,0.9978,1.7982,0.9958,247.562,0.4039,0.000567,Healthy
2188,37.873,0.9988,1.7978,0.9995,247.0684,0.4047,0.000666,Healthy
2189,38.818,0.9983,1.7974,0.9974,247.2044,0.4045,0.000638,Healthy
2190,38.9689,0.9989,1.7977,0.9983,246.2353,0.4061,0.000753,Healthy
2191,39.2237,0.9987,1.7972,0.9978,247.3472,0.4043,0.000718,Healthy
2192,38.2206,0.9991,1.7961,0.999,245.6998,0.407,0.001045,Healthy
2193,37.7117,0.999,1.7977,0.9979,246.8588,0.4051,0.000794,Healthy
2194,38.2257,0.997,1.7985,0.9965,246.2416,0.4061,0.001276,Healthy
2195,38.1766,0.999,1.7972,0.9988,247.231,0.4045,0.000894,Healthy
2196,38.7926,0.9998,1.7972,0.9985,246.9022,0.405,0.000444,Healthy
2197,38.7259,0.998,1.7974,1.0007,246.0336,0.4064,0.000905,Healthy
2198,39.6416,0.9978,1.7969,0.9975,246.2886,0.406,0.000312,Healthy
2199,38.1554,0.9963,1.7991,0.9989,247.3303,0.4043,0.000787,Healthy
2200,39.0936,0.9993,1.7972,0.9983,247.2976,0.4044,0.000406,Healthy
2201,41.4391,0.9978,1.7979,0.9995,247.4305,0.4042,0.000678,Healthy
2202,39.0677,0.9963,1.7972,0.9988,247.0521,0.4048,0.000915,Healthy
2203,38.869,0.9964,1.7989,0.9997,247.4141,0.4042,0.000638,Healthy
2204,39.8027,1.0012,1.7979,0.9969,246.225,0.4061,0.000796,Healthy
2205,37.6852,0.998,1.7982,0.9998,247.7407,0.4036,0.000844,Healthy
2206,37.2407,0.9987,1.7985,0.9985,245.3068,0.4077,0.000516,Healthy
2207,38.0391,0.9958,1.7978,0.9974,248.7897,0.4019,0.000638,Healthy
2208,40.0094,0.9962,1.7973,0.9983,245.9615,0.4066,0.000588,Healthy
2209,38.8018,0.9976,1.7996,0.9986,247.0701,0.4047,0.000781,Healthy
2210,39.4681,0.9977,1.7975,0.9984,247.6104,0.4039,0.000898,Healthy
2211,38.7875,0.9986,1.7976,0.9983,246.3047,0.406,0.000637,Healthy
2212,40.0547,0.9979,1.7979,0.9968,246.4346,0.4058,0.000625,Healthy
2213,38.3201,0.9978,1.7974,0.9983,246.7777,0.4052,0.000483,Healthy
2214,38.6662,0.9979,1.799,0.9985,246.1495,0.4063,0.000754,Healthy
2215,40.353,0.9987,1.7983,0.999,247.8295,0.4035,0.00089,Healthy
2216,39.4422,0.9989,1.7967,0.9967,246.8017,0.4052,0.000689,Healthy
2217,38.5555,0.9986,1.7959,0.9977,246.2865,0.406,0.000348,Healthy
2218,40.1882,0.9964,1.7972,0.9991,247.1898,0.4045,0.000454,Healthy
2219,39.5402,0.9981,1.8001,0.9986,246.5585,0.4056,0.000504,Healthy
2220,38.4006,0.997,1.7992,0.9982,247.1222,0.4047,0.000979,Healthy
2221,37.111,0.9991,1.7978,0.9987,246.0058,0.4065,0.000525,Healthy
2222,39.3907,1.0002,1.7988,0.9995,246.5134,0.4057,0.000557,Healthy
2223,38.3768,0.9973,1.7957,0.9975,246.2172,0.4061,0.000642,Healthy
2224,39.1086,0.9981,1.7978,0.9976,245.0933,0.408,0.000562,Healthy
2225,38.227,0.9982,1.7987,0.9992,247.2681,0.4044,0.000651,Healthy
2226,38.5892,0.997,1.7963,0.9992,246.5212,0.4056,0.000429,Healthy
2227,38.3474,0.9969,1.7978,0.9993,246.3811,0.4059,0.000228,Healthy
2228,38.8591,0.9976,1.7975,0.9976,246.832,0.4051,0.000692,Healthy
2229,38.9923,0.9982,1.7973,0.9977,247.7606,0.4036,0.000791,Healthy
2230,39.6756,0.999,1.7983,0.9991,245.3915,0.4075,0.00072,Healthy
2231,38.8696,0.9994,1.7987,0.9976,246.9517,0.4049,0.000713,Healthy
2232,39.3811,0.9967,1.7981,0.998,246.878,0.4051,0.000535,Healthy
2233,38.5513,0.9989,1.7967,0.9972,246.6092,0.4055,0.000526,Healthy
2234,38.3132,0.9979,1.7963,0.9972,248.2923,0.4028,0.000772,Healthy
2235,38.4257,0.9982,1.7983,0.9992,246.5458,0.4056,0.000876,Healthy
2236,37.394,0.9967,1.7979,0.9985,245.9166,0.4066,0.000733,Healthy
2237,38.5275,0.9975,1.7988,0.9991,245.8469,0.4068,0.00047,Healthy
2238,38.6995,0.9977,1.7971,0.9993,246.9209,0.405,0.000763,Healthy
2239,38.017,0.9989,1.7949,0.999,247.3889,0.4042,0.000595,Healthy
2240,40.0503,0.9977,1.7978,0.9985,249.1893,0.4013,0.000951,Healthy
2241,39.5947,0.9968,1.7979,0.9974,247.2962,0.4044,0.00071,Healthy
2242,38.136,0.9978,1.7969,0.9984,245.9497,0.4066,0.000688,Healthy
2243,39.6378,0.9977,1.7974,0.9984,247.1932,0.4045,0.000461,Healthy
2244,39.2477,0.9991,1.7983,0.9983,247.1458,0.4046,0.000774,Healthy
2245,39.6439,0.9957,1.7962,0.9992,245.4283,0.4075,0.000764,Healthy
2246,38.7612,0.9968,1.7981,0.9984,248.3193,0.4027,0.000559,Healthy
2247,40.1967,0.9981,1.7971,0.999,247.0821,0.4047,0.000691,Healthy
2248,39.2594,0.9972,1.7969,0.999,246.4488,0.4058,0.000668,Healthy
2249,39.2721,0.998,1.7963,0.9995,246.7234,0.4053,0.000644,Healthy
2250,39.3947,0.998,1.7985,0.9987,247.1993,0.4045,0.000955,Healthy
2251,39.7587,0.9976,1.7966,0.9999,246.4333,0.4058,0.000591,Healthy
2252,37.6642,0.9981,1.7979,0.9967,246.9846,0.4049,0.000586,Healthy
2253,41.2077,0.9972,1.7973,0.9973,247.6428,0.4038,0.000611,Healthy
2254,38.4773,0.9985,1.7964,0.9988,248.0441,0.4032,0.0008,Healthy
2255,39.5693,0.9986,1.7995,0.9994,246.9692,0.4049,0.000867,Healthy
2256,38.3521,0.9985,1.7967,0.9978,244.15,0.4096,0.000767,Healthy
2257,38.5475,0.9989,1.7981,0.9993,245.7476,0.4069,0.000895,Healthy
2258,40.7491,0.9985,1.7985,0.9984,246.1933,0.4062,0.00084,Healthy
2259,37.8613,0.9973,1.796,0.9975,247.1251,0.4047,0.000789,Healthy
2260,39.1087,0.9979,1.7959,0.9978,246.0649,0.4064,0.000556,Healthy
2261,39.5495,0.9969,1.7971,0.9961,246.3732,0.4059,0.000471,Healthy
2262,39.135,0.9968,1.7978,0.998,247.9446,0.4033,0.000788,Healthy
2263,37.6017,0.9965,1.7978,0.9973,244.2308,0.4094,0.000959,Healthy
2264,39.6514,0.9983,1.7971,0.9986,246.0405,0.4064,0.00073,Healthy
2265,38.3405,0.9993,1.7962,0.9994,246.6336,0.4055,0.000592,Healthy
2266,39.2124,0.9985,1.7991,0.9985,245.8884,0.4067,0.000701,Healthy
2267,40.534,0.9991,1.7986,0.999,247.1591,0.4046,0.000922,Healthy
2268,38.7171,0.9964,1.7978,0.9974,245.754,0.4069,0.000546,Healthy
2269,41.0725,0.9979,1.7981,0.997,245.1215,0.408,0.000527,Healthy
2270,40.2366,0.9981,1.7983,0.9989,246.1219,0.4063,0.000969,Healthy
2271,38.5816,0.9991,1.7982,0.9964,245.9951,0.4065,0.000334,Healthy
2272,40.0202,0.9977,1.7955,0.9986,246.1623,0.4062,0.000395,Healthy
2273,40.4338,0.9978,1.7974,0.9978,245.3799,0.4075,0.000431,Healthy
2274,40.1211,0.9973,1.7977,0.9961,245.5345,0.4073,0.000814,Healthy
2275,39.3972,0.9995,1.7991,0.9979,246.9659,0.4049,0.000629,Healthy
2276,40.7406,0.9989,1.7979,0.9984,247.7419,0.4036,0.000809,Healthy
2277,40.3455,0.9955,1.7982,0.9977,247.9896,0.4032,0.001002,Healthy
2278,39.1267,0.9993,1.7995,0.9983,248.5605,0.4023,0.000687,Healthy
2279,38.9306,0.9986,1.7974,0.9983,247.709,0.4037,0.000698,Healthy
2280,37.748,0.9981,1.797,0.999,247.137,0.4046,0.000988,Healthy
2281,39.8318,0.9988,1.797,0.999,248.1533,0.403,0.000557,Healthy
2282,40.5474,0.9972,1.7969,0.9985,247.1497,0.4046,0.000877,Healthy
2283,38.34,0.9982,1.797,0.9967,245.8325,0.4068,0.000545,Healthy
2284,39.5285,0.9989,1.7962,0.9985,245.6326,0.4071,0.000821,Healthy
2285,38.6148,0.9967,1.7985,0.9976,246.3197,0.406,0.000252,Healthy
2286,39.872,0.9985,1.7977,0.9966,247.5385,0.404,0.000563,Healthy
2287,38.7539,1.0,1.797,0.9989,247.0192,0.4048,0.000774,Healthy
2288,39.344,0.9981,1.798,0.9981,247.777,0.4036,0.000434,Healthy
2289,39.9374,0.9985,1.7984,0.9993,246.4924,0.4057,0.000323,Healthy
2290,39.0642,0.9967,1.797,0.9969,246.1831,0.4062,0.000578,Healthy
2291,37.2217,0.9984,1.7999,0.9988,246.4012,0.4058,0.000686,Healthy
2292,38.7888,0.9978,1.7977,0.9973,247.9083,0.4034,0.0004,Healthy
2293,39.7021,0.9976,1.7996,0.9985,246.2726,0.4061,0.000648,Healthy
2294,39.1611,0.9966,1.7969,0.9964,245.8206,0.4068,0.000717,Healthy
2295,39.3711,0.9957,1.7976,0.9987,246.4272,0.4058,0.000572,Healthy
2296,38.8031,0.9972,1.7971,0.9983,248.4022,0.4026,0.00055,Healthy
2297,38.8801,0.9977,1.797,0.9993,244.6578,0.4087,0.000593,Healthy
2298,39.7911,0.9974,1.7969,0.9986,247.2781,0.4044,0.000742,Healthy
2299,38.4972,0.9982,1.7973,0.9989,247.7381,0.4037,0.000179,Healthy
2300,39.2289,0.996,1.8001,0.9977,247.1471,0.4046,0.000693,Healthy
2301,38.4993,0.9968,1.7993,0.9991,248.1034,0.4031,0.000711,Healthy
2302,39.3739,0.9974,1.7974,0.9971,246.6142,0.4055,0.000543,Healthy
2303,39.4989,0.9979,1.798,0.9998,246.5153,0.4057,0.000852,Healthy
2304,40.7884,0.999,1.7988,0.9979,246.7277,0.4053,0.000438,Healthy
2305,39.5481,0.998,1.7977,0.9992,245.5763,0.4072,0.001028,Healthy
2306,39.8722,0.9976,1.7975,0.9986,247.7577,0.4036,0.000722,Healthy
2307,39.2678,0.9977,1.7995,0.9978,246.5159,0.4057,0.000995,Healthy
2308,39.272,0.9988,1.7968,0.9979,247.7255,0.4037,0.000567,Healthy
2309,39.0352,0.9979,1.7967,0.9977,246.6266,0.4055,0.000712,Healthy
2310,40.1823,0.9992,1.7968,0.9983,247.0744,0.4047,0.001006,Healthy
2311,39.7346,0.998,1.7984,0.9988,245.7913,0.4068,0.000742,Healthy
2312,40.3289,0.9975,1.7978,0.9979,244.6809,0.4087,0.000708,Healthy
2313,39.4048,0.9972,1.7965,0.9973,247.1419,0.4046,0.001098,Healthy
2314,40.2711,0.9963,1.7985,0.9975,246.0632,0.4064,0.000612,Healthy
2315,39.7319,0.9986,1.7976,0.9981,246.8989,0.405,0.000818,Healthy
2316,40.1098,0.9964,1.7977,0.9971,246.4852,0.4057,0.00066,Healthy
2317,39.1332,0.9969,1.7962,0.9961,246.4196,0.4058,0.000619,Healthy
2318,38.6316,0.999,1.7968,0.9996,247.8221,0.4035,0.000315,Healthy
2319,39.2481,0.9973,1.7948,0.9967,247.1414,0.4046,0.00111,Healthy
2320,39.8981,0.998,1.7977,0.9998,248.2386,0.4028,0.000589,Healthy
2321,37.5778,0.9956,1.799,0.9981,246.6651,0.4054,0.000348,Healthy
2322,38.577,0.9974,1.7979,0.9977,245.6871,0.407,0.00055,Healthy
2323,40.1481,0.9979,1.7983,0.9972,244.1524,0.4096,0.000602,Healthy
2324,38.4899,0.998,1.801,0.9988,248.7028,0.4021,0.000821,Healthy
2325,38.6811,0.998,1.7995,1.0,246.0522,0.4064,0.000758,Healthy
2326,38.0434,0.9985,1.7992,0.9982,245.9771,0.4065,0.00078,Healthy
2327,39.5226,0.9978,1.7979,0.998,247.3063,0.4044,0.000855,Healthy
2328,38.4039,0.9967,1.7974,0.9989,246.6264,0.4055,0.00058,Healthy
2329,39.4014,0.9973,1.7986,0.9985,246.2543,0.4061,0.000755,Healthy
2330,40.246,0.9971,1.7981,0.9981,246.8466,0.4051,0.000578,Healthy
2331,39.2841,0.9988,1.7967,0.9968,245.4703,0.4074,0.000475,Healthy
2332,39.6739,0.9963,1.7974,0.9988,246.8353,0.4051,0.000632,Healthy
2333,39.3521,0.9978,1.7974,0.9979,248.2888,0.4028,0.000872,Healthy
2334,41.1857,0.9972,1.7976,0.9968,245.8513,0.4067,0.001091,Healthy
2335,38.7854,0.9996,1.7964,0.9971,246.2245,0.4061,0.000698,Healthy
2336,39.9433,0.9981,1.7972,0.998,246.2407,0.4061,0.000528,Healthy
2337,38.4962,0.9987,1.7958,0.9997,246.2201,0.4061,0.000557,Healthy
2338,39.8002,0.9991,1.7988,0.9986,247.3625,0.4043,0.000368,Healthy
2339,38.7927,0.9967,1.7989,0.9977,247.1678,0.4046,0.000819,Healthy
2340,38.5222,0.9971,1.799,0.9974,246.5899,0.4055,0.000555,Healthy
2341,38.9626,0.9976,1.7969,0.9972,246.7175,0.4053,0.000543,Healthy
2342,38.5671,0.9967,1.7976,0.9991,247.6922,0.4037,0.000567,Healthy
2343,40.9376,0.9967,1.7987,0.9974,245.7888,0.4069,0.000564,Healthy
2344,39.1772,0.9982,1.7983,0.9972,245.6923,0.407,0.00053,Healthy
2345,39.1319,0.9974,1.7967,0.9984,248.2926,0.4028,0.000613,Healthy
2346,38.876,0.9982,1.7971,0.9988,245.9062,0.4067,0.00108,Healthy
2347,39.5004,0.997,1.7971,0.9976,247.5777,0.4039,0.00046,Healthy
2348,38.692,0.9971,1.7976,0.9979,245.285,0.4077,0.000634,Healthy
2349,39.1486,0.997,1.7983,0.999,246.4138,0.4058,0.000761,Healthy
2350,37.5012,0.9972,1.7987,0.9977,245.8852,0.4067,0.001171,Healthy
2351,40.6871,0.9981,1.7988,0.9959,245.8435,0.4068,0.000621,Healthy
2352,39.0448,0.9972,1.7951,0.9985,246.9069,0.405,0.001036,Healthy
2353,38.6048,0.9968,1.795,0.9978,247.1914,0.4045,0.000594,Healthy
2354,40.952,0.9974,1.7978,0.9968,246.6988,0.4054,0.00032,Healthy
2355,39.794,0.9984,1.799,0.9971,246.5959,0.4055,0.000829,Healthy
2356,39.5946,0.9968,1.7953,0.9985,246.344,0.4059,0.000603,Healthy
2357,39.8538,0.9976,1.7963,0.9962,245.5613,0.4072,0.001196,Healthy
2358,39.8226,0.9978,1.7975,0.9979,247.3968,0.4042,0.000619,Healthy
2359,39.7077,0.9973,1.7996,0.9989,247.4579,0.4041,0.000601,Healthy
2360,40.0945,0.9973,1.7978,0.9997,245.6258,0.4071,0.000759,Healthy
2361,39.6002,0.9982,1.7972,1.0002,245.4226,0.4075,0.00101,Healthy
2362,40.2237,0.9995,1.796,0.9972,247.6506,0.4038,0.000343,Healthy
2363,37.9682,0.9971,1.7978,0.9997,246.3073,0.406,0.000597,Healthy
2364,39.5043,0.9981,1.7981,0.9979,244.8899,0.4083,0.000536,Healthy
2365,40.3932,0.9978,1.7973,0.9992,245.5484,0.4073,0.000674,Healthy
2366,39.369,0.9972,1.7977,0.9979,245.3315,0.4076,0.000756,Healthy
2367,38.1979,0.9978,1.799,0.9978,245.5123,0.4073,0.000695,Healthy
2368,38.5968,0.9982,1.7975,0.9998,247.3784,0.4042,0.00069,Healthy
2369,39.8367,0.9972,1.7977,0.9977,247.0597,0.4048,0.001007,Healthy
2370,39.9049,0.9986,1.7986,0.9987,245.5336,0.4073,0.001061,Healthy
2371,40.7113,0.9974,1.7973,0.9987,246.8842,0.405,0.000681,Healthy
2372,38.2696,0.9979,1.7982,0.9988,246.7214,0.4053,0.000667,Healthy
2373,40.0666,0.9977,1.7972,0.9979,245.0437,0.4081,0.000685,Healthy
2374,39.8239,0.998,1.7991,0.9978,246.8289,0.4051,0.000881,Healthy
2375,41.1493,0.9978,1.7966,0.9989,247.9301,0.4033,0.000658,Healthy
2376,39.9497,0.9989,1.7986,0.9982,245.8772,0.4067,0.000707,Healthy
2377,39.6455,0.9985,1.798,0.9977,246.8788,0.4051,0.000895,Healthy
2378,39.5841,0.9968,1.7974,0.999,245.3266,0.4076,0.000305,Healthy
2379,40.4887,0.9981,1.7982,0.997,247.0215,0.4048,0.000779,Healthy
2380,38.0165,0.999,1.7978,0.9977,246.1276,0.4063,0.000321,Healthy
2381,39.7605,0.9979,1.7974,0.9994,245.3214,0.4076,0.000605,Healthy
2382,38.6076,0.9973,1.7977,0.9985,246.1494,0.4063,0.000549,Healthy
2383,40.6382,1.0,1.7978,0.9973,247.6059,0.4039,0.000436,Healthy
2384,39.0234,0.9969,1.7965,0.9978,245.7327,0.4069,0.000728,Healthy
2385,39.3147,0.997,1.7972,0.9979,247.0704,0.4047,0.000696,Healthy
2386,39.9546,0.9982,1.7982,0.9995,245.5255,0.4073,0.000631,Healthy
2387,40.7072,0.9974,1.7948,0.9979,246.5275,0.4056,0.000203,Healthy
2388,40.3655,0.9969,1.7979,0.9979,245.3873,0.4075,0.000512,Healthy
2389,38.5521,0.9987,1.7975,0.9976,245.6688,0.4071,0.000966,Healthy
2390,40.4734,0.9988,1.7981,0.9984,245.4422,0.4074,0.000678,Healthy
2391,38.7567,0.9958,1.7987,0.9974,247.3703,0.4043,0.000904,Healthy
2392,39.751,0.9982,1.797,0.9999,246.4465,0.4058,0.000788,Healthy
2393,38.7881,0.9967,1.7981,0.9983,245.779,0.4069,0.00044,Healthy
2394,38.2933,0.9988,1.797,0.9977,247.5693,0.4039,0.000504,Healthy
2395,38.7294,0.9968,1.7992,1.0001,247.0088,0.4048,0.000885,Healthy
2396,38.8485,0.9996,1.7979,0.9989,246.3216,0.406,0.000675,Healthy
2397,40.645,0.9981,1.7991,0.9983,245.7258,0.407,0.000612,Healthy
2398,39.3988,0.997,1.7965,0.9993,245.9671,0.4066,0.000757,Healthy
2399,39.5551,0.997,1.7991,0.997,246.6108,0.4055,0.000779,Healthy
2400,39.2766,0.9963,1.7985,0.9988,245.8595,0.4067,0.000871,Healthy
2401,39.6217,0.9963,1.7967,0.9992,246.646,0.4054,0.000617,Healthy
2402,38.6368,0.9971,1.7972,0.9972,245.0036,0.4082,0.000959,Healthy
2403,40.1019,0.9963,1.7977,0.9972,246.1862,0.4062,0.000662,Healthy
2404,38.9849,0.9996,1.7972,0.9973,245.7839,0.4069,0.00094,Healthy
2405,38.0073,0.9968,1.799,0.9983,246.546,0.4056,0.001158,Healthy
2406,39.5279,0.9969,1.7973,0.9969,247.3957,0.4042,0.000847,Healthy
2407,40.2321,0.9988,1.7972,0.9971,246.3481,0.4059,0.000558,Healthy
2408,39.4664,0.9987,1.7974,0.9982,246.3129,0.406,0.000893,Healthy
2409,38.802,0.9954,1.7981,0.9991,246.7436,0.4053,0.000605,Healthy
2410,38.43,0.9981,1.7977,0.9979,247.843,0.4035,0.000544,Healthy
2411,40.7598,0.9976,1.7958,0.9979,247.1511,0.4046,0.00066,Healthy
2412,38.1618,0.9974,1.7967,0.9986,247.0007,0.4049,0.000522,Healthy
2413,38.7788,0.9983,1.7967,0.997,245.4375,0.4074,0.000804,Healthy
2414,39.5925,0.9969,1.7976,0.9996,245.5998,0.4072,0.000344,Healthy
2415,39.7111,0.9975,1.7969,0.9987,247.0489,0.4048,0.000293,Healthy
2416,38.8267,0.9999,1.7982,0.9987,247.3143,0.4043,0.000738,Healthy
2417,39.9879,0.9983,1.7981,0.9977,246.5121,0.4057,0.000617,Healthy
2418,39.3627,0.9964,1.7968,0.9978,245.618,0.4071,0.000634,Healthy
2419,39.2231,0.998,1.7985,0.9976,247.4396,0.4041,0.000923,Healthy
2420,39.7593,0.9977,1.7979,0.9993,247.3489,0.4043,0.001003,Healthy
2421,39.3909,0.9981,1.7989,0.9974,246.1138,0.4063,0.00074,Healthy
2422,40.0793,0.9985,1.7973,0.9966,246.5639,0.4056,0.000553,Healthy
2423,38.1695,0.9963,1.7979,0.9994,246.3966,0.4058,0.000779,Healthy
2424,40.3095,0.996,1.7981,0.998,246.8168,0.4052,0.000641,Healthy
2425,38.7107,0.9977,1.7992,0.9989,245.9563,0.4066,0.000469,Healthy
2426,38.0211,0.9989,1.7966,0.9977,247.418,0.4042,0.000415,Healthy
2427,40.5624,0.9973,1.7964,0.9978,245.7814,0.4069,0.000826,Healthy
2428,38.8519,0.9957,1.7974,0.9967,246.5215,0.4056,0.000501,Healthy
2429,38.9818,0.9978,1.7974,0.9983,246.9007,0.405,0.000507,Healthy
2430,39.3225,0.9942,1.7978,0.9978,245.5682,0.4072,0.000802,Healthy
2431,40.314,0.9971,1.7966,0.9982,245.285,0.4077,0.000607,Healthy
2432,40.3555,0.9976,1.7957,0.9963,246.4817,0.4057,0.000912,Healthy
2433,38.0853,0.998,1.7989,0.9999,246.6155,0.4055,0.000841,Healthy
2434,37.6747,0.9997,1.797,0.9971,246.1448,0.4063,0.001043,Healthy
2435,41.1494,0.9977,1.7986,0.9981,245.5173,0.4073,0.001036,Healthy
2436,38.8871,0.9991,1.7989,0.9987,247.8092,0.4035,0.001187,Healthy
2437,39.2464,0.9968,1.7957,1.0003,245.9928,0.4065,0.000968,Healthy
2438,38.7954,0.9991,1.7969,0.9969,246.1762,0.4062,0.000635,Healthy
2439,39.8672,0.9975,1.7982,0.9978,245.8094,0.4068,0.000625,Healthy
2440,41.028,0.9978,1.7956,0.9975,246.4175,0.4058,0.001111,Healthy
2441,40.2168,0.9966,1.8,0.998,247.3356,0.4043,0.000511,Healthy
2442,37.4771,0.9961,1.7943,1.0002,246.5086,0.4057,0.000558,Healthy
2443,39.7595,0.9977,1.7982,0.9993,246.1036,0.4063,0.000567,Healthy
2444,40.0614,0.9984,1.7977,1.0002,245.9837,0.4065,0.000563,Healthy
2445,39.7355,0.9969,1.7981,0.9972,246.0123,0.4065,0.001122,Healthy
2446,39.0783,0.9968,1.7987,0.997,245.7766,0.4069,0.000859,Healthy
2447,40.1553,0.9988,1.7968,0.9986,245.9566,0.4066,0.000623,Healthy
2448,40.369,0.997,1.7978,0.9982,245.4714,0.4074,0.000938,Healthy
2449,39.8564,0.9956,1.7978,0.9973,247.2042,0.4045,0.000456,Healthy
2450,39.1248,0.9979,1.7976,0.9988,245.1103,0.408,0.001075,Healthy
2451,39.8319,0.9989,1.7984,0.998,245.2961,0.4077,0.000633,Healthy
2452,40.6853,0.9989,1.7969,0.9952,246.1518,0.4063,0.000688,Healthy
2453,39.2156,0.9981,1.7984,0.999,246.6771,0.4054,0.000386,Healthy
2454,39.1442,0.9999,1.7979,0.9984,246.6066,0.4055,0.000829,Healthy
2455,37.5125,0.9973,1.7975,0.9993,246.3556,0.4059,0.000417,Healthy
2456,39.7649,0.9967,1.7963,0.9972,246.75,0.4053,0.000999,Healthy
2457,39.8089,0.9982,1.798,0.9981,246.872,0.4051,0.000263,Healthy
2458,39.5133,0.9965,1.7987,0.9979,246.3378,0.4059,0.000446,Healthy
2459,40.2397,0.9982,1.7981,0.9972,245.6926,0.407,0.000792,Healthy
2460,38.8724,0.998,1.7954,0.9975,247.7474,0.4036,0.000836,Healthy
2461,39.5632,0.9995,1.7952,0.9972,245.9876,0.4065,0.00092,Healthy
2462,40.1321,0.9967,1.7985,0.9976,247.2763,0.4044,0.000542,Healthy
2463,39.3348,0.997,1.7986,0.9975,246.2715,0.4061,0.00085,Healthy
2464,39.8714,0.9984,1.7977,0.9976,246.0242,0.4065,0.000754,Healthy
2465,39.6367,0.9974,1.7976,0.9965,246.8364,0.4051,0.000786,Healthy
2466,40.2403,0.9975,1.7958,0.9977,246.1411,0.4063,0.000898,Healthy
2467,37.7844,0.9976,1.798,0.9974,246.3592,0.4059,0.000625,Healthy
2468,38.8587,0.9971,1.7968,0.9987,245.71,0.407,0.00057,Healthy
2469,40.8585,0.9985,1.7957,0.9973,246.4905,0.4057,0.000815,Healthy
2470,38.2536,0.9987,1.7984,0.9985,247.3804,0.4042,0.000841,Healthy
2471,39.8067,0.9991,1.7986,0.9972,246.8001,0.4052,0.000618,Healthy
2472,39.8529,0.998,1.7961,0.9979,246.5042,0.4057,0.000664,Healthy
2473,39.7032,0.9983,1.7975,0.9982,247.3972,0.4042,0.000847,Healthy
2474,39.6139,0.9966,1.7982,0.9984,247.316,0.4043,0.000762,Healthy
2475,38.002,0.9958,1.7983,0.9974,246.6369,0.4055,0.000775,Healthy
2476,39.3233,0.9974,1.7967,0.998,245.8184,0.4068,0.000678,Healthy
2477,39.1997,0.9973,1.7984,0.9979,247.1035,0.4047,0.001061,Healthy
2478,40.1444,0.9981,1.7978,0.9989,246.3545,0.4059,0.00095,Healthy
2479,39.9535,0.9972,1.7984,0.9981,246.1966,0.4062,0.000658,Healthy
2480,39.5968,0.9985,1.7984,0.9984,246.7597,0.4053,0.001008,Healthy
2481,39.3458,0.9964,1.7988,0.9975,245.7262,0.407,0.000395,Healthy
2482,39.9246,0.9959,1.7968,0.9986,246.8545,0.4051,0.000624,Healthy
2483,39.3621,0.9966,1.797,0.9983,245.8742,0.4067,0.000706,Healthy
2484,38.2994,0.9986,1.798,0.9988,247.3063,0.4044,0.00059,Healthy
2485,39.1863,0.9956,1.8007,0.9979,247.1035,0.4047,0.000508,Healthy
2486,40.2719,0.9994,1.7975,0.997,246.16,0.4062,0.00031,Healthy
2487,39.4463,0.9983,1.7975,0.9977,246.6916,0.4054,0.000877,Healthy
2488,38.1505,0.9976,1.7999,0.9967,246.1997,0.4062,0.001145,Healthy
2489,40.3635,0.997,1.7977,0.998,245.668,0.4071,0.000742,Healthy
2490,39.258,0.9976,1.7968,0.9967,246.232,0.4061,0.0011,Healthy
2491,39.5496,0.9972,1.7983,0.9978,247.7579,0.4036,0.000757,Healthy
2492,40.046,0.9968,1.798,0.9983,246.2168,0.4061,0.000657,Healthy
2493,38.977,0.9978,1.7981,0.9979,246.4903,0.4057,0.00075,Healthy
2494,39.568,0.9973,1.7975,1.0007,246.5083,0.4057,0.000887,Healthy
2495,39.8414,0.9972,1.7988,0.9977,247.1015,0.4047,0.000692,Healthy
2496,38.7248,0.9979,1.7964,0.9985,245.3007,0.4077,0.000695,Healthy
2497,38.3492,1.0003,1.7958,0.998,247.1691,0.4046,0.000966,Healthy
2498,40.1775,0.9972,1.7989,0.9989,246.4228,0.4058,0.000808,Healthy
2499,39.2551,0.9966,1.7987,0.9993,245.5442,0.4073,0.000729,Healthy
2500,39.3853,0.9975,1.7976,0.9989,245.6522,0.4071,0.000591,Healthy
2501,40.4911,0.997,1.7962,0.9975,245.9845,0.4065,0.001071,Healthy
2502,40.2435,0.9986,1.7983,0.9989,245.6965,0.407,0.000721,Healthy
2503,38.7135,0.9973,1.7982,0.9981,247.2947,0.4044,0.000533,Healthy
2504,39.9074,0.9962,1.7976,0.9987,246.0724,0.4064,0.000871,Healthy
2505,38.7412,0.9958,1.7981,0.9997,245.4457,0.4074,0.001006,Healthy
2506,39.5455,0.9962,1.7964,0.998,245.9174,0.4066,0.000499,Healthy
2507,38.1574,0.9966,1.7977,0.998,245.8385,0.4068,0.000802,Healthy
2508,40.3464,0.9979,1.7974,0.9989,245.4701,0.4074,0.000717,Healthy
2509,39.3553,0.9963,1.7971,0.9959,247.7662,0.4036,0.000575,Healthy
2510,40.7869,0.9975,1.7981,0.9975,246.4013,0.4058,0.000893,Healthy
2511,40.0514,0.9983,1.7971,0.9975,244.9582,0.4082,0.000868,Healthy
2512,40.3875,0.9991,1.7978,0.9972,244.8743,0.4084,0.000972,Healthy
2513,38.0864,0.9971,1.7973,0.9979,246.2591,0.4061,0.000792,Healthy
2514,37.5929,0.9975,1.7953,0.9987,245.7849,0.4069,0.000333,Healthy
2515,38.8756,0.9969,1.7987,0.9982,246.5031,0.4057,0.001001,Healthy
2516,39.4519,0.9982,1.7982,0.9967,247.4044,0.4042,0.000481,Healthy
2517,40.2645,0.996,1.7981,0.9998,246.0541,0.4064,0.000714,Healthy
2518,40.0208,0.9972,1.7993,0.9982,245.9669,0.4066,0.000657,Healthy
2519,38.7878,0.9969,1.7971,0.9975,245.695,0.407,0.001185,Healthy
2520,38.7119,0.9976,1.7981,0.9986,246.1731,0.4062,0.000718,Healthy
2521,39.899,0.9977,1.7972,0.9964,245.8442,0.4068,0.000537,Healthy
2522,39.0059,0.9975,1.7978,0.9998,245.7871,0.4069,0.000922,Healthy
2523,39.7862,0.9988,1.7981,0.997,244.8371,0.4084,0.000829,Healthy
2524,39.1204,0.9965,1.7962,0.9981,247.4202,0.4042,0.000685,Healthy
2525,40.0172,0.9974,1.7962,0.9987,245.3367,0.4076,0.000772,Healthy
2526,39.2736,0.9984,1.7964,0.9984,245.5392,0.4073,0.000666,Healthy
2527,36.6404,0.9996,1.798,0.9972,245.3098,0.4076,0.000669,Healthy
2528,40.1239,0.9956,1.7973,0.9997,245.3008,0.4077,0.000784,Healthy
2529,41.3148,0.9981,1.7976,0.9985,245.8858,0.4067,0.001029,Healthy
2530,39.2345,0.9955,1.7971,0.997,245.98,0.4065,0.000717,Healthy
2531,40.5137,0.9982,1.7977,0.998,245.3564,0.4076,0.000333,Healthy
2532,39.6481,0.9983,1.7974,0.9974,246.5736,0.4056,0.000753,Healthy
2533,40.908,0.9987,1.7984,0.9987,245.1684,0.4079,0.000902,Healthy
2534,39.8623,0.9981,1.798,0.9984,248.3597,0.4026,0.000755,Healthy
2535,40.3121,0.997,1.7983,0.9989,246.489,0.4057,0.001104,Healthy
2536,38.8574,0.997,1.7977,0.9989,246.3395,0.4059,0.001028,Healthy
2537,39.0372,0.9963,1.7978,0.9979,246.6288,0.4055,0.000766,Healthy
2538,39.2964,0.9974,1.7975,0.9977,246.0305,0.4065,0.000691,Healthy
2539,40.2555,0.9977,1.7997,0.9981,245.7508,0.4069,0.001306,Healthy
2540,39.9029,0.9985,1.7981,0.9986,246.6185,0.4055,0.000552,Healthy
2541,39.8678,0.9961,1.7973,0.9972,246.4745,0.4057,0.000839,Healthy
2542,39.9605,0.9977,1.7969,0.9977,246.9233,0.405,0.000986,Healthy
2543,38.66,0.9959,1.7967,0.999,247.1574,0.4046,0.000588,Healthy
2544,39.825,0.9993,1.7979,0.9994,246.983,0.4049,0.000591,Healthy
2545,39.429,0.9975,1.7976,0.9989,246.5094,0.4057,0.000186,Healthy
2546,38.5325,0.9953,1.7976,0.9982,246.4076,0.4058,0.000582,Healthy
2547,40.1239,0.9982,1.7962,0.9965,246.1794,0.4062,0.001132,Healthy
2548,40.9462,0.998,1.7967,0.9988,245.8161,0.4068,0.000621,Healthy
2549,37.873,0.9976,1.7968,0.9981,244.337,0.4093,0.000809,Healthy
2550,37.6451,0.9985,1.798,0.9977,246.6252,0.4055,0.000579,Healthy
2551,39.6497,0.9982,1.7944,0.9975,246.1554,0.4062,0.000736,Healthy
2552,40.7593,0.9963,1.7968,0.996,247.3802,0.4042,0.000726,Healthy
2553,39.2447,0.9974,1.7981,0.9983,248.2888,0.4028,0.000867,Healthy
2554,39.225,0.9969,1.7971,0.9965,246.2009,0.4062,0.000933,Healthy
2555,39.1083,0.9966,1.799,0.9965,244.5132,0.409,0.000546,Healthy
2556,38.3685,0.9978,1.7971,0.9977,247.0883,0.4047,0.000639,Healthy
2557,40.2227,0.999,1.797,0.9987,245.971,0.4066,0.000962,Healthy
2558,38.3472,0.9958,1.7971,0.9971,245.7496,0.4069,0.000733,Healthy
2559,40.1822,0.997,1.7966,0.9976,245.5462,0.4073,0.000591,Healthy
2560,38.3176,0.9975,1.7969,0.9989,245.0021,0.4082,0.00067,Healthy
2561,41.0601,0.9965,1.7972,0.9967,245.0798,0.408,0.001088,Healthy
2562,39.7484,0.9976,1.7957,0.9983,247.0829,0.4047,0.001008,Healthy
2563,40.1481,0.9963,1.7978,0.9986,244.7199,0.4086,0.000555,Healthy
2564,40.3257,0.9983,1.7959,0.9987,246.2302,0.4061,0.000935,Healthy
2565,39.1094,0.9981,1.7983,0.9976,246.1667,0.4062,0.00065,Healthy
2566,40.9401,0.9973,1.7965,0.9972,246.2524,0.4061,0.00093,Healthy
2567,38.5519,0.9993,1.7977,0.9984,246.0717,0.4064,0.000784,Healthy
2568,39.5038,0.9984,1.7974,0.9987,245.8009,0.4068,0.00082,Healthy
2569,38.9811,0.9986,1.7966,0.9976,245.8945,0.4067,0.00071,Healthy
2570,40.204,0.9971,1.7988,0.9971,246.2805,0.406,0.000626,Healthy
2571,39.9646,0.9974,1.7973,0.9991,245.62,0.4071,0.000899,Healthy
2572,39.0144,0.9975,1.7962,0.9973,246.0763,0.4064,0.001145,Healthy
2573,39.712,0.9991,1.7976,0.9976,247.372,0.4042,0.000869,Healthy
2574,39.119,0.9979,1.7971,0.996,246.8878,0.405,0.001001,Healthy
2575,41.1054,0.9978,1.7972,0.9988,246.8174,0.4052,0.00111,Healthy
2576,39.6011,0.9973,1.7967,0.9985,244.8974,0.4083,0.000938,Healthy
2577,40.1089,0.998,1.7976,0.9995,246.8321,0.4051,0.000662,Healthy
2578,39.1691,0.9965,1.798,0.9969,246.9997,0.4049,0.001048,Healthy
2579,38.939,0.9972,1.7974,0.9988,247.419,0.4042,0.000447,Healthy
2580,39.3895,0.9972,1.796,0.9975,246.4722,0.4057,0.000728,Healthy
2581,38.4101,1.0003,1.7977,0.998,245.2502,0.4077,0.000836,Healthy
2582,39.5162,0.9955,1.7963,0.9987,247.6822,0.4037,0.000858,Healthy
2583,40.5319,0.9973,1.7973,0.999,247.4557,0.4041,0.001045,Healthy
2584,38.7981,0.9973,1.7977,0.9977,246.4343,0.4058,0.000949,Healthy
2585,40.4552,0.9991,1.7971,0.9966,246.4091,0.4058,0.001162,Healthy
2586,39.2732,0.9981,1.7981,0.9981,246.1265,0.4063,0.000601,Healthy
2587,37.8313,0.9963,1.797,0.999,246.037,0.4064,0.000682,Healthy
2588,38.9456,0.9981,1.7988,0.999,246.6029,0.4055,0.000491,Healthy
2589,39.3789,0.9994,1.7985,0.9964,246.072,0.4064,0.000859,Healthy
2590,39.0523,0.9951,1.7975,0.9971,245.4879,0.4074,0.000716,Healthy
2591,39.5569,0.9974,1.7965,0.9977,244.7076,0.4087,0.00085,Healthy
2592,37.3806,0.9971,1.7983,0.9969,246.6851,0.4054,0.001019,Healthy
2593,37.0211,0.9973,1.7945,0.9978,246.1048,0.4063,0.000291,Healthy
2594,41.2091,0.9977,1.7966,0.9994,244.6725,0.4087,0.000542,Healthy
2595,37.8314,0.9992,1.7977,0.9986,246.3483,0.4059,0.000903,Healthy
2596,39.7353,0.9977,1.7975,0.9973,246.0687,0.4064,0.000844,Healthy
2597,39.763,0.9959,1.7961,0.999,245.8589,0.4067,0.000906,Healthy
2598,38.8027,0.9959,1.7966,0.9977,245.5709,0.4072,0.001048,Healthy
2599,39.8218,0.9992,1.7978,0.9955,246.9463,0.4049,0.000488,Healthy
2600,39.8644,0.9966,1.7995,0.9994,245.5065,0.4073,0.000765,Healthy
2601,39.8775,0.9983,1.7974,0.9969,245.5245,0.4073,0.000789,Healthy
2602,40.6712,0.9978,1.7966,0.9986,245.7874,0.4069,0.000969,Healthy
2603,41.707,0.997,1.7982,0.9972,246.0057,0.4065,0.000797,Healthy
2604,39.5323,0.9999,1.7971,0.9985,244.5499,0.4089,0.000878,Healthy
2605,40.6026,0.9969,1.7949,0.9979,246.1062,0.4063,0.000936,Healthy
2606,41.2995,0.997,1.7965,0.9967,246.2495,0.4061,0.000888,Healthy
2607,39.2561,0.9982,1.7979,0.998,245.3676,0.4076,0.000696,Healthy
2608,37.7506,0.9976,1.7974,0.9981,246.4915,0.4057,0.00087,Healthy
2609,39.6079,0.9974,1.796,0.9973,246.1269,0.4063,0.000646,Healthy
2610,40.3861,0.9967,1.7976,0.998,246.682,0.4054,0.000973,Healthy
2611,40.255,0.9953,1.7986,0.9994,245.6978,0.407,0.000841,Healthy
2612,38.9889,0.9954,1.7966,0.9974,245.7981,0.4068,0.000602,Healthy
2613,39.1167,0.9974,1.7966,0.9985,246.6258,0.4055,0.00127,Healthy
2614,40.6057,0.9976,1.7968,0.9982,246.3403,0.4059,0.000692,Healthy
2615,40.334,0.996,1.7971,0.9985,245.8474,0.4068,0.000753,Healthy
2616,39.5986,0.9965,1.7986,0.9969,246.3305,0.406,0.000878,Healthy
2617,38.9517,0.9975,1.7965,0.9993,245.1635,0.4079,0.000664,Healthy
2618,38.733,0.996,1.799,0.9984,246.1852,0.4062,0.000664,Healthy
2619,40.4403,0.9966,1.7982,0.997,245.5559,0.4072,0.000947,Healthy
2620,40.4071,0.998,1.7963,0.9975,246.1955,0.4062,0.000626,Healthy
2621,40.8146,0.995,1.7966,0.9974,243.7933,0.4102,0.000517,Healthy
2622,40.2198,0.9974,1.799,0.9994,246.4134,0.4058,0.000859,Healthy
2623,39.7741,0.9947,1.796,0.998,246.5583,0.4056,0.000855,Healthy
2624,39.0092,0.9983,1.7989,0.9988,246.8557,0.4051,0.000685,Healthy
2625,40.5857,0.9975,1.7979,0.9983,245.9653,0.4066,0.000625,Healthy
2626,39.6611,0.9984,1.7969,0.9988,246.6507,0.4054,0.000738,Healthy
2627,40.8396,0.997,1.7989,0.9983,246.0468,0.4064,0.000621,Healthy
2628,39.6598,0.9972,1.7961,0.9977,245.415,0.4075,0.000916,Healthy
2629,40.7772,0.9961,1.7991,0.9978,245.2765,0.4077,0.00095,Healthy
2630,39.3768,0.9973,1.797,0.9971,246.6342,0.4055,0.000742,Healthy
2631,38.5865,0.9979,1.7962,0.9967,247.0076,0.4048,0.00056,Healthy
2632,37.8844,0.998,1.7971,0.9977,245.8004,0.4068,0.000846,Healthy
2633,39.1372,0.9988,1.7959,0.9983,246.5642,0.4056,0.000648,Healthy
2634,38.9222,0.9984,1.7964,0.9973,246.7588,0.4053,0.000807,Healthy
2635,38.3053,0.9991,1.7968,0.9975,246.2521,0.4061,0.000926,Healthy
2636,41.3137,0.9957,1.7982,0.9986,245.9363,0.4066,0.000958,Healthy
2637,40.494,0.996,1.7991,0.9963,245.1362,0.4079,0.000749,Healthy
2638,41.2884,0.9971,1.7973,0.9993,245.8027,0.4068,0.000566,Healthy
2639,39.4164,0.9987,1.7974,0.9998,246.6318,0.4055,0.000673,Healthy
2640,39.7929,0.9965,1.7967,1.0024,246.8549,0.4051,0.000974,Healthy
2641,39.2553,0.9989,1.7985,0.9998,247.505,0.404,0.000506,Healthy
2642,38.8677,0.9964,1.7964,0.9982,245.5836,0.4072,0.001217,Healthy
2643,41.2811,0.9974,1.7993,0.9994,245.6749,0.407,0.000401,Healthy
2644,39.5848,0.9967,1.7976,0.998,246.0844,0.4064,0.000908,Healthy
2645,38.791,0.9978,1.7969,0.9981,246.7984,0.4052,0.000559,Healthy
2646,39.5378,0.9972,1.7968,0.9988,245.4547,0.4074,0.000693,Healthy
2647,39.1967,0.9984,1.7969,0.9983,247.6101,0.4039,0.000789,Healthy
2648,40.656,0.999,1.7984,0.9979,246.5417,0.4056,0.000547,Healthy
2649,39.1442,0.9967,1.7996,0.9971,245.3645,0.4076,0.000596,Healthy
2650,40.2178,0.9975,1.7984,0.9986,244.9207,0.4083,0.000644,Healthy
2651,40.8641,0.9971,1.7985,0.9977,245.2494,0.4077,0.000745,Healthy
2652,38.9992,0.9968,1.7975,0.9984,244.7498,0.4086,0.000802,Healthy
2653,39.3061,0.9967,1.7975,0.9973,247.1262,0.4047,0.001044,Healthy
2654,40.7227,0.9969,1.7964,0.998,245.8987,0.4067,0.000684,Healthy
2655,38.8384,0.9973,1.7969,0.9986,246.5496,0.4056,0.001027,Healthy
2656,38.7734,0.9977,1.7966,0.9967,245.6731,0.407,0.001021,Healthy
2657,39.4847,0.9989,1.7979,0.9975,246.9425,0.405,0.000896,Healthy
2658,39.0384,0.9992,1.7976,0.9979,245.3286,0.4076,0.001043,Healthy
2659,40.2,0.998,1.7968,0.9987,246.741,0.4053,0.000674,Healthy
2660,38.6544,0.9979,1.7958,0.998,245.6522,0.4071,0.001052,Healthy
2661,39.4755,0.9984,1.7968,0.9989,247.6568,0.4038,0.000595,Healthy
2662,40.0252,1.0001,1.7974,0.9979,246.6378,0.4055,0.000817,Healthy
2663,38.4276,0.9985,1.7953,0.9975,246.9714,0.4049,0.000738,Healthy
2664,39.2402,0.9982,1.7965,0.9966,246.2236,0.4061,0.000773,Healthy
2665,38.8021,0.998,1.7978,0.9975,245.7694,0.4069,0.000904,Healthy
2666,40.7511,0.9971,1.798,0.9984,246.7044,0.4053,0.000818,Healthy
2667,39.0707,0.9969,1.7977,0.9997,245.6123,0.4071,0.000971,Healthy
2668,39.54,0.9974,1.7988,0.9986,245.005,0.4082,0.000696,Healthy
2669,40.8092,0.9975,1.7962,0.997,246.5593,0.4056,0.00101,Healthy
2670,39.8203,0.9998,1.7982,0.9976,245.3424,0.4076,0.000616,Healthy
2671,40.0761,0.9968,1.799,0.9993,246.5,0.4057,0.000576,Healthy
2672,39.2718,0.9986,1.7968,0.999,246.3717,0.4059,0.000822,Healthy
2673,39.2491,0.9972,1.7975,0.9989,245.2819,0.4077,0.000759,Healthy
2674,39.8491,0.998,1.7964,0.9965,246.5282,0.4056,0.000509,Healthy
2675,40.843,0.9972,1.7958,0.9974,246.2908,0.406,0.000706,Healthy
2676,39.8328,0.9981,1.7971,0.9969,245.7468,0.4069,0.001096,Healthy
2677,41.1667,0.9953,1.7984,0.9981,246.7237,0.4053,0.000703,Healthy
2678,38.4058,0.9979,1.7964,0.9965,244.9283,0.4083,0.000934,Healthy
2679,39.9338,0.9981,1.798,0.9974,245.9251,0.4066,0.000711,Healthy
2680,39.6557,0.9964,1.7977,0.9989,245.3267,0.4076,0.00107,Healthy
2681,39.9166,0.9976,1.7956,0.996,246.0938,0.4063,0.000972,Healthy
2682,39.2905,0.999,1.7981,0.9969,246.0017,0.4065,0.00131,Healthy
2683,38.8353,0.9978,1.797,0.9986,246.9893,0.4049,0.000738,Healthy
2684,40.7263,0.9995,1.7974,0.9986,245.5016,0.4073,0.000819,Healthy
2685,39.6917,0.9981,1.7985,0.9977,247.1994,0.4045,0.001122,Healthy
2686,40.5123,0.9968,1.7967,0.997,246.7303,0.4053,0.000573,Healthy
2687,40.3781,0.9962,1.7981,0.9979,247.0364,0.4048,0.001044,Healthy
2688,40.9865,0.9988,1.7975,0.9967,245.126,0.408,0.000399,Healthy
2689,38.9733,0.9974,1.7968,0.9977,246.3607,0.4059,0.000756,Healthy
2690,38.9445,0.9973,1.7964,0.9976,247.0392,0.4048,0.000763,Healthy
2691,41.2606,0.9987,1.7967,0.9967,245.9215,0.4066,0.001048,Healthy
2692,39.4534,0.9982,1.7985,0.9971,245.4212,0.4075,0.00096,Healthy
2693,39.9689,0.9966,1.797,0.9978,244.7086,0.4086,0.000971,Healthy
2694,39.4662,0.9945,1.7973,0.9971,247.3101,0.4044,0.000701,Healthy
2695,38.9729,0.9978,1.7966,0.9971,246.3651,0.4059,0.00061,Healthy
2696,38.687,0.999,1.7979,0.9976,245.9532,0.4066,0.00092,Healthy
2697,40.6333,0.9965,1.7977,0.9973,245.8033,0.4068,0.000851,Healthy
2698,39.8511,0.998,1.7978,0.9963,244.8667,0.4084,0.000745,Healthy
2699,41.3211,0.9964,1.7971,0.9973,245.5083,0.4073,0.000855,Healthy
2700,40.9806,0.9978,1.7965,1.0006,246.0129,0.4065,0.000705,Healthy
2701,40.9915,0.9968,1.799,0.997,247.0925,0.4047,0.000861,Healthy
2702,40.8964,0.9992,1.7962,0.9991,244.8199,0.4085,0.000611,Healthy
2703,39.2227,0.9978,1.7973,0.9977,246.0625,0.4064,0.000939,Healthy
2704,40.4018,0.9984,1.7991,0.9978,245.5271,0.4073,0.000944,Healthy
2705,38.9536,0.9966,1.7983,0.9977,244.9759,0.4082,0.000524,Healthy
2706,39.9098,0.9984,1.7984,0.9979,247.5481,0.404,0.000801,Healthy
2707,39.7617,0.9947,1.7968,0.9987,247.1907,0.4045,0.000656,Healthy
2708,40.2442,0.9983,1.7973,0.9956,246.1358,0.4063,0.000975,Healthy
2709,39.1183,0.997,1.7961,0.9953,246.7581,0.4053,0.000822,Healthy
2710,41.1561,0.9981,1.7969,0.9977,246.3879,0.4059,0.001016,Healthy
2711,40.1379,0.9984,1.797,0.9968,245.8817,0.4067,0.000864,Healthy
2712,38.9204,0.996,1.7977,0.9974,245.7993,0.4068,0.000752,Healthy
2713,41.0999,0.9985,1.796,0.9973,246.6105,0.4055,0.000944,Healthy
2714,39.852,0.9961,1.7966,0.9973,246.1506,0.4063,0.001165,Healthy
2715,39.3375,0.9963,1.7972,0.9989,244.77,0.4085,0.001115,Healthy
2716,39.7512,0.9965,1.7957,0.9985,245.7891,0.4069,0.000859,Healthy
2717,39.17,0.997,1.7968,0.9977,245.3889,0.4075,0.000518,Healthy
2718,42.0752,0.9959,1.7975,0.9961,244.3254,0.4093,0.000845,Healthy
2719,40.0337,0.9985,1.7977,0.9977,245.1618,0.4079,0.001126,Healthy
2720,40.6391,0.996,1.7973,0.998,245.6435,0.4071,0.00098,Healthy
2721,40.5632,0.9971,1.797,0.9993,246.6648,0.4054,0.000841,Healthy
2722,38.5962,0.9976,1.798,0.9951,246.1185,0.4063,0.000743,Healthy
2723,39.7247,0.9964,1.7971,0.9992,245.5584,0.4072,0.00102,Healthy
2724,39.2581,0.998,1.7973,0.9982,245.9197,0.4066,0.000956,Healthy
2725,37.8509,0.9959,1.7977,0.9958,245.488,0.4074,0.000817,Healthy
2726,39.2443,0.9966,1.7975,0.9988,245.1442,0.4079,0.000713,Healthy
2727,39.3236,0.9949,1.7974,0.9988,246.7228,0.4053,0.000654,Healthy
2728,38.909,0.9973,1.7981,0.998,246.1394,0.4063,0.001057,Healthy
2729,39.3209,0.9971,1.7989,0.9976,244.8926,0.4083,0.000695,Healthy
2730,39.1635,0.9976,1.7964,0.9981,245.3161,0.4076,0.000404,Healthy
2731,40.1611,0.9974,1.7978,0.9971,245.2799,0.4077,0.00091,Healthy
2732,41.1328,0.9973,1.7977,0.9975,244.6671,0.4087,0.001023,Healthy
2733,40.6461,0.998,1.7971,0.9984,246.6155,0.4055,0.001154,Healthy
2734,40.712,0.9973,1.796,0.998,246.1043,0.4063,0.000972,Healthy
2735,41.0061,0.9972,1.7994,0.9961,246.233,0.4061,0.000671,Healthy
2736,38.399,0.9971,1.7958,0.9976,245.9238,0.4066,0.001055,Healthy
2737,38.7205,0.9982,1.7974,0.9988,245.5491,0.4073,0.000565,Healthy
2738,38.9544,0.996,1.7977,0.9993,245.441,0.4074,0.000957,Healthy
2739,38.7114,0.9974,1.7979,0.9964,245.7284,0.407,0.000975,Healthy
2740,37.585,0.9986,1.7976,0.9985,245.5598,0.4072,0.000487,Healthy
2741,40.3611,0.9972,1.7973,0.9989,246.4982,0.4057,0.001217,Healthy
2742,40.0587,0.9966,1.7971,0.9982,246.6997,0.4054,0.000539,Healthy
2743,39.9442,0.9989,1.797,0.9987,246.28,0.406,0.001024,Healthy
2744,39.2914,0.9965,1.7973,0.9963,245.6682,0.4071,0.000884,Healthy
2745,41.3687,0.9977,1.7979,0.999,245.1108,0.408,0.0008,Healthy
2746,41.8831,0.9972,1.7984,0.9988,244.6985,0.4087,0.000896,Healthy
2747,40.062,0.9976,1.7965,0.9967,245.4987,0.4073,0.000815,Healthy
2748,40.8944,0.9991,1.7986,0.9987,245.0745,0.408,0.000753,Healthy
2749,40.1161,0.9966,1.7978,0.9985,246.3055,0.406,0.00104,Healthy
2750,39.2263,0.9982,1.7966,0.9969,246.3007,0.406,0.001078,Healthy
2751,40.3422,0.9973,1.7976,0.9979,244.9727,0.4082,0.000587,Healthy
2752,39.8905,0.9973,1.7973,0.9985,245.6996,0.407,0.000948,Healthy
2753,39.8397,0.9991,1.7973,1.0001,246.1521,0.4063,0.000793,Healthy
2754,39.2376,0.9958,1.7963,0.9969,246.1849,0.4062,0.000731,Healthy
2755,40.1085,0.9985,1.7972,0.9999,244.9269,0.4083,0.000806,Healthy
2756,39.5293,0.9982,1.795,0.9964,245.7801,0.4069,0.001147,Healthy
2757,40.1433,0.9959,1.796,0.9995,245.3676,0.4076,0.000649,Healthy
2758,41.1463,0.9983,1.7985,0.9968,244.6429,0.4088,0.000864,Healthy
2759,40.2343,0.9976,1.7987,0.9961,246.5493,0.4056,0.000618,Healthy
2760,40.6526,0.9968,1.7964,0.9972,244.7035,0.4087,0.000846,Healthy
2761,39.3517,0.998,1.7979,0.9995,246.1516,0.4063,0.000942,Healthy
2762,41.0917,0.9966,1.7957,0.998,244.7189,0.4086,0.001329,Healthy
2763,41.1378,0.9994,1.7973,0.9983,245.4879,0.4074,0.001015,Healthy
2764,39.0028,0.9947,1.7964,0.9963,247.0363,0.4048,0.001202,Healthy
2765,38.8547,0.9985,1.7982,0.9962,245.5403,0.4073,0.000723,Healthy
2766,40.5772,0.996,1.7971,0.9971,246.2297,0.4061,0.000796,Healthy
2767,39.5524,0.997,1.7993,0.9974,245.0167,0.4081,0.000957,Healthy
2768,39.8676,0.9958,1.7995,0.9974,245.5457,0.4073,0.000872,Healthy
2769,41.3683,0.9956,1.7975,0.9999,245.9495,0.4066,0.000594,Healthy
2770,39.4913,0.9974,1.7986,0.9974,246.5063,0.4057,0.000554,Healthy
2771,38.8328,0.9967,1.7987,0.9979,246.0753,0.4064,0.000897,Healthy
2772,40.877,0.9966,1.7979,0.997,247.4286,0.4042,0.000682,Healthy
2773,39.2855,0.9978,1.7973,0.9981,246.0224,0.4065,0.000624,Healthy
2774,41.2839,0.9981,1.7986,0.9973,246.1722,0.4062,0.000882,Healthy
2775,40.8974,0.9984,1.7974,0.9963,247.2612,0.4044,0.000954,Healthy
2776,39.5101,0.9976,1.7957,0.9988,244.659,0.4087,0.000799,Healthy
2777,40.1942,0.9983,1.7973,0.9984,245.812,0.4068,0.000837,Healthy
2778,40.0688,0.997,1.7955,0.997,246.0288,0.4065,0.000794,Healthy
2779,39.8776,0.9969,1.7964,0.9973,245.586,0.4072,0.000845,Healthy
2780,40.3187,0.997,1.7962,0.9964,247.9079,0.4034,0.000618,Healthy
2781,39.5909,0.9977,1.7976,0.9983,245.4743,0.4074,0.000892,Healthy
2782,40.0567,0.9969,1.7975,0.9988,245.8092,0.4068,0.000841,Healthy
2783,40.8639,0.9982,1.7988,0.996,246.5496,0.4056,0.000965,Healthy
2784,39.3027,0.9975,1.7983,0.9969,246.178,0.4062,0.001019,Healthy
2785,39.1562,0.9971,1.7975,0.997,245.1192,0.408,0.000818,Healthy
2786,40.6561,0.9979,1.7964,0.9984,245.1522,0.4079,0.000524,Healthy
2787,39.7229,0.9983,1.7979,0.9978,245.4861,0.4074,0.000768,Healthy
2788,40.1054,0.9961,1.7969,0.9976,244.7371,0.4086,0.000679,Healthy
2789,40.3486,0.9972,1.7969,0.9969,247.078,0.4047,0.000679,Healthy
2790,40.2233,0.9967,1.7972,0.9982,244.7188,0.4086,0.000846,Healthy
2791,40.9764,0.999,1.7971,0.9978,247.5826,0.4039,0.001074,Healthy
2792,39.5318,0.9966,1.7982,0.9968,246.6822,0.4054,0.000914,Healthy
2793,40.4416,0.997,1.7966,0.9992,245.6131,0.4071,0.000766,Healthy
2794,39.9651,0.9974,1.7962,0.9972,245.3146,0.4076,0.001017,Healthy
2795,39.3222,0.9954,1.7952,0.9963,246.8967,0.405,0.000852,Healthy
2796,40.4338,0.9977,1.7973,0.9977,246.6416,0.4054,0.000878,Healthy
2797,41.1539,0.9978,1.7966,0.9973,245.2225,0.4078,0.001093,Healthy
2798,39.7124,0.9964,1.7975,0.9977,246.0387,0.4064,0.001227,Healthy
2799,40.7687,0.9972,1.7958,0.9973,246.3703,0.4059,0.000615,Healthy
2800,41.7528,0.9972,1.7972,0.9971,246.1974,0.4062,0.000618,Healthy
2801,41.7737,0.9985,1.7982,0.9964,245.9628,0.4066,0.001092,Healthy
2802,40.5181,0.9962,1.7965,0.9973,245.3142,0.4076,0.001156,Healthy
2803,38.5086,0.9979,1.7959,0.9968,244.1877,0.4095,0.000741,Healthy
2804,41.2558,0.9975,1.796,0.9988,246.779,0.4052,0.000872,Healthy
2805,41.6768,0.998,1.7979,0.997,246.2944,0.406,0.000895,Healthy
2806,40.4667,0.9965,1.7973,0.9969,244.0733,0.4097,0.001051,Healthy
2807,38.8507,0.9973,1.7975,0.9981,245.563,0.4072,0.000906,Healthy
2808,40.4312,0.9979,1.7989,0.998,245.8392,0.4068,0.000671,Healthy
2809,40.405,0.9979,1.797,0.9983,245.5525,0.4072,0.000987,Healthy
2810,40.7881,0.9981,1.7973,0.9967,245.2955,0.4077,0.000972,Healthy
2811,42.0188,0.9968,1.7976,0.9972,245.0043,0.4082,0.000718,Healthy
2812,38.3956,0.9985,1.795,0.9975,244.8395,0.4084,0.000677,Healthy
2813,41.1646,0.9974,1.7962,0.9972,245.1681,0.4079,0.000845,Healthy
2814,40.2035,0.9991,1.7953,0.9977,245.5265,0.4073,0.001044,Healthy
2815,40.3509,0.9978,1.7975,0.9968,246.7465,0.4053,0.001014,Healthy
2816,40.8012,0.9984,1.7976,0.9992,246.0781,0.4064,0.000811,Healthy
2817,40.0653,0.9972,1.7967,0.9994,246.0115,0.4065,0.000874,Healthy
2818,40.383,1.0002,1.7961,0.9969,244.6685,0.4087,0.000809,Healthy
2819,40.2706,0.9967,1.7966,0.9979,245.3698,0.4075,0.000918,Healthy
2820,40.9674,0.9979,1.7981,0.9988,245.9963,0.4065,0.000824,Healthy
2821,39.46,0.9968,1.7967,0.9985,246.0459,0.4064,0.000996,Healthy
2822,39.1513,0.9986,1.7968,0.9966,245.4156,0.4075,0.001353,Healthy
2823,39.7712,0.9969,1.797,0.9976,245.1403,0.4079,0.000886,Healthy
2824,40.9437,0.9975,1.7961,0.9974,245.3228,0.4076,0.000868,Healthy
2825,41.1494,0.997,1.7971,0.9995,246.4635,0.4057,0.000972,Healthy
2826,41.6533,0.9977,1.7952,0.9986,244.4874,0.409,0.000948,Healthy
2827,38.7176,0.9967,1.7968,0.997,245.4804,0.4074,0.001065,Healthy
2828,39.5192,0.9977,1.7962,0.9975,246.0171,0.4065,0.000659,Healthy
2829,39.0428,0.9977,1.7983,0.9977,245.3906,0.4075,0.00089,Healthy
2830,40.1384,0.9974,1.7946,0.9967,245.0788,0.408,0.000889,Healthy
2831,40.2445,0.9978,1.7974,0.9964,246.9111,0.405,0.001114,Healthy
2832,39.091,0.9975,1.7966,0.9979,246.5946,0.4055,0.001286,Healthy
2833,40.7004,0.9975,1.7968,0.9979,246.8383,0.4051,0.000851,Healthy
2834,39.3923,0.9955,1.7977,0.998,245.2323,0.4078,0.001065,Healthy
2835,39.7656,0.997,1.7971,0.9974,245.9362,0.4066,0.001091,Healthy
2836,39.1908,0.9977,1.7973,0.9979,246.4435,0.4058,0.000871,Healthy
2837,40.4908,0.9979,1.7967,0.998,245.5439,0.4073,0.000835,Healthy
2838,39.8508,0.9976,1.7972,0.9981,245.729,0.407,0.000541,Healthy
2839,40.1353,0.9972,1.7974,0.9971,244.7851,0.4085,0.000987,Healthy
2840,39.8931,0.9973,1.7969,0.9977,245.3806,0.4075,0.000668,Healthy
2841,40.4928,0.9966,1.7973,0.9981,245.269,0.4077,0.000622,Healthy
2842,42.0565,0.9966,1.7978,0.9997,246.3689,0.4059,0.000803,Healthy
2843,40.0637,0.9963,1.798,0.9983,245.324,0.4076,0.000654,Healthy
2844,39.0622,0.9981,1.7973,0.9979,245.0756,0.408,0.00057,Healthy
2845,40.8911,0.9972,1.7981,0.9973,245.543,0.4073,0.001006,Healthy
2846,40.7087,0.998,1.7969,0.9983,246.6183,0.4055,0.000843,Healthy
2847,39.7138,0.9985,1.7965,0.9984,245.6828,0.407,0.000496,Healthy
2848,41.0293,0.9944,1.7952,0.9982,246.1497,0.4063,0.000737,Healthy
2849,40.2465,0.9946,1.7979,0.998,245.69,0.407,0.000869,Healthy
2850,40.5246,0.9971,1.7953,0.9999,246.6856,0.4054,0.000608,Healthy
2851,39.8557,0.9969,1.7982,0.9956,245.3243,0.4076,0.000513,Healthy
2852,39.9055,0.9967,1.7972,0.9971,245.1212,0.408,0.00099,Healthy
2853,40.4991,0.9977,1.797,0.9971,245.6254,0.4071,0.000966,Healthy
2854,38.3958,0.9975,1.7975,0.9978,245.5995,0.4072,0.000353,Healthy
2855,39.7871,0.9989,1.7972,0.9974,245.731,0.4069,0.000937,Healthy
2856,40.6679,0.9969,1.7976,0.9994,246.521,0.4056,0.001335,Healthy
2857,39.6172,0.9988,1.7964,0.9981,246.3005,0.406,0.000765,Healthy
2858,40.2148,0.9981,1.7964,0.9994,244.6053,0.4088,0.001255,Healthy
2859,40.9473,0.9971,1.7967,0.9972,245.6029,0.4072,0.000858,Healthy
2860,41.1522,0.9991,1.7973,0.9969,245.2734,0.4077,0.000831,Healthy
2861,39.3257,0.996,1.7992,0.998,245.042,0.4081,0.001032,Healthy
2862,39.2089,0.996,1.7963,0.9994,245.5047,0.4073,0.00038,Healthy
2863,41.1215,0.9968,1.7953,0.9974,246.1223,0.4063,0.00095,Healthy
2864,41.5939,0.9963,1.7972,0.997,244.4702,0.409,0.001046,Healthy
2865,40.5276,0.9974,1.7976,0.997,244.8979,0.4083,0.000877,Healthy
2866,41.0878,0.9987,1.7979,0.9977,245.9168,0.4066,0.000872,Healthy
2867,39.3398,0.9972,1.7958,0.9976,247.0084,0.4048,0.001035,Healthy
2868,39.4239,0.9971,1.7963,0.9976,246.5309,0.4056,0.001001,Healthy
2869,42.1515,0.9983,1.7973,0.9984,245.5345,0.4073,0.000645,Healthy
2870,41.2106,0.9981,1.7969,0.998,246.6878,0.4054,0.00104,Healthy
2871,38.9973,0.9974,1.797,0.9988,246.5183,0.4056,0.001135,Healthy
2872,39.2753,0.9963,1.7982,0.9971,244.4749,0.409,0.000978,Healthy
2873,39.7336,0.9989,1.7974,0.9979,245.3951,0.4075,0.00119,Healthy
2874,40.46,0.9967,1.7963,0.9976,244.9069,0.4083,0.001078,Healthy
2875,38.7283,0.997,1.7977,0.998,245.1137,0.408,0.001005,Healthy
2876,39.468,0.9971,1.7978,0.9982,245.146,0.4079,0.001112,Healthy
2877,40.248,0.9979,1.7987,0.9988,246.5806,0.4055,0.000912,Healthy
2878,40.8155,0.9973,1.7959,0.998,245.8881,0.4067,0.00099,Healthy
2879,40.0798,0.9964,1.7978,0.9964,246.8486,0.4051,0.000827,Healthy
2880,40.3804,0.9977,1.7977,0.9963,246.3393,0.4059,0.000935,Healthy
2881,39.6776,0.9964,1.7968,0.9964,247.0563,0.4048,0.001172,Healthy
2882,40.549,0.9969,1.7969,0.9985,247.0833,0.4047,0.000761,Healthy
2883,39.2953,0.9987,1.7953,0.9967,245.478,0.4074,0.000563,Healthy
2884,41.0809,0.998,1.7965,0.999,246.8334,0.4051,0.000853,Healthy
2885,39.8325,0.9994,1.7978,0.9979,246.7633,0.4052,0.000936,Healthy
2886,39.7903,0.9972,1.7982,0.9957,245.4406,0.4074,0.001152,Healthy
2887,39.7871,0.9987,1.7985,0.9976,245.2147,0.4078,0.000819,Healthy
2888,42.3301,0.999,1.7972,0.9971,245.7616,0.4069,0.000925,Healthy
2889,39.2055,0.9972,1.7984,0.9959,246.3278,0.406,0.001152,Healthy
2890,39.7536,0.9988,1.7964,0.9981,245.4196,0.4075,0.000816,Healthy
2891,39.71,0.9978,1.798,0.9976,244.5755,0.4089,0.000958,Healthy
2892,40.5432,0.9969,1.799,0.9961,243.8882,0.41,0.000731,Healthy
2893,40.7757,0.9961,1.7961,0.9986,246.0305,0.4065,0.000953,Healthy
2894,40.8343,0.9967,1.7967,0.9985,244.5831,0.4089,0.00045,Healthy
2895,39.8644,0.998,1.7974,0.9985,244.0445,0.4098,0.000942,Healthy
2896,40.7359,0.9958,1.798,0.9976,248.1131,0.403,0.000443,Healthy
2897,41.3099,0.9967,1.7955,0.9972,245.8765,0.4067,0.001087,Healthy
2898,41.594,0.9985,1.7961,0.9988,245.966,0.4066,0.000748,Healthy
2899,40.0487,0.9964,1.7971,0.997,244.8291,0.4084,0.000976,Healthy
2900,40.723,0.9969,1.7985,0.9974,245.4078,0.4075,0.001012,Healthy
2901,40.1159,0.9972,1.7946,0.9977,244.1867,0.4095,0.000636,Healthy
2902,39.1553,0.9961,1.7965,0.9972,246.1784,0.4062,0.000925,Healthy
2903,38.7045,0.9972,1.7974,0.9973,245.5968,0.4072,0.000919,Healthy
2904,40.8389,0.9955,1.7969,0.9992,246.7773,0.4052,0.001051,Healthy
2905,40.6585,0.9987,1.799,0.9975,244.867,0.4084,0.000827,Healthy
2906,42.7082,0.9955,1.7966,0.9963,245.7408,0.4069,0.000641,Healthy
2907,40.1456,0.9951,1.7977,0.9989,245.3323,0.4076,0.000855,Healthy
2908,40.1037,0.9973,1.7971,0.9984,246.6244,0.4055,0.00072,Healthy
2909,39.9887,0.998,1.7957,0.9957,245.8176,0.4068,0.000982,Healthy
2910,39.6602,0.9965,1.7963,0.9968,246.1898,0.4062,0.000647,Healthy
2911,40.0274,0.9962,1.7956,0.9985,245.2176,0.4078,0.000921,Healthy
2912,39.0351,0.9963,1.7978,1.0003,244.051,0.4098,0.000843,Healthy
2913,40.5732,0.9965,1.7979,0.9968,245.7536,0.4069,0.000779,Healthy
2914,41.2207,0.9964,1.7967,0.9986,244.8066,0.4085,0.000898,Healthy
2915,38.789,0.996,1.7975,0.9967,245.1918,0.4078,0.000983,Healthy
2916,39.7855,0.9979,1.7973,0.9981,246.6188,0.4055,0.000949,Healthy
2917,41.4817,0.998,1.7966,0.999,245.8356,0.4068,0.000806,Healthy
2918,40.4751,0.9982,1.7975,0.9995,246.4922,0.4057,0.00099,Healthy
2919,39.4333,0.9969,1.7972,0.9984,246.1314,0.4063,0.00092,Healthy
2920,40.3523,0.9978,1.7962,0.9994,243.9823,0.4099,0.001177,Healthy
2921,40.2217,0.9981,1.7974,0.998,246.0619,0.4064,0.001048,Healthy
2922,39.9965,0.9981,1.796,0.9977,246.2858,0.406,0.001086,Healthy
2923,40.63,0.9967,1.798,0.997,247.0166,0.4048,0.00087,Healthy
2924,39.0315,0.9959,1.7971,0.9978,247.1897,0.4045,0.00068,Healthy
2925,40.2966,0.996,1.7966,0.9993,244.7034,0.4087,0.001005,Healthy
2926,40.5811,0.997,1.7976,0.9965,246.9361,0.405,0.001273,Healthy
2927,40.3063,0.9995,1.7967,0.9981,246.755,0.4053,0.000796,Healthy
2928,39.1652,0.9955,1.7991,0.9971,245.4594,0.4074,0.000666,Healthy
2929,41.0309,0.9963,1.7966,0.998,244.7553,0.4086,0.000853,Healthy
2930,41.3958,0.9975,1.7972,0.9979,245.2937,0.4077,0.001288,Healthy
2931,39.6261,0.9973,1.7972,0.9987,246.486,0.4057,0.000883,Healthy
2932,40.5101,0.9974,1.7948,0.9961,245.1179,0.408,0.000777,Healthy
2933,39.32,0.9978,1.7971,0.9974,244.5956,0.4088,0.000881,Healthy
2934,38.1799,0.9969,1.7971,0.9979,244.3477,0.4093,0.000935,Healthy
2935,39.4499,0.9963,1.7978,0.9997,245.6386,0.4071,0.000727,Healthy
2936,40.4357,0.998,1.7977,1.0004,245.0237,0.4081,0.000941,Healthy
2937,41.5257,0.9985,1.7951,0.9976,246.7821,0.4052,0.001469,Healthy
2938,40.8514,0.9967,1.7961,0.9999,246.176,0.4062,0.000722,Healthy
2939,40.1277,0.9974,1.7976,0.9967,245.1001,0.408,0.000561,Healthy
2940,41.1238,0.9967,1.7975,0.9991,245.7659,0.4069,0.000869,Healthy
2941,40.4489,0.9971,1.7983,0.998,245.153,0.4079,0.001102,Healthy
2942,41.28,0.9957,1.7986,0.998,245.8136,0.4068,0.001094,Healthy
2943,39.8438,0.998,1.7967,0.9962,244.7873,0.4085,0.001006,Healthy
2944,39.5428,0.9987,1.7982,0.999,245.6838,0.407,0.000945,Healthy
2945,39.346,0.9981,1.7974,0.9982,246.9331,0.405,0.000772,Healthy
2946,40.2019,0.9974,1.7961,0.9975,245.9754,0.4065,0.000829,Healthy
2947,41.3518,0.9955,1.7982,0.9983,245.1244,0.408,0.000709,Healthy
2948,38.6422,0.9963,1.7981,0.9976,246.5084,0.4057,0.00077,Healthy
2949,40.8739,0.9963,1.7961,0.9975,245.0445,0.4081,0.000586,Healthy
2950,40.1641,0.9972,1.7983,0.9986,246.551,0.4056,0.001039,Healthy
2951,40.5779,0.9958,1.7972,0.9982,246.7395,0.4053,0.001033,Healthy
2952,41.3059,0.996,1.7967,0.9981,246.5008,0.4057,0.000867,Healthy
2953,40.2494,0.9977,1.7959,0.9992,244.8672,0.4084,0.000512,Healthy
2954,40.3253,0.9987,1.7976,0.9984,245.6021,0.4072,0.000866,Healthy
2955,39.0831,0.9948,1.7972,0.9989,245.8428,0.4068,0.001021,Healthy
2956,41.5878,0.9974,1.7969,0.9968,247.1838,0.4046,0.001002,Healthy
2957,39.5677,0.9959,1.7983,0.9966,247.0476,0.4048,0.000346,Healthy
2958,41.4625,0.9975,1.7972,0.9975,247.0756,0.4047,0.001039,Healthy
2959,39.6036,0.9953,1.7972,0.9976,244.3456,0.4093,0.000887,Healthy
2960,39.8689,0.997,1.7978,0.9991,246.2871,0.406,0.000754,Healthy
2961,40.6249,0.9971,1.7957,0.998,247.0438,0.4048,0.000905,Healthy
2962,39.0563,0.9971,1.7958,0.9985,245.9769,0.4065,0.000864,Healthy
2963,40.0685,0.9968,1.797,0.9969,244.4453,0.4091,0.001127,Healthy
2964,40.0269,0.9972,1.7973,0.998,244.6149,0.4088,0.000564,Healthy
2965,39.866,0.9974,1.7963,0.9973,247.2543,0.4044,0.00053,Healthy
2966,39.7348,0.9989,1.797,0.9969,246.486,0.4057,0.000911,Healthy
2967,40.062,0.9972,1.7964,0.9966,245.4586,0.4074,0.000698,Healthy
2968,40.351,0.9974,1.7979,0.9988,245.2234,0.4078,0.001,Healthy
2969,40.7382,0.9974,1.7966,0.9966,245.9481,0.4066,0.000559,Healthy
2970,40.1317,0.9945,1.7957,0.9967,246.4224,0.4058,0.001039,Healthy
2971,39.9047,0.9978,1.7979,0.9975,244.436,0.4091,0.00086,Healthy
2972,40.2713,0.9958,1.7974,0.9979,245.898,0.4067,0.000957,Healthy
2973,40.9353,0.9968,1.7972,0.9972,245.0729,0.408,0.00117,Healthy
2974,38.7182,0.9979,1.7964,0.9969,245.7483,0.4069,0.000604,Healthy
2975,39.7022,0.9962,1.7968,0.9968,246.8184,0.4052,0.001262,Healthy
2976,38.7392,0.9976,1.7979,0.9982,245.0095,0.4081,0.000854,Healthy
2977,39.76,0.9966,1.7958,0.9975,244.3323,0.4093,0.000863,Healthy
2978,39.3615,0.9972,1.7963,0.9979,246.3983,0.4058,0.001221,Healthy
2979,38.3398,0.9962,1.7967,0.9981,244.2112,0.4095,0.000707,Healthy
2980,40.4683,0.9971,1.7974,0.9981,245.8009,0.4068,0.000943,Healthy
2981,40.4104,0.9977,1.7948,0.9992,243.7649,0.4102,0.000688,Healthy
2982,40.1862,0.9977,1.794,0.9976,246.1609,0.4062,0.001104,Healthy
2983,39.8115,0.9967,1.7964,0.9972,244.7,0.4087,0.000727,Healthy
2984,40.7187,0.9971,1.7975,0.9978,246.0875,0.4064,0.001081,Healthy
2985,38.9796,0.9962,1.7968,0.9976,244.9864,0.4082,0.001088,Healthy
2986,41.9588,0.9972,1.7971,0.9985,244.0283,0.4098,0.000911,Healthy
2987,41.1598,0.9964,1.7958,0.9974,245.471,0.4074,0.000724,Healthy
2988,42.0553,0.9965,1.7959,0.9975,246.2443,0.4061,0.00091,Healthy
2989,40.7687,0.9961,1.7985,0.9982,246.3547,0.4059,0.00098,Healthy
2990,41.0419,0.9961,1.7965,0.999,246.7628,0.4052,0.000678,Healthy
2991,40.5836,0.9966,1.7963,0.9979,246.4263,0.4058,0.000998,Healthy
2992,40.13,0.9975,1.7966,0.998,246.6292,0.4055,0.000492,Healthy
2993,41.0252,0.9955,1.7982,0.997,244.5364,0.4089,0.001047,Healthy
2994,40.6805,0.996,1.7958,0.9974,244.5457,0.4089,0.000696,Healthy
2995,40.4835,0.996,1.7974,0.9991,245.3887,0.4075,0.000935,Healthy
2996,42.0073,0.9958,1.7982,0.9987,246.1895,0.4062,0.001167,Healthy
2997,40.6191,0.9964,1.7981,0.9987,246.3888,0.4059,0.000918,Healthy
2998,39.8234,0.9972,1.7979,0.9986,245.1593,0.4079,0.000972,Healthy
2999,39.3512,0.998,1.7962,0.9984,244.5821,0.4089,0.001116,Healthy
3000,40.6575,0.9962,1.7977,0.997,246.0996,0.4063,0.000855,Healthy
3001,39.025,0.996,1.7966,0.999,246.2194,0.4061,0.001235,Healthy
3002,41.7265,0.9965,1.7968,0.9972,244.9598,0.4082,0.000542,Healthy
3003,40.3936,0.9957,1.797,0.9997,245.088,0.408,0.00095,Healthy
3004,41.1325,0.9973,1.7973,0.9972,245.3085,0.4076,0.000719,Healthy
3005,41.0858,0.9953,1.798,0.9962,246.2626,0.4061,0.000841,Healthy
3006,39.4253,0.9976,1.7979,0.9972,246.0675,0.4064,0.000455,Healthy
3007,39.3561,0.9983,1.7968,0.9957,244.9304,0.4083,0.000727,Healthy
3008,40.2816,0.9966,1.7972,0.9975,246.5758,0.4056,0.000997,Healthy
3009,40.7823,0.9982,1.7966,0.9963,246.4521,0.4058,0.00094,Healthy
3010,40.5295,0.9964,1.7964,0.9984,246.2727,0.4061,0.00107,Healthy
3011,41.0542,0.9976,1.7971,0.9974,246.4518,0.4058,0.000839,Healthy
3012,40.7176,0.9962,1.7963,0.9974,244.8388,0.4084,0.001073,Healthy
3013,39.345,0.9971,1.7971,0.9958,245.1277,0.408,0.000965,Healthy
3014,40.7682,0.9968,1.7977,0.9975,245.4899,0.4073,0.000965,Healthy
3015,41.1686,0.9963,1.7965,0.9969,245.2117,0.4078,0.0012,Healthy
3016,40.887,0.9959,1.7964,0.998,244.7508,0.4086,0.00077,Healthy
3017,41.5066,0.9964,1.7979,0.9988,244.8877,0.4084,0.000737,Healthy
3018,40.2115,0.9959,1.7971,0.9974,245.7615,0.4069,0.001195,Healthy
3019,41.0882,0.9975,1.795,0.998,246.8496,0.4051,0.000314,Healthy
3020,40.9875,0.9968,1.7961,0.9984,246.8378,0.4051,0.001071,Healthy
3021,40.1408,0.996,1.7971,0.9985,245.1589,0.4079,0.000858,Healthy
3022,42.6972,0.9981,1.7981,0.9961,244.9012,0.4083,0.000932,Healthy
3023,39.6405,0.9986,1.7984,0.997,246.8926,0.405,0.000916,Healthy
3024,42.5147,0.9971,1.7976,0.999,246.4861,0.4057,0.001019,Healthy
3025,40.3321,0.9975,1.7962,0.9977,244.5751,0.4089,0.000561,Healthy
3026,40.4871,0.9982,1.7979,0.9975,246.8586,0.4051,0.000804,Healthy
3027,38.9143,0.9948,1.7958,0.9984,244.9517,0.4082,0.00101,Healthy
3028,41.7674,0.9959,1.7975,0.9981,244.7694,0.4085,0.001189,Healthy
3029,40.222,0.9966,1.7991,0.9981,246.1967,0.4062,0.00119,Healthy
3030,39.9336,0.9982,1.7965,0.997,245.2374,0.4078,0.000795,Healthy
3031,41.1135,0.9972,1.7965,0.9982,245.2334,0.4078,0.000854,Healthy
3032,40.4965,0.9974,1.7974,0.9972,246.1297,0.4063,0.000875,Healthy
3033,39.9354,0.9955,1.798,0.9976,245.6192,0.4071,0.001129,Healthy
3034,40.0793,0.9956,1.797,0.9979,245.2387,0.4078,0.001215,Healthy
3035,38.4741,0.9981,1.7978,0.998,242.7788,0.4119,0.001177,Healthy
3036,39.6437,0.9965,1.7968,0.998,245.9575,0.4066,0.001099,Healthy
3037,41.1193,0.9972,1.7974,0.9965,244.8437,0.4084,0.0011,Healthy
3038,41.1382,0.9977,1.7964,0.9985,244.514,0.409,0.001137,Healthy
3039,40.2615,0.9986,1.7954,0.9993,245.1523,0.4079,0.000846,Healthy
3040,40.6279,0.9963,1.7969,0.9968,244.8791,0.4084,0.001019,Healthy
3041,39.7525,0.9962,1.7956,0.9971,246.4878,0.4057,0.000753,Healthy
3042,39.8903,0.9972,1.7966,0.9998,245.307,0.4077,0.00099,Healthy
3043,41.2324,0.9979,1.7972,0.9974,247.0547,0.4048,0.000903,Healthy
3044,40.1258,0.9963,1.7952,0.9984,243.5555,0.4106,0.000922,Healthy
3045,40.3171,0.9992,1.7951,0.9967,245.3236,0.4076,0.000884,Healthy
3046,40.0432,0.9969,1.7957,0.9979,243.5738,0.4106,0.000919,Healthy
3047,40.0043,0.998,1.7987,0.9972,246.5421,0.4056,0.000861,Healthy
3048,39.7135,0.9987,1.7975,0.9976,245.9777,0.4065,0.000979,Healthy
3049,40.4328,0.9956,1.7967,0.9982,245.3283,0.4076,0.001105,Healthy
3050,40.7969,0.9961,1.7956,0.9974,245.0056,0.4082,0.000992,Healthy
3051,39.9173,0.9963,1.798,0.9977,244.8613,0.4084,0.000929,Healthy
3052,41.5967,0.9972,1.7975,0.9968,246.2431,0.4061,0.001389,Healthy
3053,39.8622,0.9958,1.7971,0.9984,245.3474,0.4076,0.000715,Healthy
3054,40.4103,0.9975,1.7965,0.9982,246.3508,0.4059,0.000974,Healthy
3055,40.4766,0.9978,1.7961,0.9966,245.2042,0.4078,0.000828,Healthy
3056,39.8581,0.9988,1.7991,0.9972,245.4894,0.4073,0.000889,Healthy
3057,41.3886,0.9982,1.7952,0.998,244.369,0.4092,0.001279,Healthy
3058,40.8566,0.9961,1.7967,0.9973,245.8331,0.4068,0.001136,Healthy
3059,39.5876,0.9988,1.7985,0.9967,245.4697,0.4074,0.00127,Healthy
3060,41.4943,0.9966,1.7978,1.0005,245.4941,0.4073,0.000801,Healthy
3061,40.6477,0.9972,1.7964,0.998,244.405,0.4092,0.000795,Healthy
3062,41.1182,0.9952,1.7978,0.9955,244.0219,0.4098,0.000829,Healthy
3063,40.7429,0.9983,1.797,0.9973,245.8692,0.4067,0.000755,Healthy
3064,40.6267,0.9957,1.797,0.9974,244.7606,0.4086,0.000962,Healthy
3065,40.6438,0.9981,1.7953,0.9975,244.7943,0.4085,0.001103,Healthy
3066,41.1219,0.9974,1.7962,0.9984,244.1769,0.4095,0.000583,Healthy
3067,39.4999,0.9969,1.7976,0.9946,246.4577,0.4057,0.000956,Healthy
3068,39.2682,0.997,1.798,0.9981,246.2773,0.406,0.000657,Healthy
3069,40.193,0.996,1.7986,0.9982,247.6741,0.4038,0.000837,Healthy
3070,39.9463,0.9968,1.7983,0.9972,245.4946,0.4073,0.00095,Healthy
3071,40.5594,0.9963,1.7968,0.9974,245.3874,0.4075,0.00112,Healthy
3072,41.9381,0.9961,1.7965,0.9967,245.5417,0.4073,0.000824,Healthy
3073,40.7232,0.998,1.7944,0.998,245.0224,0.4081,0.001024,Healthy
3074,39.816,0.9981,1.7978,0.9981,246.0236,0.4065,0.000783,Healthy
3075,40.0393,0.9977,1.7962,0.999,245.1286,0.4079,0.001033,Healthy
3076,42.2162,0.9962,1.797,0.9986,246.147,0.4063,0.000867,Healthy
3077,40.1252,0.9967,1.7984,0.9973,245.447,0.4074,0.000848,Healthy
3078,41.1048,0.9971,1.7959,0.9966,243.7841,0.4102,0.000767,Healthy
3079,41.1774,0.9982,1.7976,0.9981,245.2803,0.4077,0.001089,Healthy
3080,40.773,0.9987,1.7968,0.9989,246.0793,0.4064,0.001081,Healthy
3081,38.9366,0.9978,1.7968,0.9971,244.1922,0.4095,0.000933,Healthy
3082,40.5744,0.9956,1.7954,0.998,246.0744,0.4064,0.000973,Healthy
3083,41.4701,0.9968,1.7969,0.9966,244.1273,0.4096,0.001306,Healthy
3084,41.4562,0.9955,1.7971,0.9974,245.1548,0.4079,0.000853,Healthy
3085,40.858,0.9977,1.7973,0.9974,245.2467,0.4078,0.001123,Healthy
3086,40.9256,0.997,1.7969,0.9979,244.9963,0.4082,0.0011,Healthy
3087,39.6959,0.9965,1.7975,0.9964,244.1111,0.4096,0.000949,Healthy
3088,39.2012,0.9956,1.7977,0.9973,246.3964,0.4059,0.000695,Healthy
3089,40.485,0.9973,1.7957,0.9986,245.775,0.4069,0.000615,Healthy
3090,40.5318,0.9973,1.7963,0.996,245.5878,0.4072,0.001379,Healthy
3091,40.2542,0.9985,1.7962,0.9977,245.9807,0.4065,0.000936,Healthy
3092,40.3274,0.9976,1.7988,0.9978,244.9492,0.4082,0.0009,Healthy
3093,42.5832,0.997,1.7963,0.9964,243.8998,0.41,0.001011,Healthy
3094,41.0929,0.9965,1.7969,0.9964,245.4653,0.4074,0.001034,Healthy
3095,40.1429,0.9986,1.7961,0.9978,246.0362,0.4064,0.000923,Healthy
3096,40.422,0.9955,1.7983,0.9974,245.7859,0.4069,0.001073,Healthy
3097,40.072,0.9967,1.7982,0.9964,247.0568,0.4048,0.00079,Healthy
3098,39.6328,0.997,1.7991,0.9956,245.2402,0.4078,0.001035,Healthy
3099,40.6051,0.9973,1.7962,0.9969,245.2328,0.4078,0.000714,Healthy
3100,40.5443,0.9965,1.7964,0.9978,243.8935,0.41,0.000894,Healthy
3101,42.4357,0.9958,1.7982,0.9976,244.8661,0.4084,0.000676,Healthy
3102,40.6953,0.9984,1.7965,0.9974,246.1553,0.4062,0.001009,Healthy
3103,39.3276,0.997,1.7984,0.9975,243.1523,0.4113,0.001019,Healthy
3104,40.4284,0.9951,1.7952,0.9985,244.7581,0.4086,0.00076,Healthy
3105,40.5605,0.9963,1.797,0.9973,244.3825,0.4092,0.000839,Healthy
3106,40.945,0.9969,1.7968,0.9995,245.9258,0.4066,0.001112,Healthy
3107,40.4598,0.9971,1.7965,0.9983,245.2512,0.4077,0.000987,Healthy
3108,40.7229,0.9969,1.7998,0.9968,244.7974,0.4085,0.001081,Healthy
3109,40.1201,0.9966,1.7958,0.998,245.7399,0.4069,0.00088,Healthy
3110,41.1699,0.995,1.7962,0.9973,244.3972,0.4092,0.000593,Healthy
3111,40.3535,0.9976,1.7982,0.997,245.9201,0.4066,0.001071,Healthy
3112,41.5765,0.9965,1.7951,0.9976,244.521,0.409,0.000799,Healthy
3113,40.3624,0.9965,1.797,0.9982,245.0363,0.4081,0.001023,Healthy
3114,40.6171,0.9978,1.7967,0.9974,245.0295,0.4081,0.000912,Healthy
3115,39.9802,0.996,1.7977,0.9964,245.0722,0.408,0.001148,Healthy
3116,40.3266,0.9977,1.7963,0.9965,244.0501,0.4098,0.001207,Healthy
3117,39.7011,0.9976,1.7959,0.9988,247.0899,0.4047,0.000608,Healthy
3118,39.7446,0.9977,1.7974,0.9983,244.864,0.4084,0.001343,Healthy
3119,40.7086,0.9957,1.7966,0.9963,246.5943,0.4055,0.000814,Healthy
3120,41.01,0.9964,1.7963,0.9956,245.7985,0.4068,0.001206,Healthy
3121,39.885,0.9953,1.7977,0.9959,246.2941,0.406,0.000765,Healthy
3122,39.737,0.9971,1.7958,0.9968,245.6002,0.4072,0.000461,Healthy
3123,41.9353,0.9969,1.7956,0.9965,246.1088,0.4063,0.001067,Healthy
3124,41.7326,0.9962,1.7972,0.9979,245.8702,0.4067,0.001173,Healthy
3125,40.0512,0.9968,1.7963,0.9974,245.8712,0.4067,0.000617,Healthy
3126,41.5143,0.9957,1.7966,0.9987,245.5734,0.4072,0.001016,Healthy
3127,39.6841,0.9958,1.7978,0.9969,244.9136,0.4083,0.001141,Healthy
3128,39.7905,0.9971,1.7969,0.9975,244.8933,0.4083,0.000832,Healthy
3129,39.7695,0.9974,1.7962,0.9985,245.1269,0.408,0.000737,Healthy
3130,40.4437,0.9965,1.7979,0.9971,245.084,0.408,0.001231,Healthy
3131,41.0424,0.9985,1.7981,0.9966,246.0955,0.4063,0.001254,Healthy
3132,41.8639,0.9979,1.7978,0.9972,244.6321,0.4088,0.000879,Healthy
3133,39.3076,0.9982,1.7966,0.9988,244.3153,0.4093,0.001166,Healthy
3134,40.2453,0.9956,1.7985,0.9986,245.4684,0.4074,0.000957,Healthy
3135,40.9946,0.9971,1.7961,0.9971,246.8661,0.4051,0.001485,Healthy
3136,41.8949,0.9973,1.7965,0.9967,244.7102,0.4086,0.00084,Healthy
3137,42.3675,0.9987,1.7976,0.9965,246.0089,0.4065,0.000903,Healthy
3138,38.926,0.9971,1.796,0.9967,245.0927,0.408,0.000852,Healthy
3139,40.6228,0.9968,1.795,0.999,244.5048,0.409,0.000761,Healthy
3140,40.3892,0.9968,1.7983,0.9978,245.7432,0.4069,0.001007,Healthy
3141,40.839,0.9972,1.7949,0.9972,246.2183,0.4061,0.001741,Healthy
3142,39.6922,0.9973,1.7963,0.9995,244.204,0.4095,0.001078,Healthy
3143,39.5316,0.9965,1.7968,0.9986,244.4238,0.4091,0.001086,Healthy
3144,40.6742,0.9971,1.7978,0.9962,245.9325,0.4066,0.000839,Healthy
3145,41.5377,0.9972,1.7966,0.9969,245.9411,0.4066,0.001206,Healthy
3146,40.2365,0.9957,1.7975,0.996,244.2366,0.4094,0.000741,Healthy
3147,40.3322,0.9955,1.7949,0.9963,245.7935,0.4068,0.0007,Healthy
3148,40.3942,0.9988,1.7968,0.9978,244.5212,0.409,0.001387,Healthy
3149,40.2352,0.9966,1.7982,0.9973,245.3148,0.4076,0.000898,Healthy
3150,40.4501,0.9972,1.7974,0.9968,244.6621,0.4087,0.000833,Healthy
3151,39.5508,0.9953,1.7971,0.9984,245.9703,0.4066,0.000479,Healthy
3152,40.4775,0.9957,1.797,0.9971,245.7455,0.4069,0.000952,Healthy
3153,39.1586,0.9959,1.7969,0.9976,244.146,0.4096,0.000649,Healthy
3154,40.7222,0.9954,1.7952,0.997,244.8782,0.4084,0.000781,Healthy
3155,40.116,0.9969,1.7961,0.9975,244.9631,0.4082,0.00099,Healthy
3156,41.3834,0.9977,1.7981,0.9983,245.4568,0.4074,0.00087,Healthy
3157,40.3724,0.996,1.7968,0.9982,244.684,0.4087,0.00095,Healthy
3158,40.1425,0.9971,1.7963,0.9967,244.719,0.4086,0.001058,Healthy
3159,40.6088,0.9964,1.7971,0.9971,246.1627,0.4062,0.000763,Healthy
3160,40.5384,0.9954,1.7965,0.9958,245.8571,0.4067,0.001111,Healthy
3161,41.3171,0.9969,1.796,0.9967,246.4826,0.4057,0.001245,Healthy
3162,40.7896,0.9963,1.7982,0.9968,245.4401,0.4074,0.001229,Healthy
3163,40.0243,0.9977,1.7974,0.9974,244.4608,0.4091,0.000814,Healthy
3164,40.9268,0.9954,1.797,0.998,246.0422,0.4064,0.00068,Healthy
3165,41.75,0.9985,1.7972,0.9964,244.99,0.4082,0.00095,Healthy
3166,40.9152,0.9969,1.7971,0.9974,245.4631,0.4074,0.000868,Healthy
3167,40.4301,0.9963,1.7988,0.9989,245.6937,0.407,0.001225,Healthy
3168,41.3412,0.997,1.7953,0.9972,244.98,0.4082,0.000734,Healthy
3169,39.5153,0.9973,1.7972,0.9963,244.6498,0.4087,0.001193,Healthy
3170,40.0038,0.997,1.7966,0.998,244.5601,0.4089,0.000979,Healthy
3171,40.8428,0.9971,1.7969,0.9978,246.9969,0.4049,0.001474,Healthy
3172,40.1982,0.9945,1.7974,0.9976,246.0908,0.4064,0.001019,Healthy
3173,40.7583,0.998,1.7981,0.9961,244.5872,0.4089,0.000941,Healthy
3174,40.792,0.9966,1.7973,0.9985,246.6172,0.4055,0.001078,Healthy
3175,40.0331,0.9967,1.7967,0.998,245.548,0.4073,0.001373,Healthy
3176,40.3476,0.9972,1.7992,0.9969,245.3521,0.4076,0.000774,Healthy
3177,40.7843,0.996,1.7979,0.9976,244.4862,0.409,0.001131,Healthy
3178,40.8641,0.9978,1.7957,0.9978,245.8517,0.4067,0.000879,Healthy
3179,39.715,0.9968,1.798,0.9986,244.8888,0.4083,0.000707,Healthy
3180,40.3791,0.9964,1.7973,0.9974,244.6274,0.4088,0.001185,Healthy
3181,40.8381,0.9973,1.7951,0.995,244.0785,0.4097,0.000868,Healthy
3182,41.1887,0.9945,1.7984,0.9976,246.3152,0.406,0.000787,Healthy
3183,41.1325,0.9969,1.7976,0.9972,245.6041,0.4072,0.001185,Healthy
3184,40.2103,0.9971,1.7949,0.9982,246.7877,0.4052,0.000716,Healthy
3185,40.6599,0.9977,1.7968,0.9976,244.9097,0.4083,0.00088,Healthy
3186,40.6654,0.9969,1.7956,0.9974,246.4758,0.4057,0.000882,Healthy
3187,39.7468,0.9967,1.7961,0.9961,245.3308,0.4076,0.000824,Healthy
3188,40.2386,0.997,1.7953,0.9957,245.7547,0.4069,0.00058,Healthy
3189,39.9589,0.995,1.7963,0.9979,245.3064,0.4077,0.001445,Healthy
3190,41.6115,0.9959,1.7956,1.0002,246.0651,0.4064,0.001085,Healthy
3191,40.8037,0.9971,1.7953,0.9976,245.2705,0.4077,0.000786,Healthy
3192,40.3148,0.9983,1.7967,0.9995,243.8195,0.4101,0.000863,Healthy
3193,39.5096,0.9956,1.796,0.9978,245.424,0.4075,0.000832,Healthy
3194,38.967,0.9983,1.7965,0.9963,245.4289,0.4074,0.001009,Healthy
3195,40.4929,0.997,1.7956,0.9982,244.41,0.4091,0.000847,Healthy
3196,41.2718,0.998,1.7984,0.9985,244.9467,0.4083,0.000661,Healthy
3197,41.8786,0.9982,1.7961,0.9984,244.9388,0.4083,0.001269,Healthy
3198,40.3445,0.9988,1.7976,0.9992,244.832,0.4084,0.00105,Healthy
3199,39.9828,0.9976,1.7977,0.9998,245.5871,0.4072,0.001115,Healthy
3200,40.3833,0.9973,1.7964,0.9976,245.3396,0.4076,0.0009,Healthy
3201,40.8122,0.9964,1.7964,0.9985,245.3388,0.4076,0.00104,Healthy
3202,39.5978,0.9972,1.7973,0.997,246.865,0.4051,0.000513,Healthy
3203,41.3929,0.9975,1.7973,0.9976,245.636,0.4071,0.001145,Healthy
3204,40.1865,0.9971,1.7966,0.9963,245.7677,0.4069,0.000858,Healthy
3205,39.5707,0.9963,1.796,0.9985,245.3151,0.4076,0.001248,Healthy
3206,40.2376,0.9977,1.7996,0.9978,245.8803,0.4067,0.001111,Healthy
3207,39.6349,0.9974,1.7971,0.9972,244.4823,0.409,0.001111,Healthy
3208,39.9965,0.9989,1.7969,0.9962,244.7768,0.4085,0.000917,Healthy
3209,42.7061,0.9959,1.7967,0.9969,245.5859,0.4072,0.000868,Healthy
3210,39.8668,0.9966,1.7965,0.9968,244.754,0.4086,0.00121,Healthy
3211,40.524,0.9957,1.7963,0.9975,244.1145,0.4096,0.001298,Healthy
3212,41.4757,0.9982,1.7972,0.9953,246.4103,0.4058,0.000801,Healthy
3213,40.1577,0.9969,1.7982,0.9985,245.9055,0.4067,0.000912,Healthy
3214,40.5231,0.9971,1.7967,0.9983,245.8431,0.4068,0.001092,Healthy
3215,38.7662,0.9969,1.7967,0.9976,244.574,0.4089,0.00071,Healthy
3216,41.1593,0.9964,1.7974,0.9968,246.3087,0.406,0.001175,Healthy
3217,41.0281,0.9966,1.7976,0.9978,245.3654,0.4076,0.001184,Healthy
3218,41.9336,0.9955,1.7957,0.9966,243.9711,0.4099,0.000963,Healthy
3219,41.2743,0.9968,1.7962,0.9986,245.2839,0.4077,0.001044,Healthy
3220,41.7194,0.9967,1.7988,0.997,246.7684,0.4052,0.000781,Healthy
3221,41.2118,0.9961,1.7979,0.9969,245.4012,0.4075,0.000846,Healthy
3222,41.5494,0.9961,1.7985,0.9964,244.0905,0.4097,0.001167,Healthy
3223,40.3281,0.9968,1.7965,0.9961,245.1039,0.408,0.00123,Healthy
3224,41.6057,0.997,1.7979,0.9964,244.9036,0.4083,0.001056,Healthy
3225,40.7007,0.9965,1.7956,0.9953,245.8168,0.4068,0.001026,Healthy
3226,41.5284,0.9963,1.7961,0.9974,245.8444,0.4068,0.000932,Healthy
3227,41.45,0.9958,1.7966,0.9973,246.1406,0.4063,0.00102,Healthy
3228,42.2073,0.9954,1.7969,0.9976,245.6541,0.4071,0.000816,Healthy
3229,42.1598,0.9968,1.7957,0.9974,244.906,0.4083,0.001535,Healthy
3230,41.654,0.9968,1.7967,0.9984,245.9541,0.4066,0.000397,Healthy
3231,41.3302,0.9968,1.7955,0.9983,246.9505,0.4049,0.001091,Healthy
3232,41.6979,0.9986,1.7959,0.9956,245.6775,0.407,0.00093,Healthy
3233,39.7201,0.9967,1.7975,0.9973,244.521,0.409,0.000935,Healthy
3234,40.8056,0.9948,1.7966,0.9961,245.6762,0.407,0.000668,Healthy
3235,41.6332,0.9964,1.7962,0.9977,244.4547,0.4091,0.001036,Healthy
3236,40.2391,0.9962,1.7972,0.9963,244.1345,0.4096,0.00103,Healthy
3237,40.8051,0.9969,1.7971,0.9975,245.631,0.4071,0.001001,Healthy
3238,39.2226,0.995,1.7987,0.9974,245.9032,0.4067,0.000912,Healthy
3239,40.7838,0.9963,1.7992,0.9977,244.7136,0.4086,0.000651,Healthy
3240,42.411,0.9966,1.7975,0.9983,244.7697,0.4085,0.001116,Healthy
3241,40.3505,0.9958,1.7979,0.9972,245.5533,0.4072,0.001064,Healthy
3242,41.3459,0.9952,1.7962,0.9971,244.4718,0.409,0.001068,Healthy
3243,41.7869,0.9981,1.7964,0.9977,245.492,0.4073,0.001107,Healthy
3244,40.1367,0.9986,1.7977,0.9984,246.0968,0.4063,0.00109,Healthy
3245,40.0191,0.9966,1.7951,0.9978,244.9971,0.4082,0.000975,Healthy
3246,41.806,0.9963,1.7965,0.9974,243.659,0.4104,0.000931,Healthy
3247,38.856,0.9962,1.7976,0.9978,244.6536,0.4087,0.000992,Healthy
3248,39.9864,0.9967,1.7997,0.9992,245.1701,0.4079,0.001016,Healthy
3249,40.0645,0.9959,1.7971,0.9969,245.8498,0.4068,0.001299,Healthy
3250,41.1161,0.9969,1.7951,0.9981,244.2101,0.4095,0.000901,Healthy
3251,41.6195,0.9978,1.7963,0.997,244.564,0.4089,0.000746,Healthy
3252,40.3458,0.9951,1.7974,0.9978,245.5704,0.4072,0.000795,Healthy
3253,39.8993,0.9968,1.7968,0.9973,244.8889,0.4083,0.001328,Healthy
3254,41.198,0.9987,1.798,0.9991,244.2594,0.4094,0.001105,Healthy
3255,40.5136,0.9951,1.7982,0.9971,244.2734,0.4094,0.000904,Healthy
3256,40.2238,0.9961,1.7965,0.9991,244.5829,0.4089,0.001319,Healthy
3257,41.5417,0.9971,1.7975,0.9974,246.1433,0.4063,0.0011,Healthy
3258,39.5327,0.997,1.7975,0.9971,245.214,0.4078,0.000865,Healthy
3259,39.7641,0.9952,1.7952,0.9981,243.1193,0.4113,0.000854,Healthy
3260,40.2555,0.9965,1.7949,0.9978,244.0915,0.4097,0.001214,Healthy
3261,40.3724,0.9966,1.7967,0.9976,245.1381,0.4079,0.000903,Healthy
3262,41.146,0.9972,1.796,0.9978,246.0604,0.4064,0.00113,Healthy
3263,41.6193,0.9969,1.7958,0.9966,245.3614,0.4076,0.001177,Healthy
3264,43.1039,0.9977,1.7956,0.9966,246.9268,0.405,0.000946,Healthy
3265,40.915,0.9958,1.7983,0.9979,244.4828,0.409,0.000791,Healthy
3266,41.1246,0.9968,1.7976,0.9979,244.8894,0.4083,0.000881,Healthy
3267,40.7526,0.9962,1.7966,0.9974,244.3812,0.4092,0.001116,Healthy
3268,40.5861,0.9959,1.7964,0.9976,245.1644,0.4079,0.001075,Healthy
3269,41.6029,0.998,1.797,0.9963,244.8812,0.4084,0.00079,Healthy
3270,42.2435,0.9987,1.7974,0.9982,245.2958,0.4077,0.001064,Healthy
3271,39.6098,0.9967,1.7958,0.9977,245.0458,0.4081,0.001381,Healthy
3272,41.6229,0.997,1.7965,0.9991,245.068,0.408,0.001058,Healthy
3273,40.9252,0.9963,1.7968,0.9954,243.8523,0.4101,0.001062,Healthy
3274,42.1478,0.9971,1.796,0.9959,245.7166,0.407,0.000879,Healthy
3275,41.4096,0.9971,1.7972,0.9974,245.3944,0.4075,0.000969,Healthy
3276,40.3886,0.9958,1.7943,0.9972,246.3015,0.406,0.001139,Healthy
3277,41.0808,0.996,1.7977,0.9973,246.3444,0.4059,0.000797,Healthy
3278,40.3004,0.9959,1.7952,0.9964,245.1656,0.4079,0.000851,Healthy
3279,37.8171,0.9978,1.795,0.998,245.1065,0.408,0.001417,Healthy
3280,41.7016,0.9962,1.796,0.9989,243.8993,0.41,0.001032,Healthy
3281,40.8009,0.9964,1.7971,0.9976,245.4444,0.4074,0.001022,Healthy
3282,41.2417,0.9968,1.7961,0.9974,244.5055,0.409,0.000839,Healthy
3283,40.6405,0.9966,1.7968,0.9983,244.6767,0.4087,0.001034,Healthy
3284,41.0056,0.9961,1.7968,0.9984,245.2232,0.4078,0.001041,Healthy
3285,40.3487,0.9987,1.7961,0.9957,245.7606,0.4069,0.000973,Healthy
3286,40.6724,0.9962,1.7986,0.9977,245.5108,0.4073,0.001028,Healthy
3287,41.1326,0.9981,1.7965,0.9959,245.7639,0.4069,0.001095,Healthy
3288,41.0048,0.9972,1.7963,0.9974,244.9626,0.4082,0.000878,Healthy
3289,41.8715,0.9953,1.7991,0.9982,243.6441,0.4104,0.000952,Healthy
3290,40.7872,0.9971,1.7957,0.9974,244.9681,0.4082,0.000849,Healthy
3291,40.2224,0.9976,1.795,0.9978,245.7015,0.407,0.000954,Healthy
3292,40.9675,0.9979,1.796,0.9968,244.6656,0.4087,0.001231,Healthy
3293,41.9612,0.9953,1.7977,0.9982,246.3034,0.406,0.001075,Healthy
3294,40.8938,0.9979,1.7974,0.9996,245.826,0.4068,0.001029,Healthy
3295,39.9917,0.9961,1.7953,0.9971,245.7984,0.4068,0.000998,Healthy
3296,41.7502,0.997,1.7963,0.9975,245.4337,0.4074,0.001027,Healthy
3297,41.0551,0.9959,1.7963,0.9996,246.0373,0.4064,0.000704,Healthy
3298,39.0428,0.9968,1.7976,0.9968,245.8703,0.4067,0.001011,Healthy
3299,40.8078,0.9975,1.7962,0.9971,245.5876,0.4072,0.000993,Healthy
3300,42.467,0.9974,1.7973,0.9973,245.7498,0.4069,0.000935,Healthy
3301,41.1677,0.9958,1.7977,0.9976,246.6345,0.4055,0.001479,Healthy
3302,41.5543,0.9968,1.7958,0.9983,245.2152,0.4078,0.001108,Healthy
3303,42.3292,0.9959,1.7958,0.9971,245.7025,0.407,0.001112,Healthy
3304,40.2306,0.9975,1.7955,0.9965,244.9516,0.4082,0.000891,Healthy
3305,41.6609,0.997,1.7985,0.9971,244.9447,0.4083,0.001244,Healthy
3306,40.8781,0.9982,1.7972,0.995,245.9831,0.4065,0.001184,Healthy
3307,41.7137,0.9948,1.796,0.9968,244.3666,0.4092,0.00135,Healthy
3308,40.945,0.9967,1.7972,0.9979,242.3701,0.4126,0.000873,Healthy
3309,39.826,0.9971,1.7964,0.9974,243.3737,0.4109,0.000941,Healthy
3310,41.8501,0.9981,1.7974,0.996,246.0425,0.4064,0.001148,Healthy
3311,40.866,0.9947,1.7976,0.9968,245.3104,0.4076,0.001017,Healthy
3312,42.1923,0.9966,1.7967,0.9989,244.5054,0.409,0.001166,Healthy
3313,40.8045,0.9957,1.7967,0.998,246.1135,0.4063,0.001299,Healthy
3314,40.7294,0.9957,1.7964,0.9962,244.8551,0.4084,0.000936,Healthy
3315,41.549,0.9945,1.796,0.9966,245.9772,0.4065,0.000782,Healthy
3316,41.1501,0.9966,1.7977,0.9979,245.123,0.408,0.000894,Healthy
3317,39.4887,0.9969,1.7972,0.9958,244.0375,0.4098,0.001056,Healthy
3318,41.2437,0.9957,1.7961,0.9955,246.1248,0.4063,0.000745,Healthy
3319,41.408,0.9966,1.798,0.9966,245.0705,0.408,0.000666,Healthy
3320,39.4252,0.9973,1.7949,0.9971,245.829,0.4068,0.001155,Healthy
3321,40.4461,0.9951,1.7972,0.9987,244.4887,0.409,0.000846,Healthy
3322,40.5597,0.9972,1.7979,0.9961,243.8184,0.4101,0.001475,Healthy
3323,40.8395,0.9969,1.796,0.9978,245.7835,0.4069,0.001067,Healthy
3324,42.3759,0.9963,1.7964,0.9976,245.386,0.4075,0.001053,Healthy
3325,39.9575,0.997,1.7963,0.9968,245.0385,0.4081,0.000815,Healthy
3326,40.0785,0.9941,1.7984,0.9979,244.9176,0.4083,0.000874,Healthy
3327,38.6878,0.9959,1.7974,0.9983,245.5233,0.4073,0.00104,Healthy
3328,42.0335,0.9963,1.7978,0.997,244.3031,0.4093,0.000807,Healthy
3329,40.1406,0.9973,1.7959,0.9963,245.5775,0.4072,0.001074,Healthy
3330,41.7641,0.9972,1.7959,0.9974,245.1051,0.408,0.000825,Healthy
3331,40.1121,0.996,1.7987,0.9969,245.9898,0.4065,0.000916,Healthy
3332,41.7087,0.9976,1.7976,0.9977,246.1039,0.4063,0.001085,Healthy
3333,42.3702,0.995,1.797,0.9976,244.2513,0.4094,0.001126,Healthy
3334,39.8091,0.996,1.7947,0.9989,244.8138,0.4085,0.001444,Healthy
3335,41.6454,0.9971,1.7961,0.9963,245.4159,0.4075,0.000996,Healthy
3336,39.9334,0.9951,1.7957,0.9992,246.7666,0.4052,0.001052,Healthy
3337,41.1258,0.9963,1.7957,0.9987,246.4934,0.4057,0.000832,Healthy
3338,40.9421,0.9962,1.7962,0.9985,243.9434,0.4099,0.001105,Healthy
3339,41.5928,0.9965,1.7976,0.9975,245.9652,0.4066,0.000707,Healthy
3340,40.733,0.9966,1.794,0.9962,244.3391,0.4093,0.001202,Healthy
3341,40.4483,0.9958,1.7975,0.9957,243.3315,0.411,0.00094,Healthy
3342,39.8574,0.9952,1.7972,0.9982,245.6181,0.4071,0.001234,Healthy
3343,42.0103,0.9945,1.7971,0.9968,244.3876,0.4092,0.001125,Healthy
3344,39.635,0.9949,1.7973,0.9978,245.0934,0.408,0.000837,Healthy
3345,41.6161,0.9973,1.7967,0.9961,244.6423,0.4088,0.001181,Healthy
3346,42.0846,0.9963,1.7964,0.9972,245.2009,0.4078,0.000898,Healthy
3347,38.7093,0.9978,1.7984,0.9967,244.1262,0.4096,0.000987,Healthy
3348,40.8764,0.9976,1.7967,0.9965,243.9233,0.41,0.001188,Healthy
3349,41.5078,0.9977,1.7957,0.9992,243.5815,0.4105,0.001157,Healthy
3350,39.5023,0.9959,1.7982,0.9982,244.538,0.4089,0.000911,Healthy
3351,41.1123,0.9972,1.7979,0.9969,243.6841,0.4104,0.001047,Healthy
3352,40.6677,0.9953,1.7969,0.9971,245.2172,0.4078,0.000837,Healthy
3353,41.4248,0.9953,1.7958,0.9971,246.364,0.4059,0.001173,Healthy
3354,41.899,0.9981,1.8002,0.9974,246.1053,0.4063,0.001219,Healthy
3355,41.8358,0.9984,1.7962,0.9968,245.2233,0.4078,0.00098,Healthy
3356,41.2956,0.9982,1.7962,0.997,245.1054,0.408,0.000971,Healthy
3357,39.5114,0.9961,1.7973,0.9988,244.0408,0.4098,0.000785,Healthy
3358,41.0686,0.9946,1.7962,0.9956,246.0582,0.4064,0.000864,Healthy
3359,42.3685,0.9978,1.796,0.9962,244.8067,0.4085,0.000997,Healthy
3360,41.3249,0.9959,1.7974,0.9976,244.6877,0.4087,0.000876,Healthy
3361,40.9019,0.9958,1.7967,0.9974,245.1679,0.4079,0.001372,Healthy
3362,40.9456,0.9976,1.7969,0.9971,244.8617,0.4084,0.001007,Healthy
3363,41.2772,0.9957,1.7952,0.998,245.674,0.407,0.001168,Healthy
3364,41.1792,0.9974,1.7973,0.9981,244.2664,0.4094,0.0008,Healthy
3365,40.7461,0.9966,1.7964,0.9954,246.3299,0.406,0.000965,Healthy
3366,41.197,0.9979,1.7943,0.9968,244.6413,0.4088,0.000953,Healthy
3367,40.9218,0.9981,1.7973,0.9983,244.9872,0.4082,0.00074,Healthy
3368,39.3986,0.9951,1.797,0.9973,244.7799,0.4085,0.000947,Healthy
3369,42.6736,0.9958,1.7976,0.9973,244.8977,0.4083,0.001256,Healthy
3370,42.236,0.9964,1.7974,0.9977,244.9509,0.4082,0.001062,Healthy
3371,40.5174,0.9963,1.796,0.9982,244.8673,0.4084,0.000762,Healthy
3372,40.4909,0.9934,1.7961,0.9973,244.8331,0.4084,0.001418,Healthy
3373,41.5313,0.9972,1.795,0.9969,244.5512,0.4089,0.000865,Healthy
3374,40.4333,0.9948,1.7954,0.9982,244.8247,0.4085,0.000921,Healthy
3375,41.0707,0.9978,1.7966,0.9978,244.2602,0.4094,0.000899,Healthy
3376,41.36,0.9985,1.7981,0.9979,245.0571,0.4081,0.001303,Healthy
3377,41.7143,0.9943,1.7956,0.9976,243.5049,0.4107,0.000844,Healthy
3378,40.5205,0.9964,1.7963,0.997,245.5932,0.4072,0.00097,Healthy
3379,40.7745,0.9953,1.7976,0.9966,244.0619,0.4097,0.001066,Healthy
3380,40.4704,0.9961,1.7969,0.997,246.7793,0.4052,0.001009,Healthy
3381,41.5801,0.9947,1.7958,0.9962,244.165,0.4096,0.001107,Healthy
3382,41.9161,0.997,1.7964,0.9967,245.8179,0.4068,0.001439,Healthy
3383,41.1974,0.9976,1.797,0.998,243.9939,0.4098,0.000927,Healthy
3384,41.4076,0.9978,1.7958,0.9953,244.5254,0.409,0.001227,Healthy
3385,39.8259,0.9954,1.7968,0.9972,245.3981,0.4075,0.00078,Healthy
3386,40.8348,0.9978,1.7954,0.9988,244.0671,0.4097,0.001196,Healthy
3387,40.7982,0.9955,1.7961,0.9978,244.914,0.4083,0.00125,Healthy
3388,42.247,0.9954,1.7954,0.996,244.1986,0.4095,0.001247,Healthy
3389,41.5485,0.9961,1.7966,0.9987,246.4429,0.4058,0.001079,Healthy
3390,38.9746,0.9969,1.7975,0.9975,245.4962,0.4073,0.001098,Healthy
3391,40.1161,0.9957,1.7963,0.9984,244.3008,0.4093,0.001118,Healthy
3392,41.3486,0.9982,1.7966,0.9955,245.4295,0.4074,0.001455,Healthy
3393,41.6773,0.9958,1.7955,0.9963,246.5131,0.4057,0.000962,Healthy
3394,40.5791,0.9964,1.7963,0.9989,244.0974,0.4097,0.001264,Healthy
3395,41.2087,0.9978,1.7982,0.9974,244.6554,0.4087,0.001042,Healthy
3396,41.037,0.9949,1.7982,0.9975,243.9755,0.4099,0.000615,Healthy
3397,39.2525,0.9974,1.796,0.9968,245.295,0.4077,0.000926,Healthy
3398,41.5536,0.9967,1.7965,0.9957,244.2472,0.4094,0.00115,Healthy
3399,40.5726,0.9978,1.7989,0.9979,246.0958,0.4063,0.001174,Healthy
3400,40.6926,0.9968,1.7986,0.9968,244.0685,0.4097,0.000803,Healthy
3401,40.9478,0.9956,1.7983,0.9975,245.6759,0.407,0.000971,Healthy
3402,40.2114,0.9953,1.7957,0.9976,245.3129,0.4076,0.001151,Healthy
3403,39.9345,0.9966,1.7956,0.9977,245.2788,0.4077,0.000796,Healthy
3404,41.9016,0.9989,1.7974,0.9971,244.6408,0.4088,0.000989,Healthy
3405,40.5204,0.9968,1.7955,0.9954,245.0682,0.408,0.001036,Healthy
3406,40.6739,0.9953,1.7969,0.9963,244.7798,0.4085,0.001385,Healthy
3407,41.6536,0.9952,1.7953,0.9974,243.7892,0.4102,0.000632,Healthy
3408,41.5603,0.9969,1.797,0.9975,244.8358,0.4084,0.0009,Healthy
3409,41.5491,0.9981,1.7961,0.9963,243.9784,0.4099,0.000859,Healthy
3410,41.3001,0.9945,1.797,0.9979,243.4465,0.4108,0.000837,Healthy
3411,41.2035,0.9964,1.7971,0.9971,245.8953,0.4067,0.000969,Healthy
3412,40.3552,0.9955,1.7973,0.9973,245.389,0.4075,0.001156,Healthy
3413,39.5275,0.9954,1.7956,0.9965,244.5442,0.4089,0.001234,Healthy
3414,42.104,0.9963,1.7963,0.9966,244.9504,0.4082,0.001075,Healthy
3415,41.7922,0.9974,1.7943,0.9971,245.9848,0.4065,0.000947,Healthy
3416,42.0602,0.9963,1.7968,0.9961,243.9966,0.4098,0.00118,Healthy
3417,41.8561,0.9966,1.7954,0.9973,245.8803,0.4067,0.001384,Healthy
3418,40.899,0.9949,1.7974,0.997,245.6274,0.4071,0.001092,Healthy
3419,40.4474,0.9966,1.7979,0.9971,244.0437,0.4098,0.000718,Healthy
3420,40.5383,0.9962,1.7974,0.9961,246.113,0.4063,0.000769,Healthy
3421,43.023,0.9983,1.7967,0.9956,244.8242,0.4085,0.000959,Healthy
3422,40.1402,0.9969,1.7958,0.9965,244.7041,0.4087,0.000922,Healthy
3423,42.8239,0.996,1.797,0.9974,245.1477,0.4079,0.001123,Healthy
3424,41.8683,0.9968,1.7968,0.9973,244.7533,0.4086,0.000855,Healthy
3425,41.1163,0.9968,1.797,0.9974,244.6761,0.4087,0.001026,Healthy
3426,40.7239,0.9969,1.7964,0.9974,245.6616,0.4071,0.000896,Healthy
3427,41.646,0.9966,1.7986,0.997,245.4156,0.4075,0.001041,Healthy
3428,40.0598,0.9961,1.7975,0.9968,243.0818,0.4114,0.001032,Healthy
3429,40.2983,0.9967,1.7981,0.998,246.0858,0.4064,0.000926,Healthy
3430,41.0595,0.9955,1.7959,0.9963,243.8096,0.4102,0.001312,Healthy
3431,39.5022,0.9979,1.7978,0.9978,243.9619,0.4099,0.000723,Healthy
3432,40.7389,0.9972,1.7966,0.9962,245.7706,0.4069,0.001376,Healthy
3433,40.9981,0.9967,1.7951,0.9968,245.2589,0.4077,0.001111,Healthy
3434,40.7751,0.9963,1.7961,0.997,245.1876,0.4079,0.000647,Healthy
3435,41.1235,0.9969,1.796,0.9968,244.4872,0.409,0.000945,Healthy
3436,41.1895,0.9967,1.7945,0.9979,244.614,0.4088,0.001427,Healthy
3437,40.2333,0.9957,1.7964,0.9977,243.2839,0.411,0.000875,Healthy
3438,41.6615,0.9956,1.7979,0.9968,244.1235,0.4096,0.001163,Healthy
3439,42.4763,0.997,1.7978,0.9989,244.104,0.4097,0.001229,Healthy
3440,39.9732,0.997,1.7965,0.9985,245.7778,0.4069,0.001156,Healthy
3441,41.4325,0.9971,1.7966,0.9972,245.9926,0.4065,0.001355,Healthy
3442,41.0823,0.9968,1.7966,0.9956,244.5679,0.4089,0.001363,Healthy
3443,40.5976,0.9987,1.7977,0.9976,245.2842,0.4077,0.000859,Healthy
3444,40.987,0.998,1.7959,0.9983,243.7324,0.4103,0.000804,Healthy
3445,42.7221,0.9965,1.796,0.9986,245.8292,0.4068,0.001228,Healthy
3446,40.7469,0.9963,1.7969,0.9979,244.4242,0.4091,0.001078,Healthy
3447,41.4185,0.9978,1.7973,0.9957,244.6586,0.4087,0.000858,Healthy
3448,41.6609,0.9975,1.7967,0.997,244.8833,0.4084,0.001086,Healthy
3449,40.6961,0.9953,1.7945,0.9985,245.2236,0.4078,0.001117,Healthy
3450,42.2222,0.9953,1.7948,0.9976,245.0596,0.4081,0.000699,Healthy
3451,41.4994,0.9961,1.7957,0.9969,242.8703,0.4117,0.000927,Healthy
3452,40.6502,0.9971,1.7964,0.9979,242.7824,0.4119,0.000878,Healthy
3453,41.6602,0.9962,1.7974,0.9954,245.4054,0.4075,0.000918,Healthy
3454,40.6282,0.9975,1.7977,0.9983,246.4499,0.4058,0.0013,Healthy
3455,40.5827,0.9967,1.7962,0.9993,245.7014,0.407,0.001009,Healthy
3456,41.9231,0.9953,1.7968,0.9963,243.4651,0.4107,0.001204,Healthy
3457,41.9495,0.997,1.7964,0.996,243.8854,0.41,0.000853,Healthy
3458,41.0375,0.9976,1.7976,0.9956,244.2584,0.4094,0.000903,Healthy
3459,39.2009,0.9971,1.7963,0.9971,245.8882,0.4067,0.001065,Healthy
3460,40.8834,0.9971,1.7976,0.9975,245.3614,0.4076,0.001019,Healthy
3461,41.1643,0.9967,1.7958,0.9967,245.9108,0.4067,0.00145,Healthy
3462,42.5054,0.9952,1.7951,0.996,244.9145,0.4083,0.000487,Healthy
3463,40.7624,0.9979,1.7975,0.9967,244.4588,0.4091,0.001162,Healthy
3464,41.9834,0.996,1.7963,0.9967,243.7389,0.4103,0.001005,Healthy
3465,41.0003,0.9953,1.7972,0.9977,245.3591,0.4076,0.000896,Healthy
3466,39.6519,0.997,1.7959,0.9963,243.7954,0.4102,0.000995,Healthy
3467,42.5025,0.996,1.7954,0.9979,244.9377,0.4083,0.000626,Healthy
3468,41.7723,0.9987,1.7939,0.996,242.5192,0.4123,0.001035,Healthy
3469,42.0365,0.9966,1.7979,0.9981,246.1582,0.4062,0.001283,Healthy
3470,40.9236,0.9966,1.7957,0.997,244.8445,0.4084,0.001034,Healthy
3471,42.3216,0.9962,1.7956,0.9964,245.3176,0.4076,0.000771,Healthy
3472,41.0887,0.9979,1.7968,0.9971,244.7633,0.4086,0.000846,Healthy
3473,40.5657,0.9963,1.7968,0.9982,244.8645,0.4084,0.001322,Healthy
3474,42.5374,0.9973,1.7978,0.9962,243.8696,0.4101,0.001156,Healthy
3475,40.182,0.9962,1.7973,0.9986,244.5841,0.4089,0.000923,Healthy
3476,41.5132,0.9955,1.7964,0.9972,244.7636,0.4086,0.001071,Healthy
3477,40.591,0.9958,1.7958,0.9956,245.058,0.4081,0.001232,Healthy
3478,41.8974,0.9963,1.7957,0.998,245.2941,0.4077,0.001097,Healthy
3479,42.6576,0.9965,1.7963,0.9968,243.5328,0.4106,0.001186,Healthy
3480,41.1796,0.997,1.7984,0.9968,242.9096,0.4117,0.00115,Healthy
3481,41.3993,0.9958,1.7969,0.998,244.0212,0.4098,0.000994,Healthy
3482,42.449,0.9958,1.7966,0.9946,243.5915,0.4105,0.001086,Healthy
3483,42.2518,0.9952,1.7966,0.9968,245.538,0.4073,0.000811,Healthy
3484,41.6153,0.9959,1.7967,0.9973,244.5726,0.4089,0.001151,Healthy
3485,41.3079,0.9964,1.7962,0.9973,244.9501,0.4082,0.000858,Healthy
3486,40.9952,0.9955,1.7965,0.9966,245.3876,0.4075,0.00119,Healthy
3487,40.5384,0.9965,1.7972,0.997,244.1869,0.4095,0.000838,Healthy
3488,41.9618,0.9974,1.7963,0.998,242.3958,0.4125,0.001322,Healthy
3489,41.1546,0.9967,1.7962,0.9986,243.9179,0.41,0.001352,Healthy
3490,41.599,0.9971,1.7962,0.9959,245.5094,0.4073,0.001119,Healthy
3491,42.3731,0.9963,1.7961,0.9986,246.293,0.406,0.001059,Healthy
3492,40.6834,0.9973,1.7963,0.9978,244.5546,0.4089,0.00137,Healthy
3493,40.7278,0.997,1.796,0.9969,244.4309,0.4091,0.001206,Healthy
3494,42.0239,0.9971,1.7964,0.9973,245.4772,0.4074,0.001244,Healthy
3495,39.1388,0.9962,1.7963,0.9979,244.7041,0.4087,0.001202,Healthy
3496,40.4299,0.9968,1.7974,0.9957,246.7669,0.4052,0.001297,Healthy
3497,41.2957,0.9957,1.7963,0.9973,245.107,0.408,0.001359,Healthy
3498,40.9155,0.9971,1.7952,0.9968,245.0544,0.4081,0.001198,Healthy
3499,40.6956,0.9961,1.798,0.9984,244.9183,0.4083,0.000612,Healthy
3500,43.3089,0.9965,1.7962,0.9967,245.0511,0.4081,0.001137,Warning
3501,42.0623,0.9956,1.7962,0.9992,244.9282,0.4083,0.001026,Warning
3502,40.5503,0.997,1.7975,0.9981,244.54,0.4089,0.001133,Warning
3503,42.6427,0.9976,1.7957,0.9947,244.9829,0.4082,0.001221,Warning
3504,40.4358,0.9965,1.7962,0.9973,244.3082,0.4093,0.001319,Warning
3505,41.4274,0.9956,1.7974,0.9959,245.7701,0.4069,0.00126,Warning
3506,42.4226,0.9963,1.796,0.9973,244.6735,0.4087,0.000931,Warning
3507,40.8697,0.9961,1.7953,0.9979,244.6977,0.4087,0.001,Warning
3508,40.4261,0.9953,1.7984,0.9966,245.2264,0.4078,0.001095,Warning
3509,39.096,0.9983,1.7972,0.9964,244.7138,0.4086,0.000833,Warning
3510,42.779,0.9956,1.796,0.9965,244.7993,0.4085,0.001337,Warning
3511,42.7513,0.9961,1.7969,0.9973,243.9482,0.4099,0.001548,Warning
3512,42.4118,0.9967,1.7981,0.9984,244.7975,0.4085,0.001129,Warning
3513,42.5331,0.9955,1.7982,0.997,245.9502,0.4066,0.001063,Warning
3514,41.5953,0.9965,1.796,0.9969,245.8323,0.4068,0.000601,Warning
3515,40.3358,0.9958,1.7954,0.9987,245.7336,0.4069,0.001183,Warning
3516,40.8186,0.9978,1.7949,0.9993,244.1783,0.4095,0.001012,Warning
3517,40.9871,0.9954,1.7984,0.998,245.6969,0.407,0.00082,Warning
3518,41.4772,0.997,1.7968,0.996,245.5834,0.4072,0.00109,Warning
3519,40.5702,0.9946,1.7971,0.9996,243.9093,0.41,0.0011,Warning
3520,42.2244,0.9952,1.796,0.9963,245.5077,0.4073,0.001331,Warning
3521,41.465,0.9956,1.796,0.9966,243.9367,0.4099,0.001046,Warning
3522,41.7995,0.997,1.7965,0.9972,244.6518,0.4087,0.000807,Warning
3523,41.4695,0.9959,1.7951,0.9976,244.2261,0.4095,0.001112,Warning
3524,42.0213,0.9955,1.7966,0.9954,245.94,0.4066,0.000795,Warning
3525,40.9331,0.9978,1.7962,0.996,245.283,0.4077,0.001206,Warning
3526,40.8403,0.9959,1.796,0.997,243.1966,0.4112,0.001032,Warning
3527,42.7757,0.9956,1.7959,0.996,245.1992,0.4078,0.001309,Warning
3528,42.2947,0.9952,1.797,0.9986,245.1157,0.408,0.001164,Warning
3529,40.9749,0.9967,1.7977,0.9975,243.7079,0.4103,0.000977,Warning
3530,42.3214,0.9968,1.7966,0.9966,245.6559,0.4071,0.001401,Warning
3531,42.3664,0.9979,1.7961,0.9967,244.5784,0.4089,0.001077,Warning
3532,42.5024,0.9976,1.797,0.9957,243.3516,0.4109,0.001118,Warning
3533,42.0636,0.9964,1.7984,0.9961,243.7338,0.4103,0.000937,Warning
3534,40.7994,0.997,1.796,0.9956,245.4123,0.4075,0.000718,Warning
3535,40.506,0.9948,1.7967,0.9974,246.2307,0.4061,0.001253,Warning
3536,42.5181,0.9968,1.7955,0.9973,245.1699,0.4079,0.001212,Warning
3537,40.9887,0.997,1.7955,0.9961,243.8019,0.4102,0.001076,Warning
3538,40.4261,0.996,1.7974,0.9961,244.2896,0.4094,0.001086,Warning
3539,41.5677,0.996,1.7972,0.9978,245.6034,0.4072,0.001055,Warning
3540,40.9617,0.9958,1.7968,0.9968,244.2347,0.4094,0.000982,Warning
3541,40.8268,0.9967,1.795,0.9975,245.2297,0.4078,0.000956,Warning
3542,42.9132,0.9965,1.7949,0.9969,244.7371,0.4086,0.001162,Warning
3543,41.1715,0.9954,1.7954,0.9965,244.2393,0.4094,0.000846,Warning
3544,40.7929,0.9971,1.7981,0.9979,245.7287,0.407,0.001268,Warning
3545,42.0475,0.9961,1.7966,0.9967,244.5072,0.409,0.001087,Warning
3546,41.9537,0.9969,1.7963,0.9972,245.0278,0.4081,0.001207,Warning
3547,40.1694,0.9954,1.7976,0.9971,244.3402,0.4093,0.001021,Warning
3548,41.1754,0.997,1.7953,0.9972,244.8749,0.4084,0.001154,Warning
3549,41.5665,0.997,1.7959,0.9962,246.6421,0.4054,0.001014,Warning
3550,41.2424,0.9971,1.798,0.9966,243.8759,0.41,0.000827,Warning
3551,42.6663,0.9954,1.7964,0.9962,243.5148,0.4107,0.001017,Warning
3552,40.6434,0.9958,1.7985,0.9976,245.4172,0.4075,0.001241,Warning
3553,41.3147,0.996,1.7967,0.9973,244.2155,0.4095,0.001102,Warning
3554,40.8321,0.9963,1.7961,0.9959,242.7881,0.4119,0.000888,Warning
3555,42.8423,0.9961,1.7972,0.995,243.8609,0.4101,0.000806,Warning
3556,41.239,0.9989,1.7969,0.9989,244.4625,0.4091,0.00135,Warning
3557,43.0612,0.9963,1.7959,0.9958,244.4173,0.4091,0.001093,Warning
3558,43.0292,0.9951,1.7965,0.9953,244.3216,0.4093,0.00114,Warning
3559,41.8163,0.997,1.7968,0.9977,244.6981,0.4087,0.000868,Warning
3560,39.9267,0.9959,1.7963,0.9984,244.5795,0.4089,0.001039,Warning
3561,41.7182,0.9962,1.7972,0.9991,246.4111,0.4058,0.001098,Warning
3562,41.6811,0.998,1.7963,0.9978,243.7489,0.4103,0.001016,Warning
3563,42.3383,0.9957,1.7963,0.9956,246.2601,0.4061,0.001332,Warning
3564,41.5657,0.9969,1.7968,0.9985,244.239,0.4094,0.001226,Warning
3565,42.2789,0.9977,1.7942,0.9965,243.8372,0.4101,0.001109,Warning
3566,39.806,0.9944,1.7986,0.9978,244.7478,0.4086,0.001153,Warning
3567,41.5377,0.9974,1.7958,0.9973,244.8314,0.4084,0.000871,Warning
3568,42.444,0.996,1.7974,0.9973,245.9549,0.4066,0.000872,Warning
3569,40.5564,0.9955,1.7966,0.9987,245.921,0.4066,0.000619,Warning
3570,41.6258,0.9932,1.7972,0.9983,244.6128,0.4088,0.001098,Warning
3571,41.4867,0.9956,1.7969,0.9969,245.3877,0.4075,0.001059,Warning
3572,40.7408,0.9949,1.7946,0.9985,244.2758,0.4094,0.001149,Warning
3573,42.858,0.9959,1.7958,0.997,244.664,0.4087,0.001459,Warning
3574,42.6859,0.997,1.7979,0.997,244.8783,0.4084,0.001022,Warning
3575,40.4027,0.9976,1.797,0.9972,244.6355,0.4088,0.000781,Warning
3576,40.6548,0.9968,1.7959,0.9969,244.5523,0.4089,0.000946,Warning
3577,40.6643,0.9948,1.7963,0.9978,243.3196,0.411,0.001078,Warning
3578,41.6653,0.9954,1.7978,0.9968,244.552,0.4089,0.001051,Warning
3579,40.0256,0.9974,1.7955,0.9969,245.1096,0.408,0.001376,Warning
3580,40.5801,0.996,1.7978,0.9976,245.1669,0.4079,0.000874,Warning
3581,41.1424,0.9963,1.7956,0.9955,244.2201,0.4095,0.001355,Warning
3582,41.4949,0.9978,1.7966,0.9964,245.6491,0.4071,0.001127,Warning
3583,42.2189,0.9953,1.7975,0.9982,244.8573,0.4084,0.000924,Warning
3584,41.4144,0.997,1.7967,0.9977,245.4338,0.4074,0.000956,Warning
3585,40.5289,0.9964,1.7961,0.9979,243.7629,0.4102,0.00129,Warning
3586,42.5377,0.9964,1.7965,0.9964,244.1869,0.4095,0.001004,Warning
3587,42.611,0.9963,1.7951,0.9974,245.2805,0.4077,0.001081,Warning
3588,42.6338,0.9972,1.7954,0.9966,244.799,0.4085,0.000753,Warning
3589,41.7293,0.9946,1.7974,0.998,245.0203,0.4081,0.000952,Warning
3590,41.5982,0.9959,1.7954,0.9968,245.1736,0.4079,0.001096,Warning
3591,42.6244,0.9972,1.7971,0.9955,244.3854,0.4092,0.000874,Warning
3592,41.3192,0.9957,1.796,0.9982,244.9922,0.4082,0.001289,Warning
3593,40.1869,0.9965,1.7974,0.9986,243.372,0.4109,0.001018,Warning
3594,42.2966,0.9962,1.7955,0.9956,243.85,0.4101,0.00075,Warning
3595,41.5178,0.9973,1.7951,0.9974,245.2837,0.4077,0.001088,Warning
3596,40.1842,0.9968,1.7963,0.997,244.1685,0.4096,0.001106,Warning
3597,41.8825,0.9988,1.7965,0.9986,244.8907,0.4083,0.001069,Warning
3598,41.5952,0.9952,1.7967,0.9951,243.9129,0.41,0.001111,Warning
3599,42.4334,0.9978,1.7962,0.9973,245.389,0.4075,0.000824,Warning
3600,41.8038,0.9956,1.7962,0.9967,244.9483,0.4082,0.0012,Warning
3601,42.1947,0.9967,1.7966,0.999,243.379,0.4109,0.001429,Warning
3602,41.2517,0.997,1.7961,0.9964,244.9847,0.4082,0.001299,Warning
3603,41.8638,0.9959,1.8,0.9983,245.3422,0.4076,0.00102,Warning
3604,40.9871,0.9961,1.7975,0.9961,243.7394,0.4103,0.001199,Warning
3605,41.7444,0.9956,1.7953,0.9986,244.8781,0.4084,0.000819,Warning
3606,40.4559,0.996,1.7971,0.9977,245.4963,0.4073,0.000794,Warning
3607,41.6717,0.9978,1.7977,0.9975,246.4679,0.4057,0.001214,Warning
3608,42.3286,0.9964,1.7956,0.9962,244.7333,0.4086,0.00105,Warning
3609,40.0813,0.9954,1.7961,0.9978,244.5736,0.4089,0.001078,Warning
3610,40.7085,0.9964,1.7977,0.9973,243.3791,0.4109,0.000843,Warning
3611,41.9708,0.9962,1.7963,0.9965,244.9862,0.4082,0.001033,Warning
3612,41.3523,0.9955,1.7973,0.9969,245.0683,0.408,0.000855,Warning
3613,42.8905,0.9977,1.7945,0.9963,244.9626,0.4082,0.00083,Warning
3614,41.3999,0.9968,1.7962,0.9976,244.0243,0.4098,0.000645,Warning
3615,42.2927,0.9974,1.7989,0.9949,245.1782,0.4079,0.000701,Warning
3616,42.914,0.9969,1.7954,0.9979,244.1336,0.4096,0.001155,Warning
3617,41.6754,0.9981,1.7982,0.9965,245.421,0.4075,0.001166,Warning
3618,40.3823,0.9957,1.7987,0.9975,245.3728,0.4075,0.001053,Warning
3619,41.0822,0.9964,1.7961,0.9956,243.7688,0.4102,0.001237,Warning
3620,41.2114,0.9964,1.7966,0.9974,245.4873,0.4074,0.000876,Warning
3621,41.974,0.9971,1.7974,0.9957,244.7724,0.4085,0.00144,Warning
3622,41.4403,0.9969,1.7972,0.9961,246.0341,0.4064,0.001197,Warning
3623,41.937,0.9947,1.7972,0.9976,245.8649,0.4067,0.001035,Warning
3624,40.7331,0.9957,1.7959,0.996,245.5961,0.4072,0.001363,Warning
3625,41.3684,0.996,1.7946,0.9978,245.8853,0.4067,0.00097,Warning
3626,41.4334,0.9968,1.7981,0.9973,244.7173,0.4086,0.001134,Warning
3627,40.3886,0.9949,1.7956,0.9981,244.2912,0.4093,0.000992,Warning
3628,41.0927,0.9962,1.7981,0.9969,243.929,0.41,0.001103,Warning
3629,42.9363,0.9959,1.7952,0.9966,244.6595,0.4087,0.001236,Warning
3630,42.3395,0.9953,1.7954,0.9968,245.1026,0.408,0.000847,Warning
3631,41.0499,0.9958,1.7973,0.9976,245.2765,0.4077,0.001367,Warning
3632,41.2931,0.9952,1.7952,0.9953,244.185,0.4095,0.001023,Warning
3633,42.1694,0.9964,1.7959,0.997,243.7193,0.4103,0.001305,Warning
3634,40.9125,0.9952,1.7972,0.9977,243.1701,0.4112,0.001271,Warning
3635,40.9497,0.996,1.7966,0.9977,244.9039,0.4083,0.001091,Warning
3636,41.2051,0.9968,1.7962,0.9989,245.0151,0.4081,0.000916,Warning
3637,41.1645,0.9964,1.7977,0.9985,244.2276,0.4095,0.000914,Warning
3638,40.6992,0.9966,1.7987,0.9976,243.2679,0.4111,0.000956,Warning
3639,41.0511,0.9955,1.796,0.9975,245.0871,0.408,0.00132,Warning
3640,41.9714,0.9944,1.7953,0.9969,244.6578,0.4087,0.001274,Warning
3641,41.5883,0.9964,1.7966,0.9968,244.608,0.4088,0.001327,Warning
3642,41.4885,0.9963,1.7963,0.9984,243.6506,0.4104,0.001458,Warning
3643,40.6163,0.9957,1.7971,0.9981,243.4127,0.4108,0.000884,Warning
3644,41.7815,0.9987,1.7976,0.9968,242.5987,0.4122,0.00112,Warning
3645,41.8508,0.996,1.7955,0.9972,243.7787,0.4102,0.001478,Warning
3646,42.7762,0.997,1.7964,0.9964,244.5144,0.409,0.001432,Warning
3647,42.2595,0.9966,1.7973,0.9976,244.8465,0.4084,0.0013,Warning
3648,41.98,0.9972,1.7965,0.9968,244.0895,0.4097,0.000971,Warning
3649,40.2841,0.9954,1.7954,0.9966,245.7763,0.4069,0.001073,Warning
3650,41.7634,0.9966,1.7979,0.9965,244.347,0.4093,0.001084,Warning
3651,42.481,0.9977,1.7968,0.9983,244.6656,0.4087,0.001071,Warning
3652,42.5166,0.9968,1.7956,0.9981,244.3552,0.4092,0.001039,Warning
3653,42.2898,0.9963,1.7967,0.9977,243.8941,0.41,0.001183,Warning
3654,42.6568,0.9954,1.7968,0.9962,245.3361,0.4076,0.001309,Warning
3655,41.2955,0.9986,1.7975,0.9978,245.038,0.4081,0.001303,Warning
3656,40.7843,0.9965,1.7967,0.9967,244.8878,0.4084,0.001353,Warning
3657,41.2452,0.9963,1.7955,0.9953,245.1376,0.4079,0.001102,Warning
3658,41.6225,0.9954,1.7962,0.9982,244.5137,0.409,0.001113,Warning
3659,41.7522,0.9951,1.797,0.9958,243.7598,0.4102,0.000898,Warning
3660,41.4478,0.996,1.7963,0.9962,245.3144,0.4076,0.001275,Warning
3661,41.4507,0.9959,1.7958,0.9968,243.3883,0.4109,0.000916,Warning
3662,42.2797,0.9966,1.798,0.9968,244.2178,0.4095,0.001027,Warning
3663,41.3381,0.9957,1.7966,0.9971,244.0976,0.4097,0.001359,Warning
3664,43.1125,0.9975,1.7969,0.9978,245.9891,0.4065,0.001261,Warning
3665,41.1289,0.9967,1.797,0.9961,244.2746,0.4094,0.00133,Warning
3666,40.14,0.9951,1.7962,0.9974,243.4149,0.4108,0.001084,Warning
3667,42.5236,0.9964,1.7973,0.9965,243.8516,0.4101,0.00128,Warning
3668,41.8978,0.9951,1.7955,0.9986,243.7584,0.4102,0.001297,Warning
3669,41.2217,0.9963,1.7966,0.995,243.3263,0.411,0.001128,Warning
3670,41.0266,0.9973,1.7947,0.9976,243.394,0.4109,0.001041,Warning
3671,40.7563,0.9982,1.795,0.9969,243.112,0.4113,0.001431,Warning
3672,41.9306,0.9965,1.7978,0.9972,244.6677,0.4087,0.001138,Warning
3673,42.0623,0.9958,1.7961,0.9979,244.7124,0.4086,0.001089,Warning
3674,40.4928,0.9978,1.7957,0.998,244.6296,0.4088,0.000854,Warning
3675,42.6168,0.9966,1.7977,0.9969,245.0507,0.4081,0.00076,Warning
3676,41.2166,0.9951,1.7959,0.9975,244.0023,0.4098,0.001286,Warning
3677,40.9333,0.9972,1.7976,0.9981,244.2091,0.4095,0.000688,Warning
3678,42.0861,0.9962,1.7953,0.9965,245.6305,0.4071,0.000886,Warning
3679,41.9968,0.9965,1.796,0.9977,245.7873,0.4069,0.001055,Warning
3680,41.4295,0.9969,1.7972,0.9969,244.2357,0.4094,0.00067,Warning
3681,41.0034,0.9952,1.797,0.9968,244.2521,0.4094,0.001112,Warning
3682,40.9315,0.9979,1.7976,0.9987,245.0237,0.4081,0.001109,Warning
3683,42.9212,0.9956,1.7954,0.9965,244.8938,0.4083,0.000962,Warning
3684,41.5069,0.9947,1.7968,0.9955,243.7283,0.4103,0.001359,Warning
3685,42.5773,0.9967,1.7966,0.9965,243.8542,0.4101,0.001043,Warning
3686,40.4239,0.9966,1.7964,0.9961,245.7259,0.407,0.001237,Warning
3687,42.1901,0.9958,1.7963,0.9977,244.5917,0.4088,0.001436,Warning
3688,41.4754,0.9958,1.7969,0.9958,245.2074,0.4078,0.000856,Warning
3689,42.1511,0.9957,1.7968,0.998,244.5892,0.4088,0.000877,Warning
3690,40.9246,0.9956,1.7944,0.9982,244.5531,0.4089,0.00089,Warning
3691,42.8083,0.9956,1.7966,0.9962,242.8489,0.4118,0.000844,Warning
3692,41.2868,0.9972,1.7967,0.9972,242.854,0.4118,0.001372,Warning
3693,41.8263,0.9962,1.7974,0.9983,245.3842,0.4075,0.001068,Warning
3694,40.8464,0.9973,1.7949,0.999,244.4814,0.409,0.000906,Warning
3695,40.6655,0.995,1.7964,0.997,243.4688,0.4107,0.001047,Warning
3696,40.5585,0.9969,1.7962,0.9967,243.4255,0.4108,0.001059,Warning
3697,41.3228,0.9966,1.7965,0.9978,244.0668,0.4097,0.000747,Warning
3698,42.4493,0.9954,1.7952,0.997,244.6948,0.4087,0.001013,Warning
3699,41.2272,0.9959,1.7977,0.997,243.6771,0.4104,0.000928,Warning
3700,41.4593,0.9965,1.7968,0.9972,243.7765,0.4102,0.001035,Warning
3701,42.2489,0.9952,1.7958,0.9976,245.1487,0.4079,0.001082,Warning
3702,41.3346,0.995,1.7968,0.9984,246.4991,0.4057,0.001198,Warning
3703,41.6247,0.9954,1.7944,0.9972,246.3258,0.406,0.001375,Warning
3704,42.5605,0.9965,1.7967,0.9946,245.054,0.4081,0.001005,Warning
3705,41.1076,0.996,1.7959,0.9963,244.4536,0.4091,0.00101,Warning
3706,41.7511,0.9948,1.7961,0.9959,243.9278,0.41,0.00115,Warning
3707,40.3894,0.9955,1.7969,0.9956,245.8618,0.4067,0.001363,Warning
3708,41.2788,0.9955,1.7965,0.9956,242.8363,0.4118,0.001031,Warning
3709,41.569,0.9964,1.7957,0.9983,243.2404,0.4111,0.000895,Warning
3710,42.0673,0.9951,1.7951,0.9972,243.5922,0.4105,0.001096,Warning
3711,41.1199,0.9954,1.7942,0.9972,243.4357,0.4108,0.00109,Warning
3712,41.2719,0.9961,1.7961,0.9972,243.8498,0.4101,0.001372,Warning
3713,40.2055,0.9961,1.7971,0.9975,243.6506,0.4104,0.000962,Warning
3714,40.8798,0.9969,1.7955,0.9973,244.6404,0.4088,0.001598,Warning
3715,41.9376,0.9955,1.7948,0.9968,244.3322,0.4093,0.000682,Warning
3716,41.1177,0.9966,1.7958,0.998,243.1793,0.4112,0.00126,Warning
3717,42.4217,0.9972,1.7947,0.9973,243.8895,0.41,0.000844,Warning
3718,41.3613,0.9954,1.7972,0.9975,243.501,0.4107,0.000981,Warning
3719,41.3896,0.9962,1.7973,0.9977,244.4626,0.4091,0.001074,Warning
3720,40.2773,0.9976,1.7958,0.9986,244.5769,0.4089,0.001531,Warning
3721,42.1829,0.9948,1.7957,0.9969,243.7195,0.4103,0.001051,Warning
3722,40.606,0.9963,1.7965,0.996,245.9692,0.4066,0.001139,Warning
3723,41.048,0.9946,1.7963,0.9968,245.0419,0.4081,0.001098,Warning
3724,40.7482,0.9979,1.7967,0.9968,244.5457,0.4089,0.001222,Warning
3725,40.5619,0.9964,1.7958,0.9975,243.8204,0.4101,0.001007,Warning
3726,43.0371,0.9975,1.793,0.9982,244.3521,0.4092,0.000986,Warning
3727,40.9029,0.9953,1.7956,0.9959,243.3258,0.411,0.00092,Warning
3728,41.9691,0.9963,1.7968,0.997,243.3627,0.4109,0.001227,Warning
3729,40.9084,0.9969,1.7951,0.9963,244.1174,0.4096,0.001264,Warning
3730,41.8548,0.9963,1.7982,0.9952,243.5743,0.4106,0.000913,Warning
3731,40.2993,0.9955,1.797,0.9964,244.1371,0.4096,0.000785,Warning
3732,41.0804,0.9958,1.7969,0.9953,244.038,0.4098,0.001347,Warning
3733,41.3633,0.9942,1.7975,0.9977,245.096,0.408,0.000781,Warning
3734,42.9312,0.9955,1.7958,0.9963,245.1565,0.4079,0.001094,Warning
3735,42.1084,0.9963,1.7962,0.9961,245.8472,0.4068,0.000838,Warning
3736,42.0546,0.9966,1.7974,0.9984,244.2861,0.4094,0.001237,Warning
3737,43.1385,0.9962,1.7952,0.9966,243.3508,0.4109,0.001205,Warning
3738,42.58,0.9961,1.7946,0.998,242.972,0.4116,0.000822,Warning
3739,41.5875,0.9965,1.7967,0.9969,245.7995,0.4068,0.001145,Warning
3740,42.5597,0.997,1.795,0.9968,246.0887,0.4064,0.001031,Warning
3741,41.1941,0.9964,1.7958,0.9962,244.0019,0.4098,0.001419,Warning
3742,41.6263,0.9949,1.7947,0.9992,244.2083,0.4095,0.00122,Warning
3743,41.1203,0.9966,1.7977,0.9964,244.7524,0.4086,0.000852,Warning
3744,43.3575,0.9965,1.7958,0.9967,243.976,0.4099,0.001041,Warning
3745,39.783,0.9962,1.7961,0.9975,243.964,0.4099,0.000979,Warning
3746,41.7366,0.9946,1.7964,0.9951,245.2777,0.4077,0.001271,Warning
3747,41.0037,0.9969,1.7964,0.996,242.7612,0.4119,0.001197,Warning
3748,41.111,0.9973,1.7963,0.9963,245.8163,0.4068,0.00125,Warning
3749,38.8241,0.9958,1.7949,0.9962,244.2607,0.4094,0.001206,Warning
3750,41.9591,0.9973,1.7969,0.9976,244.5362,0.4089,0.001392,Warning
3751,41.4988,0.996,1.7943,0.9981,244.312,0.4093,0.001722,Warning
3752,41.4292,0.9963,1.7968,0.9959,244.6588,0.4087,0.001143,Warning
3753,41.5124,0.9974,1.7953,0.9973,245.5342,0.4073,0.000995,Warning
3754,41.5197,0.9986,1.7967,0.9965,245.0111,0.4081,0.001023,Warning
3755,40.5071,0.9976,1.7951,0.9994,243.976,0.4099,0.001563,Warning
3756,40.6659,0.9973,1.7967,0.9978,245.1404,0.4079,0.001037,Warning
3757,40.7155,0.9962,1.7965,0.9965,244.5865,0.4089,0.001203,Warning
3758,41.0364,0.9966,1.796,0.9963,244.9929,0.4082,0.000982,Warning
3759,41.4009,0.9963,1.7976,0.9972,244.7841,0.4085,0.001078,Warning
3760,41.7052,0.9962,1.7965,0.9967,245.432,0.4074,0.001063,Warning
3761,40.404,0.999,1.7959,0.9983,245.4823,0.4074,0.001327,Warning
3762,41.6132,0.9965,1.795,0.999,243.6756,0.4104,0.001088,Warning
3763,41.8526,0.9961,1.7956,0.9984,245.1157,0.408,0.001203,Warning
3764,41.4556,0.9973,1.7958,0.9986,244.443,0.4091,0.001385,Warning
3765,41.6859,0.9963,1.7975,0.9992,245.6008,0.4072,0.001315,Warning
3766,42.2502,0.9957,1.7965,0.9961,244.6516,0.4087,0.001228,Warning
3767,40.2119,0.9963,1.7966,0.9969,244.6359,0.4088,0.000872,Warning
3768,41.1617,0.9973,1.7962,0.9973,243.9108,0.41,0.001144,Warning
3769,39.9426,0.9971,1.798,0.9959,243.5942,0.4105,0.001229,Warning
3770,42.9651,0.9962,1.795,0.9968,243.5211,0.4106,0.001007,Warning
3771,41.5446,0.9953,1.7955,0.9971,244.5155,0.409,0.000857,Warning
3772,42.1067,0.9958,1.7969,0.9978,243.9064,0.41,0.001264,Warning
3773,41.1218,0.9976,1.7954,0.9973,244.1904,0.4095,0.000939,Warning
3774,42.5139,0.9956,1.7945,0.9941,243.639,0.4104,0.001417,Warning
3775,42.8012,0.9955,1.7959,0.9965,243.2708,0.4111,0.000953,Warning
3776,42.5817,0.9967,1.7965,0.9956,244.4166,0.4091,0.000682,Warning
3777,42.4728,0.9965,1.7949,0.9986,242.8976,0.4117,0.001249,Warning
3778,42.2445,0.995,1.7962,0.9953,242.0559,0.4131,0.00093,Warning
3779,41.3089,0.9969,1.7963,0.9971,243.52,0.4106,0.001038,Warning
3780,41.0601,0.995,1.7956,0.9971,243.8719,0.4101,0.001079,Warning
3781,42.3617,0.9957,1.7949,0.9975,244.5412,0.4089,0.00121,Warning
3782,42.3083,0.9967,1.7962,0.9994,243.299,0.411,0.001027,Warning
3783,42.5833,0.9964,1.797,0.9971,245.4247,0.4075,0.000943,Warning
3784,42.8852,0.9974,1.795,0.9976,244.2896,0.4094,0.001024,Warning
3785,40.3021,0.9952,1.7969,0.9978,244.1539,0.4096,0.001309,Warning
3786,42.571,0.9964,1.7955,0.9974,244.7106,0.4086,0.001281,Warning
3787,42.5089,0.9949,1.7957,0.9951,244.9171,0.4083,0.001104,Warning
3788,42.1631,0.9947,1.7976,0.9958,244.9377,0.4083,0.00117,Warning
3789,41.6686,0.9959,1.7956,0.9983,244.3266,0.4093,0.000893,Warning
3790,41.5148,0.9963,1.7971,0.9964,243.8848,0.41,0.001152,Warning
3791,42.5225,0.9948,1.7967,0.9965,244.054,0.4097,0.001548,Warning
3792,41.6684,0.997,1.7969,0.9958,242.8357,0.4118,0.001312,Warning
3793,40.9606,0.9945,1.7972,0.9959,243.6925,0.4104,0.001543,Warning
3794,40.5014,0.9949,1.7957,0.9967,243.594,0.4105,0.000916,Warning
3795,43.039,0.9965,1.7968,0.9968,244.5391,0.4089,0.001335,Warning
3796,41.0358,0.9965,1.7969,0.9985,245.8643,0.4067,0.001163,Warning
3797,42.7455,0.9935,1.7978,0.9962,244.1116,0.4096,0.001237,Warning
3798,41.7136,0.9964,1.7978,0.9966,243.4335,0.4108,0.001512,Warning
3799,42.2596,0.9981,1.7971,0.9956,244.8178,0.4085,0.000953,Warning
3800,41.8459,0.9961,1.7946,0.9961,246.0641,0.4064,0.001198,Warning
3801,41.7013,0.998,1.7958,0.9969,245.0911,0.408,0.00107,Warning
3802,41.2464,0.9939,1.7953,0.996,244.4239,0.4091,0.001029,Warning
3803,43.5718,0.9951,1.7976,0.9972,244.9409,0.4083,0.0013,Warning
3804,40.0726,0.9962,1.7959,0.9958,244.6617,0.4087,0.001495,Warning
3805,39.7106,0.9957,1.7949,0.997,244.032,0.4098,0.00103,Warning
3806,42.4024,0.9978,1.7989,0.9962,242.8343,0.4118,0.001264,Warning
3807,43.141,0.997,1.7978,0.9967,243.8018,0.4102,0.001175,Warning
3808,41.59,0.9969,1.7972,0.998,244.6965,0.4087,0.001202,Warning
3809,42.4917,0.9942,1.7964,0.997,244.457,0.4091,0.001135,Warning
3810,42.2035,0.9956,1.7973,0.9974,244.4055,0.4092,0.001013,Warning
3811,42.5121,0.9964,1.7954,0.9969,244.7868,0.4085,0.001264,Warning
3812,42.2512,0.9963,1.7972,0.9982,244.8719,0.4084,0.001036,Warning
3813,41.017,0.9956,1.7981,0.9972,245.9817,0.4065,0.00113,Warning
3814,41.6581,0.9961,1.7961,0.9962,243.3599,0.4109,0.001254,Warning
3815,42.7109,0.9986,1.7958,0.9966,243.6605,0.4104,0.00138,Warning
3816,42.5208,0.9953,1.7953,0.9979,244.5826,0.4089,0.001306,Warning
3817,41.1644,0.9943,1.7953,0.9976,245.9633,0.4066,0.001069,Warning
3818,43.6931,0.997,1.7948,0.9972,244.9642,0.4082,0.00067,Warning
3819,42.3898,0.9974,1.7966,0.9969,244.1332,0.4096,0.001109,Warning
3820,40.9352,0.9955,1.7958,0.9971,243.8245,0.4101,0.000982,Warning
3821,42.4856,0.9965,1.7956,0.9974,243.906,0.41,0.001169,Warning
3822,42.6596,0.9956,1.795,0.9968,243.1762,0.4112,0.001101,Warning
3823,41.6569,0.9937,1.7967,0.9968,245.211,0.4078,0.0012,Warning
3824,42.4717,0.9974,1.796,0.9969,243.0052,0.4115,0.001405,Warning
3825,41.7684,0.9952,1.7969,0.9948,243.9191,0.41,0.001339,Warning
3826,41.5366,0.9955,1.7958,0.9949,244.8334,0.4084,0.001133,Warning
3827,41.6707,0.9959,1.7962,0.9976,244.2178,0.4095,0.000886,Warning
3828,42.3508,0.9967,1.7964,0.998,244.2823,0.4094,0.001381,Warning
3829,43.018,0.9968,1.7954,0.9968,245.2476,0.4078,0.000859,Warning
3830,41.5804,0.9958,1.7953,0.9978,244.5565,0.4089,0.001017,Warning
3831,42.3802,0.996,1.7953,0.9962,244.6023,0.4088,0.001347,Warning
3832,41.5082,0.9967,1.7977,0.9957,244.5365,0.4089,0.001326,Warning
3833,41.8233,0.9974,1.7984,0.9973,244.0636,0.4097,0.001355,Warning
3834,42.5749,0.9936,1.7962,0.9965,244.5664,0.4089,0.001121,Warning
3835,41.8349,0.9953,1.7969,0.9986,243.5694,0.4106,0.000881,Warning
3836,41.9208,0.9961,1.7973,0.9957,243.8156,0.4101,0.000731,Warning
3837,43.0066,0.9964,1.7957,0.9956,243.2601,0.4111,0.001244,Warning
3838,41.0225,0.9963,1.7982,0.9966,243.4738,0.4107,0.001238,Warning
3839,40.9296,0.9979,1.7976,0.9968,243.5237,0.4106,0.001077,Warning
3840,41.6755,0.9965,1.7972,0.9959,245.0487,0.4081,0.001286,Warning
3841,41.5076,0.9951,1.7963,0.9959,245.0574,0.4081,0.000938,Warning
3842,42.3538,0.9961,1.7956,0.9968,245.101,0.408,0.000924,Warning
3843,41.5877,0.9954,1.7961,0.9962,242.821,0.4118,0.000952,Warning
3844,43.2294,0.9964,1.7964,0.9966,244.1927,0.4095,0.001077,Warning
3845,42.3425,0.9963,1.795,0.9972,242.2655,0.4128,0.001246,Warning
3846,40.7953,0.9961,1.795,0.9969,244.6936,0.4087,0.001464,Warning
3847,40.6915,0.9971,1.7963,0.9965,244.8374,0.4084,0.001117,Warning
3848,42.5004,0.9952,1.7955,0.9979,245.4163,0.4075,0.001157,Warning
3849,39.6984,0.996,1.7962,0.9967,244.4956,0.409,0.001069,Warning
3850,42.6011,0.995,1.7974,0.9985,243.4946,0.4107,0.000982,Warning
3851,42.2604,0.995,1.7957,0.998,244.8136,0.4085,0.001561,Warning
3852,42.0702,0.9955,1.7962,0.9968,244.1128,0.4096,0.001161,Warning
3853,41.19,0.9964,1.7947,0.9962,244.1254,0.4096,0.000714,Warning
3854,42.5524,0.9941,1.7968,0.9956,243.8951,0.41,0.00127,Warning
3855,43.6975,0.9963,1.7942,0.9979,244.032,0.4098,0.00118,Warning
3856,42.3871,0.9939,1.7962,0.9965,245.1935,0.4078,0.001312,Warning
3857,40.641,0.9974,1.7966,0.9954,244.2591,0.4094,0.001374,Warning
3858,40.9732,0.9975,1.7946,0.9961,243.4587,0.4107,0.001443,Warning
3859,41.5534,0.995,1.7966,0.9976,244.7455,0.4086,0.001113,Warning
3860,42.1516,0.9955,1.7978,0.9981,245.0764,0.408,0.001327,Warning
3861,42.3656,0.9949,1.7968,0.997,245.2192,0.4078,0.00133,Warning
3862,42.3919,0.9945,1.796,0.9964,244.4089,0.4092,0.001085,Warning
3863,41.7326,0.9966,1.7957,0.997,242.99,0.4115,0.001002,Warning
3864,42.48,0.9949,1.7974,0.9979,243.9894,0.4099,0.001769,Warning
3865,42.9515,0.9952,1.7969,0.997,243.5811,0.4105,0.000956,Warning
3866,42.7547,0.9955,1.796,0.996,243.6025,0.4105,0.001144,Warning
3867,42.2711,0.9935,1.7961,0.9962,245.3214,0.4076,0.001759,Warning
3868,41.675,0.9944,1.7962,0.9967,245.7751,0.4069,0.001504,Warning
3869,42.6565,0.9955,1.7968,0.9972,244.3896,0.4092,0.000859,Warning
3870,42.8154,0.9962,1.796,0.9963,243.5601,0.4106,0.001234,Warning
3871,40.5685,0.9969,1.7951,0.9948,245.651,0.4071,0.001,Warning
3872,41.3919,0.9973,1.798,0.9954,243.4271,0.4108,0.000995,Warning
3873,42.7192,0.9978,1.795,0.9983,243.6233,0.4105,0.001239,Warning
3874,40.956,0.996,1.796,0.9966,244.497,0.409,0.000971,Warning
3875,41.268,0.9966,1.7975,0.9969,244.5904,0.4088,0.001324,Warning
3876,42.6412,0.9952,1.7953,0.9962,245.7289,0.407,0.001274,Warning
3877,42.3493,0.9965,1.7948,0.9988,244.5679,0.4089,0.001318,Warning
3878,40.568,0.9969,1.7958,0.9956,243.42,0.4108,0.00092,Warning
3879,40.9568,0.9962,1.7957,0.9972,245.5223,0.4073,0.001148,Warning
3880,40.1881,0.9959,1.7973,0.9968,245.4035,0.4075,0.001265,Warning
3881,40.5152,0.9962,1.7964,0.998,245.6342,0.4071,0.001356,Warning
3882,42.34,0.9968,1.7959,0.9954,244.2102,0.4095,0.001248,Warning
3883,41.0265,0.9974,1.7971,0.9955,245.2682,0.4077,0.001113,Warning
3884,41.3684,0.9972,1.7961,0.9988,243.4917,0.4107,0.000829,Warning
3885,41.7686,0.9969,1.7952,0.9956,244.3556,0.4092,0.000883,Warning
3886,42.2402,0.9958,1.7966,0.9955,245.2095,0.4078,0.001139,Warning
3887,42.6074,0.9971,1.795,0.9978,243.0294,0.4115,0.000902,Warning
3888,43.5696,0.9972,1.7982,0.9965,244.2499,0.4094,0.001282,Warning
3889,41.9904,0.9954,1.7952,0.9971,243.313,0.411,0.000958,Warning
3890,42.3169,0.996,1.797,0.9965,243.7,0.4103,0.001262,Warning
3891,41.3542,0.9955,1.7955,0.9967,245.5814,0.4072,0.000902,Warning
3892,43.042,0.9968,1.7977,1.0,245.3072,0.4077,0.001363,Warning
3893,40.9574,0.9949,1.7965,0.9952,244.6529,0.4087,0.000751,Warning
3894,42.931,0.9958,1.7962,0.9961,242.6402,0.4121,0.001425,Warning
3895,43.0796,0.9958,1.7968,0.9965,244.3883,0.4092,0.00133,Warning
3896,42.4569,0.9974,1.7966,0.9969,243.5469,0.4106,0.001083,Warning
3897,42.6626,0.9946,1.7972,0.9966,243.4996,0.4107,0.000959,Warning
3898,42.5559,0.9961,1.7977,0.9956,243.6905,0.4104,0.001161,Warning
3899,41.4167,0.9961,1.7964,0.9974,245.3564,0.4076,0.000919,Warning
3900,42.2902,0.9955,1.7965,0.9973,243.3605,0.4109,0.001,Warning
3901,42.4311,0.9961,1.7959,0.9975,244.7339,0.4086,0.001074,Warning
3902,41.342,0.9948,1.7961,0.9955,244.2265,0.4095,0.001424,Warning
3903,41.7426,0.9956,1.7981,0.9984,243.5338,0.4106,0.001209,Warning
3904,42.2901,0.9963,1.7979,0.997,244.3338,0.4093,0.001319,Warning
3905,42.9809,0.997,1.7966,0.9953,243.752,0.4103,0.001345,Warning
3906,42.2311,0.9969,1.798,0.9957,245.0513,0.4081,0.001116,Warning
3907,42.7809,0.9961,1.7982,0.997,243.6271,0.4105,0.001266,Warning
3908,42.2936,0.9972,1.7965,0.9993,244.0489,0.4098,0.001162,Warning
3909,41.5531,0.9962,1.7963,0.9972,244.1903,0.4095,0.001061,Warning
3910,41.3327,0.9957,1.7972,0.9982,244.0734,0.4097,0.000995,Warning
3911,41.9749,0.9982,1.7971,0.9974,244.9036,0.4083,0.001491,Warning
3912,41.1193,0.9957,1.7956,0.9975,244.2601,0.4094,0.001335,Warning
3913,41.6379,0.9975,1.796,0.9976,245.0868,0.408,0.001407,Warning
3914,42.3339,0.9969,1.7978,0.9974,243.5453,0.4106,0.001301,Warning
3915,42.0172,0.9937,1.7965,0.997,245.0526,0.4081,0.001034,Warning
3916,40.8442,0.9963,1.7965,0.997,244.1426,0.4096,0.000971,Warning
3917,41.9395,0.9957,1.7972,0.9972,243.9021,0.41,0.00153,Warning
3918,41.8373,0.9966,1.7959,0.9985,244.1925,0.4095,0.001209,Warning
3919,41.9423,0.9963,1.7973,0.9977,244.144,0.4096,0.001526,Warning
3920,42.7544,0.9956,1.7947,0.9964,244.4507,0.4091,0.001305,Warning
3921,43.1451,0.995,1.7956,0.9957,243.0475,0.4114,0.001061,Warning
3922,42.3529,0.9968,1.7951,0.9961,242.6931,0.412,0.001229,Warning
3923,41.4757,0.9977,1.7965,0.9967,243.6026,0.4105,0.000888,Warning
3924,40.9689,0.9955,1.7954,0.9959,244.4157,0.4091,0.00129,Warning
3925,41.6981,0.998,1.7943,0.9969,243.9376,0.4099,0.001077,Warning
3926,41.5087,0.9961,1.7958,0.9965,243.072,0.4114,0.000864,Warning
3927,41.8378,0.9957,1.7959,0.9967,243.6915,0.4104,0.001146,Warning
3928,41.3876,0.9976,1.7953,0.9965,243.529,0.4106,0.00104,Warning
3929,42.0919,0.996,1.7956,0.9966,243.5306,0.4106,0.001269,Warning
3930,43.7182,0.9952,1.7965,0.9969,244.6399,0.4088,0.001328,Warning
3931,42.2401,0.996,1.7956,0.9961,244.026,0.4098,0.000932,Warning
3932,41.6025,0.9972,1.7962,0.9977,245.2777,0.4077,0.001154,Warning
3933,42.2453,0.9958,1.7953,0.9959,244.775,0.4085,0.001232,Warning
3934,43.5585,0.997,1.7953,0.9977,243.8549,0.4101,0.001434,Warning
3935,41.6939,0.995,1.7953,0.9961,243.4253,0.4108,0.001076,Warning
3936,42.7702,0.9979,1.7947,0.9981,243.7138,0.4103,0.00126,Warning
3937,40.7633,0.9966,1.7941,0.9972,244.3003,0.4093,0.001229,Warning
3938,41.5005,0.9966,1.7965,0.9966,244.6305,0.4088,0.001172,Warning
3939,42.5132,0.9959,1.7963,0.9974,243.7732,0.4102,0.000945,Warning
3940,42.3129,0.9972,1.7964,0.9972,244.0563,0.4097,0.00134,Warning
3941,41.9451,0.9956,1.7972,0.9963,244.8001,0.4085,0.001413,Warning
3942,42.5491,0.9948,1.7961,0.9966,243.6902,0.4104,0.001221,Warning
3943,42.7128,0.9956,1.7959,0.9966,245.0166,0.4081,0.001141,Warning
3944,41.1117,0.9945,1.7964,0.9961,244.619,0.4088,0.000927,Warning
3945,41.6699,0.9947,1.7965,0.9975,244.3534,0.4092,0.000976,Warning
3946,41.5062,0.9963,1.7944,0.9966,245.2945,0.4077,0.001158,Warning
3947,40.9138,0.9954,1.7954,0.999,245.412,0.4075,0.00134,Warning
3948,41.8319,0.9973,1.7949,0.9979,244.8204,0.4085,0.001164,Warning
3949,43.0195,0.9956,1.7948,0.9978,244.0083,0.4098,0.001315,Warning
3950,43.5667,0.9953,1.7959,0.9984,244.61,0.4088,0.001055,Warning
3951,41.3478,0.9955,1.7953,0.9971,244.1362,0.4096,0.001251,Warning
3952,41.4409,0.996,1.794,0.997,245.0124,0.4081,0.000911,Warning
3953,42.5021,0.9954,1.7968,0.997,244.3943,0.4092,0.001209,Warning
3954,43.1799,0.9964,1.7953,0.9969,243.7739,0.4102,0.001229,Warning
3955,41.7832,0.9954,1.7962,0.9969,244.9187,0.4083,0.001114,Warning
3956,40.5361,0.9957,1.7944,0.9973,242.7269,0.412,0.000999,Warning
3957,41.8327,0.9976,1.795,0.9968,244.5285,0.409,0.001494,Warning
3958,42.7466,0.9971,1.7969,0.9956,244.3508,0.4092,0.001367,Warning
3959,41.361,0.9955,1.7952,0.9976,244.0061,0.4098,0.001134,Warning
3960,41.1027,0.996,1.7955,0.9971,243.1456,0.4113,0.001234,Warning
3961,41.7786,0.9948,1.7947,0.9957,243.8934,0.41,0.001222,Warning
3962,42.3475,0.9963,1.7953,0.9979,243.7032,0.4103,0.001289,Warning
3963,42.0021,0.9964,1.7958,0.9972,244.0496,0.4098,0.001362,Warning
3964,41.4803,0.9943,1.7951,0.9979,243.9304,0.41,0.001218,Warning
3965,41.2941,0.9961,1.795,0.996,243.7305,0.4103,0.001289,Warning
3966,42.5803,0.9966,1.7944,0.9968,243.8936,0.41,0.000893,Warning
3967,42.1534,0.9958,1.7965,0.9969,243.61,0.4105,0.001385,Warning
3968,40.3654,0.996,1.7943,0.9959,244.4679,0.4091,0.000946,Warning
3969,41.0052,0.9984,1.7947,0.9985,243.9087,0.41,0.001096,Warning
3970,42.5994,0.9974,1.7949,0.9963,244.7225,0.4086,0.001259,Warning
3971,43.0293,0.9965,1.7978,0.997,244.2209,0.4095,0.001266,Warning
3972,42.0356,0.9969,1.7963,0.9976,244.7976,0.4085,0.001287,Warning
3973,42.5528,0.995,1.7955,0.9977,245.1794,0.4079,0.000814,Warning
3974,41.6989,0.996,1.7951,0.996,244.4189,0.4091,0.001518,Warning
3975,40.5295,0.9959,1.7965,0.9976,244.2928,0.4093,0.001555,Warning
3976,42.1799,0.9973,1.7954,0.9969,243.0658,0.4114,0.001383,Warning
3977,42.0622,0.9964,1.7957,0.9974,244.3524,0.4092,0.001004,Warning
3978,41.411,0.996,1.7967,0.9987,244.2754,0.4094,0.001405,Warning
3979,40.8719,0.998,1.7966,0.9968,243.8997,0.41,0.000982,Warning
3980,41.507,0.9979,1.795,0.9958,243.4682,0.4107,0.000964,Warning
3981,42.178,0.9971,1.7954,0.9954,244.262,0.4094,0.001193,Warning
3982,42.9698,0.9956,1.7958,0.9967,244.0982,0.4097,0.001126,Warning
3983,41.7257,0.9942,1.7955,0.9975,244.7057,0.4087,0.001111,Warning
3984,43.2108,0.996,1.7947,0.9952,244.9986,0.4082,0.001131,Warning
3985,41.2017,0.9938,1.7956,0.9972,243.4643,0.4107,0.000995,Warning
3986,41.7353,0.9973,1.7946,0.9962,244.9896,0.4082,0.001305,Warning
3987,42.3199,0.9954,1.796,0.9963,243.332,0.411,0.00099,Warning
3988,42.8057,0.996,1.7963,0.997,244.3707,0.4092,0.001155,Warning
3989,41.7949,0.9952,1.7946,0.9957,243.7242,0.4103,0.000886,Warning
3990,41.0762,0.9971,1.7962,0.9964,245.8323,0.4068,0.000877,Warning
3991,42.9643,0.9959,1.7968,0.9969,242.5157,0.4123,0.001226,Warning
3992,42.454,0.9938,1.798,0.9971,244.5496,0.4089,0.000974,Warning
3993,42.7399,0.9971,1.7963,0.9968,243.2956,0.411,0.001165,Warning
3994,41.7796,0.9966,1.7952,0.9974,243.3378,0.411,0.001156,Warning
3995,42.6838,0.9953,1.7967,0.9974,243.7907,0.4102,0.001441,Warning
3996,42.255,0.9971,1.7978,0.9966,244.522,0.409,0.001081,Warning
3997,41.3683,0.9958,1.7946,0.9959,244.4776,0.409,0.001106,Warning
3998,42.7648,0.9963,1.7979,0.9973,244.8944,0.4083,0.00129,Warning
3999,42.4473,0.9972,1.7967,0.997,244.166,0.4096,0.001317,Warning
4000,41.6629,0.9953,1.7974,0.9987,243.2569,0.4111,0.001076,Warning
4001,43.1158,0.9965,1.7967,0.9977,243.8059,0.4102,0.001276,Warning
4002,42.4054,0.9951,1.7963,0.998,243.7297,0.4103,0.001241,Warning
4003,42.3708,0.9957,1.7967,0.9961,245.0616,0.4081,0.001336,Warning
4004,41.4578,0.9977,1.7962,0.9961,244.8776,0.4084,0.00131,Warning
4005,40.7914,0.9955,1.7963,0.9946,244.0606,0.4097,0.001243,Warning
4006,41.264,0.9963,1.796,0.9956,244.7266,0.4086,0.001379,Warning
4007,41.9808,0.9958,1.7967,0.9966,242.4448,0.4125,0.001309,Warning
4008,41.5638,0.9956,1.7974,0.9967,243.9894,0.4099,0.001314,Warning
4009,42.6205,0.9951,1.7959,0.9968,244.2041,0.4095,0.001271,Warning
4010,44.288,0.9948,1.797,0.998,244.3792,0.4092,0.001083,Warning
4011,43.5515,0.9938,1.7953,0.998,243.6874,0.4104,0.001533,Warning
4012,41.0122,0.9949,1.7955,0.9972,243.8044,0.4102,0.001116,Warning
4013,43.3597,0.9975,1.7956,0.9951,242.2545,0.4128,0.001262,Warning
4014,42.75,0.996,1.7959,0.996,244.503,0.409,0.00155,Warning
4015,40.4535,0.9959,1.795,0.9953,243.0735,0.4114,0.00129,Warning
4016,42.5528,0.9974,1.796,0.995,243.7855,0.4102,0.000938,Warning
4017,41.2652,0.9966,1.7962,0.9974,243.6885,0.4104,0.001373,Warning
4018,41.9017,0.9971,1.7963,0.9966,244.1427,0.4096,0.001212,Warning
4019,43.5111,0.9962,1.796,0.9965,244.646,0.4088,0.001357,Warning
4020,42.0169,0.9948,1.7951,0.9966,245.0491,0.4081,0.001166,Warning
4021,41.7625,0.9942,1.7975,0.9974,244.6053,0.4088,0.001409,Warning
4022,42.1078,0.9961,1.7975,0.997,244.437,0.4091,0.001391,Warning
4023,42.7557,0.9958,1.7959,0.9976,244.5863,0.4089,0.001451,Warning
4024,42.6841,0.9966,1.7955,0.9962,244.5885,0.4088,0.001102,Warning
4025,42.2284,0.9974,1.7972,0.9971,243.7256,0.4103,0.001193,Warning
4026,42.9409,0.9959,1.7954,0.998,244.1063,0.4097,0.001102,Warning
4027,42.6318,0.9969,1.795,0.9966,243.7622,0.4102,0.001309,Warning
4028,42.756,0.9954,1.7945,0.9978,243.062,0.4114,0.001273,Warning
4029,42.1466,0.9961,1.7976,0.9998,242.6498,0.4121,0.001415,Warning
4030,42.129,0.997,1.7969,0.9982,244.183,0.4095,0.001041,Warning
4031,42.9979,0.9961,1.7957,0.9963,244.7586,0.4086,0.00154,Warning
4032,41.3013,0.9966,1.7956,0.9953,244.0702,0.4097,0.001053,Warning
4033,40.9972,0.9952,1.7949,0.9961,242.8898,0.4117,0.001141,Warning
4034,41.6906,0.9963,1.7966,0.997,243.7606,0.4102,0.001168,Warning
4035,41.5933,0.9952,1.7967,0.995,243.8829,0.41,0.001156,Warning
4036,42.7441,0.9945,1.796,0.9971,242.4222,0.4125,0.001006,Warning
4037,42.1932,0.9965,1.7961,0.9973,243.081,0.4114,0.000903,Warning
4038,42.336,0.9947,1.7951,0.9977,244.0943,0.4097,0.001108,Warning
4039,41.7118,0.9966,1.7962,0.9956,242.3832,0.4126,0.001598,Warning
4040,41.294,0.9965,1.7975,0.9969,243.4597,0.4107,0.000937,Warning
4041,41.1218,0.9963,1.7974,0.9964,243.4939,0.4107,0.001362,Warning
4042,41.7268,0.9962,1.796,0.9964,243.9246,0.41,0.001575,Warning
4043,42.761,0.997,1.795,0.9979,244.4467,0.4091,0.000923,Warning
4044,42.711,0.9954,1.7944,0.9969,244.3652,0.4092,0.001254,Warning
4045,42.1937,0.9956,1.7984,0.9956,244.6308,0.4088,0.001227,Warning
4046,41.5992,0.9959,1.7946,0.9962,243.8935,0.41,0.000914,Warning
4047,42.6897,0.995,1.7945,0.9957,245.6703,0.407,0.000828,Warning
4048,42.6353,0.9952,1.7956,0.9974,244.3719,0.4092,0.001088,Warning
4049,41.2019,0.9966,1.7965,0.9965,244.2801,0.4094,0.001136,Warning
4050,41.6284,0.996,1.7965,0.9971,244.3323,0.4093,0.001073,Warning
4051,43.5573,0.9956,1.7958,0.9954,243.7684,0.4102,0.001332,Warning
4052,42.9036,0.9975,1.7965,0.997,243.565,0.4106,0.001093,Warning
4053,43.0716,0.9969,1.7949,0.9975,244.4408,0.4091,0.001003,Warning
4054,42.7296,0.9949,1.7935,0.9966,244.1253,0.4096,0.001203,Warning
4055,44.5927,0.9963,1.7961,0.9972,243.5644,0.4106,0.001412,Warning
4056,42.5896,0.9963,1.7953,0.9952,243.5149,0.4107,0.001283,Warning
4057,41.9468,0.9962,1.7957,0.9972,243.133,0.4113,0.001266,Warning
4058,41.7916,0.9944,1.7958,0.9983,242.7461,0.412,0.001251,Warning
4059,42.9443,0.9982,1.7954,0.9961,242.9781,0.4116,0.001456,Warning
4060,41.6141,0.9956,1.7941,0.9976,244.8366,0.4084,0.001397,Warning
4061,41.0255,0.9965,1.7943,0.9968,244.0726,0.4097,0.00129,Warning
4062,42.7393,0.9959,1.794,0.9973,243.9851,0.4099,0.001048,Warning
4063,41.0579,0.9975,1.7972,0.9975,243.3645,0.4109,0.000726,Warning
4064,42.9269,0.9963,1.7956,0.9979,244.5824,0.4089,0.001264,Warning
4065,42.345,0.996,1.7966,0.9959,244.2433,0.4094,0.001045,Warning
4066,43.388,0.9965,1.7952,0.9968,243.218,0.4112,0.001531,Warning
4067,43.6189,0.9966,1.7975,0.9969,244.5103,0.409,0.001475,Warning
4068,42.3178,0.996,1.7969,0.9974,243.2936,0.411,0.000793,Warning
4069,42.1838,0.9938,1.7949,0.9959,243.4416,0.4108,0.001395,Warning
4070,43.1561,0.9964,1.7966,0.9974,241.8975,0.4134,0.001233,Warning
4071,40.8906,0.9964,1.7938,0.9966,244.3317,0.4093,0.001008,Warning
4072,43.099,0.9964,1.7963,0.9974,243.6046,0.4105,0.001262,Warning
4073,42.3394,0.9959,1.7953,0.9955,243.621,0.4105,0.001154,Warning
4074,41.7438,0.9968,1.7948,0.9966,244.8221,0.4085,0.001414,Warning
4075,43.308,0.9953,1.7967,0.9957,243.6668,0.4104,0.001196,Warning
4076,41.8761,0.9956,1.7954,0.9958,244.5711,0.4089,0.001196,Warning
4077,42.4997,0.9961,1.796,0.9968,243.6402,0.4104,0.001517,Warning
4078,42.949,0.9959,1.7955,0.9966,244.2171,0.4095,0.001533,Warning
4079,41.2438,0.9966,1.797,0.9953,243.7366,0.4103,0.001021,Warning
4080,42.6884,0.9956,1.7958,0.9963,244.4561,0.4091,0.00128,Warning
4081,42.5305,0.9961,1.7965,0.9965,245.2391,0.4078,0.000987,Warning
4082,40.9669,0.9941,1.7938,0.9974,244.3181,0.4093,0.001476,Warning
4083,41.5041,0.9967,1.796,0.9969,244.376,0.4092,0.001084,Warning
4084,44.421,0.9972,1.7954,0.9956,243.8037,0.4102,0.001272,Warning
4085,43.2055,0.9947,1.7962,0.9952,244.2216,0.4095,0.001214,Warning
4086,43.9041,0.9944,1.7973,0.995,242.8092,0.4118,0.0009,Warning
4087,42.5569,0.9947,1.7946,0.9969,244.2309,0.4094,0.001244,Warning
4088,42.2286,0.9977,1.7961,0.9975,243.9823,0.4099,0.001017,Warning
4089,42.8001,0.9953,1.7958,0.997,242.3134,0.4127,0.000915,Warning
4090,43.0896,0.9952,1.7953,0.9969,243.5565,0.4106,0.001321,Warning
4091,42.3229,0.9961,1.7952,0.9969,244.7476,0.4086,0.001124,Warning
4092,43.0979,0.9959,1.7966,0.9969,243.8353,0.4101,0.001308,Warning
4093,43.3383,0.9961,1.7964,0.9964,245.1172,0.408,0.001366,Warning
4094,42.4314,0.9958,1.7969,0.9961,242.4327,0.4125,0.001253,Warning
4095,43.323,0.9975,1.7958,0.9968,244.2731,0.4094,0.001186,Warning
4096,42.7859,0.9958,1.7969,0.9974,244.5042,0.409,0.001198,Warning
4097,43.9153,0.9964,1.7962,0.996,243.7768,0.4102,0.001262,Warning
4098,41.7463,0.9956,1.7957,0.9968,242.4428,0.4125,0.001212,Warning
4099,42.0763,0.9959,1.7969,0.9988,244.3942,0.4092,0.000993,Warning
4100,42.1037,0.9965,1.7964,0.9977,243.7721,0.4102,0.001167,Warning
4101,43.7837,0.996,1.7949,0.9982,242.6516,0.4121,0.000541,Warning
4102,42.9991,0.9968,1.7963,0.9954,243.7999,0.4102,0.001185,Warning
4103,41.9556,0.9973,1.7949,0.997,244.8007,0.4085,0.001317,Warning
4104,43.3801,0.9965,1.7963,0.9971,244.3348,0.4093,0.001164,Warning
4105,41.3475,0.9968,1.7971,0.997,243.4038,0.4108,0.00093,Warning
4106,42.4594,0.9945,1.7944,0.9967,243.23,0.4111,0.001311,Warning
4107,42.2652,0.9953,1.7942,0.9959,243.1866,0.4112,0.000997,Warning
4108,42.1312,0.9947,1.7957,0.997,243.1771,0.4112,0.001327,Warning
4109,41.3071,0.9948,1.7958,0.9974,244.5304,0.4089,0.001565,Warning
4110,42.0967,0.9958,1.7949,0.9955,244.0179,0.4098,0.001088,Warning
4111,43.3857,0.9944,1.7964,0.9957,243.1771,0.4112,0.001351,Warning
4112,41.8609,0.9954,1.7951,0.9985,243.338,0.411,0.001254,Warning
4113,42.2419,0.9961,1.7953,0.9965,244.1457,0.4096,0.001071,Warning
4114,43.2767,0.9971,1.7965,0.9968,241.4365,0.4142,0.001329,Warning
4115,42.0939,0.9956,1.794,0.9972,242.6686,0.4121,0.001268,Warning
4116,43.1325,0.9954,1.7971,0.996,244.3063,0.4093,0.000984,Warning
4117,43.2355,0.9968,1.7964,0.9963,242.7029,0.412,0.001167,Warning
4118,43.3006,0.996,1.7943,0.9956,244.8255,0.4085,0.001343,Warning
4119,41.427,0.9941,1.7953,0.9949,243.6968,0.4103,0.001736,Warning
4120,41.1384,0.9957,1.7972,0.9975,243.701,0.4103,0.001217,Warning
4121,41.4931,0.9956,1.7961,0.9978,243.3224,0.411,0.001208,Warning
4122,41.6602,0.9961,1.7967,0.9973,242.8809,0.4117,0.001276,Warning
4123,41.8795,0.9969,1.7957,0.9952,243.6397,0.4104,0.001339,Warning
4124,42.6184,0.9954,1.7953,0.9957,243.4982,0.4107,0.001076,Warning
4125,43.2011,0.995,1.796,0.9968,244.569,0.4089,0.001465,Warning
4126,42.9836,0.9962,1.7948,0.9956,243.1344,0.4113,0.001398,Warning
4127,42.4873,0.9967,1.7969,0.996,243.8352,0.4101,0.001246,Warning
4128,42.1682,0.9953,1.7971,0.9967,243.8185,0.4101,0.001088,Warning
4129,42.9724,0.9949,1.7963,0.9972,243.4765,0.4107,0.001312,Warning
4130,42.5825,0.9958,1.7959,0.9968,243.9089,0.41,0.001261,Warning
4131,41.5527,0.9957,1.7961,0.9968,244.5665,0.4089,0.001373,Warning
4132,41.7413,0.9957,1.7956,0.9967,243.7996,0.4102,0.001372,Warning
4133,42.5813,0.9971,1.7961,0.9959,243.4267,0.4108,0.001371,Warning
4134,41.1499,0.9945,1.7959,0.9976,244.8446,0.4084,0.001207,Warning
4135,43.2917,0.9959,1.7943,0.9967,243.3024,0.411,0.001434,Warning
4136,42.4243,0.9946,1.7944,0.9967,241.8598,0.4135,0.001147,Warning
4137,42.6314,0.9948,1.7969,0.9979,242.9811,0.4116,0.001191,Warning
4138,43.2442,0.9959,1.7945,0.9965,243.1107,0.4113,0.001473,Warning
4139,42.9349,0.9955,1.796,0.9954,243.1885,0.4112,0.001562,Warning
4140,42.4948,0.9968,1.7961,0.998,242.1909,0.4129,0.001214,Warning
4141,43.7696,0.9968,1.7972,0.9967,243.3588,0.4109,0.001047,Warning
4142,41.5781,0.9967,1.7964,0.9966,244.1936,0.4095,0.001281,Warning
4143,43.2272,0.9968,1.7948,0.997,242.4504,0.4125,0.00128,Warning
4144,42.9426,0.9945,1.7954,0.9967,243.9711,0.4099,0.001197,Warning
4145,41.5232,0.9958,1.7942,0.9965,243.4294,0.4108,0.001227,Warning
4146,42.0153,0.9943,1.7955,0.9976,244.7902,0.4085,0.001742,Warning
4147,43.8179,0.9947,1.7954,0.9967,243.7111,0.4103,0.001268,Warning
4148,44.3925,0.9948,1.7951,0.9983,243.2852,0.411,0.001333,Warning
4149,43.2959,0.9963,1.796,0.9976,243.062,0.4114,0.001155,Warning
4150,42.8985,0.9938,1.7973,0.997,243.8974,0.41,0.000929,Warning
4151,41.4425,0.9955,1.7967,0.9946,244.4042,0.4092,0.001183,Warning
4152,42.2949,0.9961,1.7961,0.996,244.2719,0.4094,0.000792,Warning
4153,42.1151,0.996,1.7955,0.9949,244.3769,0.4092,0.001006,Warning
4154,42.4232,0.996,1.7959,0.9978,243.7264,0.4103,0.001342,Warning
4155,42.4343,0.9965,1.7972,0.9968,244.393,0.4092,0.001548,Warning
4156,43.5665,0.9955,1.7969,0.9969,244.6598,0.4087,0.001371,Warning
4157,42.7031,0.9963,1.7961,0.997,243.6374,0.4104,0.001207,Warning
4158,43.8949,0.9963,1.7953,0.9964,244.608,0.4088,0.00111,Warning
4159,41.3006,0.9944,1.7941,0.9954,242.8168,0.4118,0.001535,Warning
4160,42.4511,0.9955,1.7944,0.9965,242.3701,0.4126,0.001184,Warning
4161,44.1414,0.9965,1.7956,0.9974,243.3413,0.4109,0.001098,Warning
4162,43.8549,0.9947,1.7955,0.997,243.008,0.4115,0.001389,Warning
4163,42.2481,0.9965,1.7964,0.9964,245.124,0.408,0.001126,Warning
4164,43.5743,0.997,1.7976,0.9968,243.1231,0.4113,0.001675,Warning
4165,42.2292,0.995,1.7956,0.9957,244.1734,0.4095,0.001138,Warning
4166,42.2688,0.9968,1.7965,0.9967,243.8877,0.41,0.001262,Warning
4167,42.1557,0.9958,1.7963,0.9965,244.0853,0.4097,0.001093,Warning
4168,42.0193,0.9951,1.7953,0.998,244.3288,0.4093,0.001045,Warning
4169,42.8542,0.9954,1.7951,0.9952,244.524,0.409,0.000988,Warning
4170,42.4644,0.9949,1.7966,0.9963,243.6374,0.4104,0.001241,Warning
4171,42.7499,0.9958,1.7958,0.9961,242.4837,0.4124,0.001038,Warning
4172,43.0844,0.9955,1.7952,0.9953,242.3663,0.4126,0.001121,Warning
4173,43.2218,0.9953,1.7962,0.9961,244.2516,0.4094,0.001192,Warning
4174,41.5277,0.9956,1.7977,0.9985,244.1282,0.4096,0.001235,Warning
4175,42.7581,0.9961,1.7958,0.9971,243.9041,0.41,0.001199,Warning
4176,41.5606,0.9954,1.7966,0.9966,243.9762,0.4099,0.001206,Warning
4177,41.6709,0.9956,1.7948,0.9956,244.699,0.4087,0.001179,Warning
4178,41.9272,0.9974,1.7966,0.9963,244.0751,0.4097,0.001216,Warning
4179,41.9681,0.9963,1.7955,0.9967,244.5486,0.4089,0.001446,Warning
4180,42.0839,0.9963,1.7947,0.9971,243.8488,0.4101,0.00134,Warning
4181,42.2878,0.9979,1.7949,0.9976,242.9031,0.4117,0.001365,Warning
4182,42.9882,0.9959,1.7953,0.9968,243.9406,0.4099,0.001623,Warning
4183,41.8315,0.9953,1.7961,0.9964,243.6455,0.4104,0.001479,Warning
4184,40.275,0.9952,1.7941,0.9955,245.6477,0.4071,0.001385,Warning
4185,43.2943,0.9957,1.7966,0.9949,244.5531,0.4089,0.001102,Warning
4186,42.1097,0.9963,1.7961,0.9967,242.6305,0.4121,0.001286,Warning
4187,43.305,0.9953,1.7971,0.9958,243.7247,0.4103,0.001573,Warning
4188,41.9933,0.9969,1.7978,0.9968,243.2964,0.411,0.001112,Warning
4189,43.5839,0.9971,1.7973,0.9966,244.5467,0.4089,0.001257,Warning
4190,41.8356,0.9969,1.7974,0.9956,242.8835,0.4117,0.001275,Warning
4191,43.3087,0.9947,1.796,0.9961,244.2742,0.4094,0.001108,Warning
4192,43.163,0.9956,1.7949,0.9967,242.1616,0.4129,0.001156,Warning
4193,42.8173,0.994,1.7932,0.9943,244.7722,0.4085,0.001253,Warning
4194,42.1232,0.9968,1.7954,0.9969,243.7296,0.4103,0.001174,Warning
4195,42.7863,0.9966,1.7956,0.9962,243.4335,0.4108,0.000809,Warning
4196,42.7792,0.9946,1.7964,0.9966,243.7901,0.4102,0.001409,Warning
4197,41.8134,0.9962,1.7961,0.9965,242.962,0.4116,0.001388,Warning
4198,43.1192,0.9959,1.7947,0.9961,243.6547,0.4104,0.001407,Warning
4199,41.2914,0.9952,1.7954,0.9966,242.6604,0.4121,0.001226,Warning
4200,42.3116,0.9948,1.7957,0.9961,244.0965,0.4097,0.001093,Warning
4201,42.6337,0.995,1.7952,0.9969,243.8863,0.41,0.001187,Warning
4202,42.3481,0.9943,1.7972,0.9973,244.2182,0.4095,0.000952,Warning
4203,42.089,0.9955,1.7939,0.9975,244.8586,0.4084,0.001683,Warning
4204,41.7305,0.9959,1.7971,0.9964,243.2404,0.4111,0.000898,Warning
4205,43.4751,0.9958,1.7951,0.9969,243.8149,0.4101,0.001305,Warning
4206,42.3971,0.9974,1.7957,0.9983,244.1423,0.4096,0.001342,Warning
4207,42.482,0.9968,1.7959,0.9957,242.9171,0.4117,0.001357,Warning
4208,41.8485,0.9957,1.7968,0.9969,243.1103,0.4113,0.001554,Warning
4209,43.0145,0.9968,1.7935,0.997,244.3602,0.4092,0.001613,Warning
4210,41.4069,0.997,1.7974,0.9946,244.0679,0.4097,0.001397,Warning
4211,42.3182,0.9953,1.7965,0.996,243.5097,0.4107,0.001436,Warning
4212,43.9848,0.9963,1.7959,0.9961,242.8735,0.4117,0.001496,Warning
4213,42.4606,0.9969,1.7955,0.996,244.0171,0.4098,0.001259,Warning
4214,41.6208,0.9976,1.7952,0.9976,244.3525,0.4092,0.001022,Warning
4215,41.7851,0.9955,1.7949,0.9984,243.5174,0.4106,0.001452,Warning
4216,42.9997,0.996,1.7958,0.9979,243.0159,0.4115,0.00162,Warning
4217,41.5608,0.9966,1.7944,0.9963,243.7491,0.4103,0.001178,Warning
4218,42.4471,0.9944,1.7948,0.9971,243.6967,0.4103,0.001137,Warning
4219,43.6536,0.9946,1.7954,0.9961,244.1635,0.4096,0.001285,Warning
4220,42.5095,0.9939,1.7966,0.9964,243.7625,0.4102,0.001126,Warning
4221,41.8731,0.9973,1.794,0.9956,244.8529,0.4084,0.001404,Warning
4222,42.3392,0.997,1.7962,0.9969,243.8474,0.4101,0.00137,Warning
4223,43.006,0.998,1.7956,0.9965,242.676,0.4121,0.001267,Warning
4224,44.0935,0.9968,1.7952,0.9967,242.6268,0.4122,0.001083,Warning
4225,42.7246,0.9953,1.7947,0.9971,243.5967,0.4105,0.000964,Warning
4226,40.9467,0.9952,1.7942,0.9948,244.5642,0.4089,0.001258,Warning
4227,42.3962,0.9956,1.7946,0.997,243.5549,0.4106,0.001127,Warning
4228,42.1243,0.9945,1.7954,0.9964,243.3122,0.411,0.001289,Warning
4229,42.5494,0.996,1.7967,0.9972,244.4202,0.4091,0.001109,Warning
4230,42.2071,0.9964,1.7964,0.9959,244.1443,0.4096,0.00109,Warning
4231,43.0006,0.9957,1.7944,0.9962,245.3993,0.4075,0.00132,Warning
4232,44.458,0.9943,1.7965,0.9941,243.6518,0.4104,0.001406,Warning
4233,43.2897,0.995,1.7968,0.9961,243.5192,0.4106,0.001193,Warning
4234,41.7121,0.9973,1.7958,0.9977,244.4848,0.409,0.001087,Warning
4235,43.5959,0.9963,1.7947,0.9971,242.8291,0.4118,0.001602,Warning
4236,43.2758,0.9957,1.797,0.995,243.0465,0.4114,0.00123,Warning
4237,44.4151,0.9947,1.7941,0.9952,244.3695,0.4092,0.001162,Warning
4238,42.5011,0.9965,1.7956,0.9968,244.0712,0.4097,0.001195,Warning
4239,42.4971,0.996,1.7966,0.9958,241.225,0.4146,0.001418,Warning
4240,43.3742,0.996,1.796,0.996,244.0401,0.4098,0.001453,Warning
4241,42.679,0.9983,1.7942,0.9968,242.699,0.412,0.001458,Warning
4242,41.3704,0.9944,1.7951,0.9969,243.1606,0.4113,0.001166,Warning
4243,42.4927,0.9955,1.7972,0.9973,243.3758,0.4109,0.001702,Warning
4244,43.0325,0.9948,1.796,0.9971,243.0839,0.4114,0.001073,Warning
4245,42.7102,0.9954,1.7972,0.9973,243.1199,0.4113,0.001369,Warning
4246,43.6565,0.9944,1.7947,0.9966,243.6595,0.4104,0.001273,Warning
4247,42.396,0.9954,1.7961,0.9977,243.2447,0.4111,0.001772,Warning
4248,44.215,0.9971,1.7964,0.9986,243.3959,0.4109,0.001118,Warning
4249,42.2274,0.9947,1.7959,0.9969,243.7872,0.4102,0.001282,Warning
4250,42.7565,0.9975,1.7964,0.9975,243.7776,0.4102,0.000962,Warning
4251,41.2007,0.9978,1.7952,0.996,243.82,0.4101,0.001395,Warning
4252,43.1951,0.9975,1.7972,0.9958,244.397,0.4092,0.001209,Warning
4253,42.5454,0.9947,1.7941,0.9966,242.8557,0.4118,0.001471,Warning
4254,42.4323,0.9961,1.7971,0.9951,243.0393,0.4115,0.001322,Warning
4255,42.909,0.9968,1.7966,0.9967,243.8602,0.4101,0.001353,Warning
4256,41.485,0.9956,1.796,0.9971,242.8765,0.4117,0.001033,Warning
4257,42.475,0.9977,1.7949,0.9978,244.8823,0.4084,0.001296,Warning
4258,42.1205,0.9963,1.7959,0.9957,243.086,0.4114,0.001378,Warning
4259,43.413,0.9954,1.7957,0.9973,243.4735,0.4107,0.001228,Warning
4260,42.0637,0.995,1.7984,0.9964,244.702,0.4087,0.001625,Warning
4261,42.5229,0.9961,1.7958,0.995,242.3669,0.4126,0.001298,Warning
4262,42.3317,0.9976,1.7955,0.9985,243.2259,0.4111,0.001671,Warning
4263,43.0785,0.9963,1.7952,0.9972,244.9597,0.4082,0.00126,Warning
4264,42.4037,0.9955,1.7974,0.9974,244.7621,0.4086,0.001352,Warning
4265,42.7085,0.9962,1.7968,0.9963,244.6974,0.4087,0.001363,Warning
4266,40.7538,0.9966,1.7945,0.9974,244.3222,0.4093,0.001356,Warning
4267,43.1155,0.9968,1.7952,0.9974,244.5299,0.4089,0.001642,Warning
4268,41.7978,0.9961,1.7948,0.9956,243.8852,0.41,0.001306,Warning
4269,43.6002,0.9954,1.7956,0.9968,242.907,0.4117,0.001146,Warning
4270,43.5789,0.9952,1.7969,0.9972,242.357,0.4126,0.001397,Warning
4271,43.1058,0.9962,1.7956,0.9956,244.6705,0.4087,0.001271,Warning
4272,41.9829,0.9962,1.795,0.9956,243.2916,0.411,0.001159,Warning
4273,41.9616,0.9965,1.7956,0.9978,242.9069,0.4117,0.000946,Warning
4274,42.8122,0.9976,1.7963,0.9998,243.8546,0.4101,0.001339,Warning
4275,40.9707,0.9962,1.7959,0.9962,243.4781,0.4107,0.001279,Warning
4276,42.5529,0.9978,1.7954,0.9967,243.2629,0.4111,0.001449,Warning
4277,42.84,0.9954,1.7938,0.9968,243.3368,0.411,0.001281,Warning
4278,41.7544,0.9972,1.7966,0.998,244.5006,0.409,0.001412,Warning
4279,41.7884,0.9976,1.7948,0.9963,244.147,0.4096,0.001445,Warning
4280,43.1618,0.9953,1.7951,0.9991,243.5485,0.4106,0.001262,Warning
4281,42.135,0.996,1.7959,0.9966,243.8839,0.41,0.001647,Warning
4282,42.2316,0.9958,1.7951,0.9969,243.1222,0.4113,0.00119,Warning
4283,41.5418,0.9958,1.7961,0.9984,243.9511,0.4099,0.001205,Warning
4284,41.6235,0.9945,1.7944,0.9985,243.8042,0.4102,0.001179,Warning
4285,41.9451,0.9949,1.7951,0.9979,243.5485,0.4106,0.001006,Warning
4286,44.5632,0.9946,1.7951,0.9979,243.9031,0.41,0.001202,Warning
4287,41.7315,0.9947,1.7948,0.9966,243.7223,0.4103,0.001266,Warning
4288,42.687,0.9947,1.796,0.9979,243.4378,0.4108,0.00126,Warning
4289,42.7866,0.9968,1.7948,0.998,243.9035,0.41,0.001302,Warning
4290,43.6926,0.9945,1.7962,0.997,242.8166,0.4118,0.001389,Warning
4291,42.9504,0.9955,1.7966,0.996,243.7798,0.4102,0.001271,Warning
4292,42.2338,0.9962,1.7955,0.9951,242.1211,0.413,0.001455,Warning
4293,41.7509,0.996,1.7958,0.9962,245.1258,0.408,0.001334,Warning
4294,43.3337,0.996,1.7955,0.9965,244.7258,0.4086,0.001516,Warning
4295,44.2926,0.9959,1.7948,0.9961,242.6073,0.4122,0.001452,Warning
4296,42.2641,0.9926,1.7982,0.996,243.0947,0.4114,0.001633,Warning
4297,41.768,0.9968,1.7951,0.9952,244.9191,0.4083,0.001484,Warning
4298,43.4724,0.9961,1.7963,0.9953,243.6423,0.4104,0.001114,Warning
4299,41.627,0.9961,1.7969,0.9962,243.3819,0.4109,0.001072,Warning
4300,42.7458,0.9965,1.7965,0.9971,243.0553,0.4114,0.00117,Warning
4301,43.3781,0.9965,1.7955,0.9961,244.4823,0.409,0.001228,Warning
4302,43.3403,0.9956,1.7947,0.9982,243.6431,0.4104,0.001158,Warning
4303,41.6328,0.9944,1.7953,0.9985,243.0778,0.4114,0.00159,Warning
4304,42.6426,0.9945,1.7952,0.9953,242.8592,0.4118,0.001124,Warning
4305,41.226,0.9972,1.7959,0.9959,243.7199,0.4103,0.001134,Warning
4306,40.614,0.9987,1.7959,0.996,241.9939,0.4132,0.001003,Warning
4307,44.0762,0.9972,1.7964,0.9954,244.7475,0.4086,0.001392,Warning
4308,43.2783,0.9961,1.7942,0.9954,243.1298,0.4113,0.001431,Warning
4309,41.6519,0.9955,1.7955,0.9973,244.0762,0.4097,0.001101,Warning
4310,43.9153,0.9945,1.7968,0.996,243.6661,0.4104,0.001348,Warning
4311,42.918,0.9964,1.7961,0.9973,243.9052,0.41,0.00105,Warning
4312,42.9774,0.9951,1.7946,0.9963,243.6786,0.4104,0.001354,Warning
4313,43.6082,0.997,1.796,0.9971,243.6067,0.4105,0.001457,Warning
4314,43.1548,0.9956,1.7978,0.996,244.6926,0.4087,0.001033,Warning
4315,43.4179,0.9971,1.7938,0.9967,244.0998,0.4097,0.001355,Warning
4316,43.0713,0.9958,1.7946,0.9989,243.1232,0.4113,0.001392,Warning
4317,42.2531,0.9934,1.7948,0.9951,244.3978,0.4092,0.001184,Warning
4318,42.3611,0.9946,1.7958,0.9958,244.3169,0.4093,0.001366,Warning
4319,42.3167,0.9965,1.7957,0.9966,242.3514,0.4126,0.001291,Warning
4320,43.0332,0.997,1.7949,0.9988,243.9655,0.4099,0.001002,Warning
4321,42.1016,0.9971,1.7969,0.9966,243.6384,0.4104,0.001073,Warning
4322,43.8368,0.9947,1.7965,0.9979,243.5555,0.4106,0.0015,Warning
4323,44.2595,0.9959,1.7955,0.9965,242.9211,0.4117,0.001154,Warning
4324,43.1371,0.9955,1.796,0.9951,243.4399,0.4108,0.001513,Warning
4325,41.8899,0.9957,1.7938,0.9952,244.1586,0.4096,0.001246,Warning
4326,44.2445,0.9961,1.7962,0.9955,243.2029,0.4112,0.001161,Warning
4327,41.9362,0.9963,1.7965,0.9969,242.847,0.4118,0.001374,Warning
4328,41.2603,0.997,1.7944,0.9954,243.6002,0.4105,0.001349,Warning
4329,42.734,0.9946,1.7968,0.9949,242.3199,0.4127,0.001287,Warning
4330,41.7826,0.9969,1.7945,0.9981,244.3331,0.4093,0.001556,Warning
4331,44.3055,0.9958,1.7947,0.9964,243.0502,0.4114,0.001167,Warning
4332,42.9183,0.9954,1.7949,0.9963,243.9412,0.4099,0.001501,Warning
4333,41.5171,0.9954,1.7955,0.9954,243.4047,0.4108,0.001339,Warning
4334,43.2163,0.9957,1.7948,0.9985,244.1623,0.4096,0.001421,Warning
4335,43.6069,0.9959,1.797,0.9966,243.4989,0.4107,0.001438,Warning
4336,44.0659,0.9972,1.7963,0.997,244.0528,0.4097,0.001508,Warning
4337,43.8456,0.9954,1.797,0.9969,244.0152,0.4098,0.001587,Warning
4338,43.406,0.9966,1.7953,0.998,244.0495,0.4098,0.001337,Warning
4339,43.6911,0.9982,1.7945,0.9957,245.6397,0.4071,0.001397,Warning
4340,42.9647,0.9955,1.7969,0.9991,242.9578,0.4116,0.001293,Warning
4341,42.5332,0.9964,1.7969,0.9981,244.1019,0.4097,0.001816,Warning
4342,42.3558,0.9948,1.7971,0.9966,242.3862,0.4126,0.001249,Warning
4343,43.0219,0.995,1.7946,0.9963,242.6339,0.4121,0.00144,Warning
4344,41.2642,0.9957,1.7962,0.9964,244.3586,0.4092,0.001039,Warning
4345,42.2601,0.9953,1.7964,0.9967,245.1972,0.4078,0.001152,Warning
4346,41.7068,0.9974,1.7942,0.9972,242.6981,0.412,0.0009,Warning
4347,42.5248,0.9966,1.7944,0.9971,244.0898,0.4097,0.00106,Warning
4348,42.6442,0.9972,1.7963,0.9963,243.8102,0.4102,0.001177,Warning
4349,43.7192,0.9968,1.7958,0.9968,242.6775,0.4121,0.001044,Warning
4350,42.5287,0.9956,1.7967,0.9974,243.6229,0.4105,0.001553,Warning
4351,42.077,0.9967,1.7949,0.9978,243.4628,0.4107,0.000916,Warning
4352,43.4177,0.9965,1.7952,0.9961,243.3444,0.4109,0.000931,Warning
4353,40.9436,0.9969,1.7948,0.9984,244.5668,0.4089,0.001629,Warning
4354,42.317,0.994,1.7946,0.9961,241.5704,0.414,0.001221,Warning
4355,42.6777,0.9944,1.7946,0.9963,243.7525,0.4103,0.001138,Warning
4356,43.0746,0.9958,1.7957,0.9959,242.3993,0.4125,0.001656,Warning
4357,43.3468,0.9966,1.7956,0.9964,243.857,0.4101,0.00095,Warning
4358,41.9527,0.9948,1.7952,0.9956,243.7292,0.4103,0.001334,Warning
4359,43.9605,0.9981,1.7944,0.9967,243.5779,0.4105,0.001315,Warning
4360,41.9801,0.9947,1.7959,0.9956,243.5874,0.4105,0.001269,Warning
4361,42.9631,0.9947,1.7958,0.9956,243.5871,0.4105,0.001586,Warning
4362,43.0604,0.996,1.7965,0.9951,244.8321,0.4084,0.001107,Warning
4363,43.5571,0.9964,1.7947,0.9975,243.8538,0.4101,0.001697,Warning
4364,43.0099,0.9955,1.7951,0.9948,243.1994,0.4112,0.001264,Warning
4365,43.0666,0.9942,1.7954,0.9971,243.9929,0.4098,0.000948,Warning
4366,43.4239,0.9954,1.7954,0.9941,244.6459,0.4088,0.001355,Warning
4367,41.6354,0.996,1.796,0.9977,243.2017,0.4112,0.001322,Warning
4368,42.3482,0.9962,1.7948,0.9956,243.3938,0.4109,0.001075,Warning
4369,44.1459,0.9976,1.7952,0.9951,243.7158,0.4103,0.001224,Warning
4370,43.8057,0.9948,1.7962,0.9966,242.904,0.4117,0.001369,Warning
4371,43.5706,0.9957,1.7957,0.9956,244.3589,0.4092,0.00153,Warning
4372,42.5412,0.9955,1.797,0.9954,243.9254,0.41,0.00121,Warning
4373,44.2939,0.9957,1.7969,0.9957,242.4417,0.4125,0.001275,Warning
4374,43.0833,0.9951,1.7964,0.9963,241.7739,0.4136,0.001433,Warning
4375,42.169,0.9953,1.7972,0.9983,242.9771,0.4116,0.001438,Warning
4376,42.435,0.9953,1.795,0.9948,243.512,0.4107,0.00138,Warning
4377,42.3418,0.9967,1.7952,0.9959,243.8557,0.4101,0.001015,Warning
4378,43.6057,0.9952,1.7966,0.9978,243.9451,0.4099,0.001161,Warning
4379,41.8815,0.9942,1.7967,0.9964,242.9521,0.4116,0.001297,Warning
4380,43.7485,0.9964,1.7961,0.9971,243.5741,0.4106,0.001384,Warning
4381,43.0626,0.9956,1.7964,0.9969,242.7239,0.412,0.00143,Warning
4382,43.0854,0.9962,1.7955,0.9973,243.3779,0.4109,0.001469,Warning
4383,42.5242,0.9952,1.7962,0.9962,245.1901,0.4078,0.001438,Warning
4384,42.9111,0.9964,1.7951,0.9974,244.1402,0.4096,0.001576,Warning
4385,42.5404,0.9944,1.795,0.9962,244.7563,0.4086,0.001765,Warning
4386,43.1705,0.9956,1.7953,0.9973,245.1719,0.4079,0.001683,Warning
4387,43.807,0.9967,1.7964,0.9964,242.8303,0.4118,0.001322,Warning
4388,43.2363,0.9942,1.7955,0.9957,244.2291,0.4095,0.001216,Warning
4389,43.1628,0.9949,1.7972,0.9948,243.7972,0.4102,0.001071,Warning
4390,42.4945,0.9958,1.7959,0.9967,243.5364,0.4106,0.001199,Warning
4391,42.7726,0.9956,1.7958,0.9964,243.9972,0.4098,0.001346,Warning
4392,43.0667,0.9952,1.7946,0.9966,244.378,0.4092,0.001416,Warning
4393,42.2534,0.9964,1.7953,0.9972,243.1155,0.4113,0.001399,Warning
4394,42.4944,0.9951,1.794,0.997,243.7051,0.4103,0.001413,Warning
4395,43.1313,0.9948,1.7966,0.9975,242.7769,0.4119,0.001435,Warning
4396,43.6128,0.9951,1.7953,0.997,242.1977,0.4129,0.001111,Warning
4397,42.1228,0.9938,1.7967,0.9945,243.679,0.4104,0.001491,Warning
4398,42.6815,0.9949,1.7958,0.9965,244.2058,0.4095,0.000804,Warning
4399,42.1832,0.9962,1.7957,0.9972,243.6111,0.4105,0.001303,Warning
4400,42.6782,0.9979,1.7971,0.997,243.4628,0.4107,0.001438,Warning
4401,43.5833,0.996,1.7948,0.9983,243.5955,0.4105,0.001733,Warning
4402,43.0733,0.9954,1.797,0.9968,243.5037,0.4107,0.001091,Warning
4403,43.4536,0.9951,1.7951,0.996,243.7467,0.4103,0.001024,Warning
4404,42.7585,0.9966,1.7944,0.9966,242.8889,0.4117,0.00125,Warning
4405,44.2531,0.9939,1.7964,0.996,242.9704,0.4116,0.001109,Warning
4406,43.5339,0.9954,1.7953,0.9966,243.2548,0.4111,0.000932,Warning
4407,42.5399,0.9965,1.7941,0.9954,243.0481,0.4114,0.001187,Warning
4408,42.9121,0.9945,1.7952,0.9964,243.9072,0.41,0.001581,Warning
4409,42.727,0.9975,1.7954,0.9973,244.9317,0.4083,0.001361,Warning
4410,41.8392,0.9957,1.795,0.9962,244.973,0.4082,0.001088,Warning
4411,43.1802,0.9947,1.7953,0.9972,243.638,0.4104,0.001288,Warning
4412,42.4218,0.9959,1.7973,0.9956,244.9113,0.4083,0.001573,Warning
4413,44.0389,0.9959,1.7968,0.9955,242.8461,0.4118,0.001487,Warning
4414,43.1819,0.9954,1.7931,0.996,242.4398,0.4125,0.001433,Warning
4415,42.7941,0.995,1.7982,0.9975,244.2222,0.4095,0.001775,Warning
4416,43.5906,0.9948,1.7947,0.9974,241.7285,0.4137,0.001319,Warning
4417,41.2137,0.9957,1.7964,0.9967,244.125,0.4096,0.001728,Warning
4418,42.8376,0.9984,1.7958,0.9974,242.8841,0.4117,0.001659,Warning
4419,43.7876,0.9971,1.7956,0.9952,243.7398,0.4103,0.000996,Warning
4420,42.6871,0.9958,1.798,0.9968,243.4816,0.4107,0.001323,Warning
4421,41.8841,0.9957,1.7957,0.9955,242.4191,0.4125,0.00124,Warning
4422,43.0115,0.9951,1.7945,0.9968,243.7981,0.4102,0.001361,Warning
4423,42.511,0.9962,1.7954,0.9953,244.1945,0.4095,0.001408,Warning
4424,42.8678,0.994,1.7948,0.9985,242.1573,0.413,0.001287,Warning
4425,42.9519,0.9959,1.7941,0.9966,242.0136,0.4132,0.001357,Warning
4426,42.4449,0.9947,1.7964,0.9962,243.74,0.4103,0.001439,Warning
4427,43.9846,0.9944,1.7965,0.9965,243.057,0.4114,0.001108,Warning
4428,43.4557,0.9946,1.7961,0.9984,244.142,0.4096,0.001617,Warning
4429,42.397,0.9963,1.7944,0.9962,244.7495,0.4086,0.001217,Warning
4430,43.8631,0.9966,1.7966,0.9952,243.7752,0.4102,0.001308,Warning
4431,43.8466,0.9939,1.7959,0.9967,241.7614,0.4136,0.001162,Warning
4432,41.5135,0.9948,1.7961,0.9966,243.4875,0.4107,0.001132,Warning
4433,43.8758,0.9955,1.7956,0.9974,242.5574,0.4123,0.001386,Warning
4434,43.32,0.995,1.7962,0.9969,243.2681,0.4111,0.001314,Warning
4435,43.4018,0.9964,1.7956,0.9976,243.8743,0.41,0.000983,Warning
4436,41.8609,0.9967,1.7953,0.9966,244.2574,0.4094,0.00134,Warning
4437,43.0164,0.9947,1.7959,0.997,242.8822,0.4117,0.001157,Warning
4438,45.0894,0.9955,1.7949,0.9972,243.3024,0.411,0.001124,Warning
4439,43.3766,0.9947,1.7971,0.9969,243.12,0.4113,0.001364,Warning
4440,43.7146,0.9957,1.7977,0.9976,243.7301,0.4103,0.001155,Warning
4441,42.8763,0.996,1.7947,0.9977,242.5592,0.4123,0.001215,Warning
4442,42.5458,0.9963,1.7948,0.9946,244.2074,0.4095,0.001254,Warning
4443,42.1426,0.9948,1.7973,0.9958,243.2368,0.4111,0.001254,Warning
4444,42.0131,0.9948,1.7943,0.9974,243.4147,0.4108,0.00184,Warning
4445,42.4339,0.9947,1.7971,0.9975,243.6403,0.4104,0.001121,Warning
4446,44.3988,0.9955,1.7951,0.9976,243.3132,0.411,0.001111,Warning
4447,43.0368,0.9948,1.7925,0.9956,242.9073,0.4117,0.001113,Warning
4448,43.4666,0.9948,1.796,0.9952,244.0554,0.4097,0.001089,Warning
4449,41.135,0.9968,1.7947,0.9982,243.7782,0.4102,0.001503,Warning
4450,43.8464,0.9957,1.7957,0.9977,243.4141,0.4108,0.001199,Warning
4451,43.4804,0.9934,1.7969,0.9978,244.282,0.4094,0.001577,Warning
4452,42.9463,0.9954,1.7943,0.9982,242.934,0.4116,0.001414,Warning
4453,43.2186,0.9942,1.7938,0.9964,242.9575,0.4116,0.001328,Warning
4454,43.8695,0.9958,1.7963,0.9969,243.0659,0.4114,0.001146,Warning
4455,43.2308,0.9956,1.7965,0.9963,243.0796,0.4114,0.001301,Warning
4456,42.2858,0.997,1.7967,0.9952,243.9592,0.4099,0.000978,Warning
4457,43.8108,0.9948,1.7959,0.9945,242.3555,0.4126,0.001441,Warning
4458,42.4637,0.9947,1.7969,0.9986,244.0626,0.4097,0.001129,Warning
4459,44.437,0.994,1.7952,0.9965,244.8507,0.4084,0.00153,Warning
4460,42.657,0.9946,1.7965,0.9959,243.4834,0.4107,0.001074,Warning
4461,43.4852,0.996,1.7943,0.9975,243.7523,0.4103,0.001496,Warning
4462,42.7287,0.9957,1.7956,0.9963,243.4434,0.4108,0.0016,Warning
4463,43.8934,0.9944,1.7965,0.9976,243.1846,0.4112,0.001451,Warning
4464,43.4304,0.9947,1.7952,0.9972,242.9073,0.4117,0.001544,Warning
4465,44.081,0.9967,1.7975,0.9963,243.4443,0.4108,0.001414,Warning
4466,42.9905,0.9961,1.7938,0.9966,242.1991,0.4129,0.001157,Warning
4467,43.6269,0.9953,1.7962,0.9962,244.1846,0.4095,0.001302,Warning
4468,41.4785,0.9958,1.7934,0.995,242.5916,0.4122,0.001149,Warning
4469,42.6082,0.9945,1.7941,0.998,242.754,0.4119,0.000905,Warning
4470,42.7573,0.9944,1.7946,0.9971,242.9365,0.4116,0.00112,Warning
4471,43.4048,0.9967,1.7961,0.994,242.4015,0.4125,0.001361,Warning
4472,42.8542,0.9952,1.7945,0.995,244.8982,0.4083,0.001357,Warning
4473,43.5651,0.9955,1.7956,0.9964,242.3941,0.4126,0.001049,Warning
4474,43.3622,0.9957,1.7965,0.9972,242.6422,0.4121,0.001579,Warning
4475,43.667,0.9962,1.7978,0.9985,243.8394,0.4101,0.001466,Warning
4476,43.9221,0.9949,1.795,0.9971,242.6008,0.4122,0.001471,Warning
4477,43.1841,0.9947,1.7955,0.9977,243.3504,0.4109,0.00137,Warning
4478,43.3236,0.996,1.7952,0.9968,242.4437,0.4125,0.001194,Warning
4479,42.5253,0.996,1.7957,0.9963,243.8341,0.4101,0.001429,Warning
4480,42.832,0.9945,1.7947,0.9949,243.3925,0.4109,0.001182,Warning
4481,42.6695,0.9954,1.7966,0.9973,243.2347,0.4111,0.001607,Warning
4482,41.4577,0.9974,1.7962,0.9965,242.5639,0.4123,0.001267,Warning
4483,43.5569,0.9961,1.7962,0.9957,242.5316,0.4123,0.001394,Warning
4484,43.6871,0.9955,1.797,0.9964,243.2734,0.4111,0.001489,Warning
4485,44.0484,0.9942,1.7944,0.9961,245.7997,0.4068,0.001303,Warning
4486,42.9774,0.9961,1.7965,0.9966,244.2025,0.4095,0.001117,Warning
4487,42.4637,0.9967,1.7955,0.9951,242.2115,0.4129,0.001194,Warning
4488,43.0801,0.996,1.7952,0.9968,242.9183,0.4117,0.001601,Warning
4489,45.1217,0.9951,1.796,0.9968,243.3775,0.4109,0.001487,Warning
4490,43.4651,0.995,1.7968,0.9966,242.9572,0.4116,0.001846,Warning
4491,42.9908,0.9958,1.7957,0.9963,243.6224,0.4105,0.001188,Warning
4492,43.5628,0.9937,1.7942,0.9982,242.2571,0.4128,0.000966,Warning
4493,42.1023,0.9972,1.7937,0.9954,242.0939,0.4131,0.001303,Warning
4494,42.7404,0.995,1.7974,0.9952,243.1772,0.4112,0.001426,Warning
4495,42.3068,0.996,1.7951,0.9968,243.1711,0.4112,0.000948,Warning
4496,44.1377,0.9976,1.7953,0.9955,244.4608,0.4091,0.001737,Warning
4497,42.9596,0.9953,1.7954,0.9947,243.0216,0.4115,0.001702,Warning
4498,42.9614,0.9945,1.796,0.9957,243.1998,0.4112,0.001106,Warning
4499,42.2689,0.9962,1.7956,0.9956,243.3471,0.4109,0.001238,Warning
4500,42.473,0.9967,1.7963,0.9964,243.3655,0.4109,0.001358,Warning
4501,43.4914,0.9947,1.7964,0.9968,243.0381,0.4115,0.001263,Warning
4502,43.7765,0.9953,1.7948,0.996,243.8624,0.4101,0.001038,Warning
4503,42.8211,0.9966,1.7953,0.9967,244.1149,0.4096,0.001539,Warning
4504,42.7552,0.9954,1.7964,0.9973,243.1736,0.4112,0.00135,Warning
4505,43.3231,0.9969,1.7966,0.9971,242.3796,0.4126,0.001307,Warning
4506,42.933,0.9969,1.7953,0.9976,242.7844,0.4119,0.001264,Warning
4507,43.4978,0.9971,1.7953,0.9938,241.9882,0.4132,0.001422,Warning
4508,41.9346,0.9946,1.7955,0.9939,242.9342,0.4116,0.001129,Warning
4509,41.9169,0.9947,1.7944,0.9969,244.1937,0.4095,0.00129,Warning
4510,42.6411,0.9951,1.7944,0.9951,241.9186,0.4134,0.001097,Warning
4511,44.4254,0.9948,1.7925,0.9958,241.9612,0.4133,0.001375,Warning
4512,43.0829,0.9955,1.7954,0.996,242.0673,0.4131,0.001349,Warning
4513,43.9385,0.9973,1.7952,0.9963,243.6308,0.4105,0.001663,Warning
4514,42.7362,0.9962,1.7947,0.9967,244.0055,0.4098,0.001106,Warning
4515,42.7069,0.9964,1.7961,0.9974,243.9063,0.41,0.001296,Warning
4516,44.8882,0.9956,1.7924,0.9961,242.8507,0.4118,0.001524,Warning
4517,42.7697,0.9966,1.796,0.9954,243.1122,0.4113,0.00121,Warning
4518,43.2802,0.9947,1.7956,0.9961,243.1012,0.4114,0.001776,Warning
4519,42.8458,0.9935,1.7965,0.9974,241.6383,0.4138,0.001226,Warning
4520,43.4846,0.996,1.7955,0.9964,242.4691,0.4124,0.000886,Warning
4521,44.7774,0.9945,1.7957,0.9962,243.9363,0.4099,0.001389,Warning
4522,43.2624,0.9928,1.7946,0.9971,243.7407,0.4103,0.001176,Warning
4523,41.879,0.9956,1.7926,0.9952,244.6236,0.4088,0.001656,Warning
4524,43.533,0.9958,1.7935,0.9956,242.9779,0.4116,0.001223,Warning
4525,42.8648,0.9968,1.7949,0.996,243.8041,0.4102,0.001084,Warning
4526,42.4746,0.9947,1.7955,0.996,242.9603,0.4116,0.001235,Warning
4527,42.2919,0.9961,1.7951,0.997,242.3202,0.4127,0.001235,Warning
4528,42.9735,0.9953,1.7962,0.9959,243.8054,0.4102,0.001443,Warning
4529,43.0667,0.9945,1.7962,0.9955,243.1895,0.4112,0.001358,Warning
4530,42.9883,0.9951,1.7946,0.9948,244.328,0.4093,0.001271,Warning
4531,43.0533,0.9953,1.7966,0.9983,243.3314,0.411,0.001338,Warning
4532,42.2588,0.994,1.7937,0.9956,241.5293,0.414,0.001585,Warning
4533,43.4979,0.9952,1.7966,0.9953,242.5445,0.4123,0.000983,Warning
4534,43.7807,0.9947,1.7955,0.9974,244.2957,0.4093,0.001364,Warning
4535,43.4704,0.9946,1.7971,0.9962,243.2617,0.4111,0.001289,Warning
4536,44.1242,0.9957,1.7962,0.9967,243.0197,0.4115,0.001557,Warning
4537,43.4429,0.9945,1.7945,0.9965,243.9205,0.41,0.001699,Warning
4538,41.7466,0.9955,1.796,0.9967,244.0005,0.4098,0.001503,Warning
4539,42.3818,0.9944,1.7958,0.9974,243.3062,0.411,0.001056,Warning
4540,42.3343,0.9962,1.7951,0.9965,244.0423,0.4098,0.001132,Warning
4541,42.8424,0.9949,1.7958,0.9971,242.0043,0.4132,0.001371,Warning
4542,43.8711,0.9936,1.7954,0.9952,242.6737,0.4121,0.000872,Warning
4543,44.2916,0.9951,1.7946,0.9967,242.3517,0.4126,0.001145,Warning
4544,44.3875,0.9973,1.7949,0.9974,243.4688,0.4107,0.00109,Warning
4545,42.4385,0.997,1.794,0.9986,242.7254,0.412,0.00169,Warning
4546,42.9383,0.9963,1.7968,0.9978,242.7135,0.412,0.001202,Warning
4547,43.1196,0.9942,1.7957,0.9955,244.0457,0.4098,0.00126,Warning
4548,41.7926,0.9969,1.7956,0.9964,244.0535,0.4097,0.001549,Warning
4549,42.5787,0.995,1.7943,0.9949,243.6394,0.4104,0.001453,Warning
4550,43.7987,0.9967,1.7962,0.9972,241.5126,0.4141,0.001314,Warning
4551,43.9635,0.9943,1.7955,0.9969,243.5278,0.4106,0.001449,Warning
4552,43.6727,0.9956,1.794,0.9969,243.3998,0.4108,0.001086,Warning
4553,44.2992,0.996,1.7941,0.9955,242.7193,0.412,0.001263,Warning
4554,43.4316,0.9945,1.7966,0.9974,243.6645,0.4104,0.001385,Warning
4555,43.949,0.9952,1.7947,0.9975,243.4215,0.4108,0.00124,Warning
4556,42.8666,0.9947,1.7975,0.9964,243.2922,0.411,0.001521,Warning
4557,42.2303,0.9965,1.7948,0.9982,242.9144,0.4117,0.001585,Warning
4558,41.207,0.9943,1.7951,0.9943,243.6437,0.4104,0.00144,Warning
4559,42.4135,0.9954,1.7962,0.9942,242.1427,0.413,0.001311,Warning
4560,43.227,0.9954,1.7963,0.9968,243.7173,0.4103,0.0011,Warning
4561,43.3257,0.9951,1.7969,0.9965,242.6233,0.4122,0.001549,Warning
4562,43.6622,0.9946,1.7951,0.996,244.139,0.4096,0.001419,Warning
4563,43.7948,0.9949,1.7958,0.9977,242.8666,0.4117,0.001402,Warning
4564,42.1246,0.9947,1.7951,0.9953,244.2116,0.4095,0.001212,Warning
4565,43.8464,0.9956,1.7955,0.9978,241.344,0.4143,0.00134,Warning
4566,42.3545,0.9935,1.7942,0.9964,242.5707,0.4123,0.001559,Warning
4567,43.0495,0.9951,1.7951,0.9962,242.8147,0.4118,0.00121,Warning
4568,44.0137,0.9948,1.795,0.9968,243.403,0.4108,0.001202,Warning
4569,43.8282,0.996,1.7956,0.9959,242.8211,0.4118,0.00134,Warning
4570,42.2405,0.9954,1.7963,0.9972,242.8403,0.4118,0.001594,Warning
4571,44.7525,0.9951,1.7961,0.9941,242.137,0.413,0.0014,Warning
4572,42.4242,0.9975,1.796,0.9973,243.1188,0.4113,0.001181,Warning
4573,42.8164,0.9957,1.7948,0.997,243.7096,0.4103,0.001383,Warning
4574,41.7727,0.9971,1.7952,0.9991,243.661,0.4104,0.00134,Warning
4575,43.5933,0.9934,1.7965,0.9989,241.4661,0.4141,0.001325,Warning
4576,43.1525,0.9963,1.7975,0.9967,244.8494,0.4084,0.001417,Warning
4577,43.5997,0.9958,1.7966,0.9959,243.7891,0.4102,0.001137,Warning
4578,43.0128,0.9948,1.7955,0.996,244.0387,0.4098,0.001208,Warning
4579,41.8571,0.9941,1.7964,0.9954,243.4498,0.4108,0.001325,Warning
4580,43.9034,0.9952,1.7982,0.9982,242.8778,0.4117,0.001294,Warning
4581,45.7517,0.9943,1.7954,0.9964,243.1266,0.4113,0.001037,Warning
4582,43.6449,0.9944,1.7969,0.9949,243.1746,0.4112,0.000941,Warning
4583,41.5259,0.9946,1.7947,0.9978,243.093,0.4114,0.001643,Warning
4584,42.9474,0.996,1.7947,0.9955,241.6673,0.4138,0.001452,Warning
4585,43.4627,0.9962,1.7956,0.9984,243.2633,0.4111,0.001584,Warning
4586,42.9955,0.9945,1.7961,0.9962,243.7866,0.4102,0.001456,Warning
4587,42.6222,0.9965,1.7945,0.997,244.1448,0.4096,0.001309,Warning
4588,44.1832,0.9958,1.7963,0.9955,243.2894,0.411,0.001105,Warning
4589,44.6292,0.9934,1.7951,0.9954,243.6563,0.4104,0.001771,Warning
4590,43.7859,0.9984,1.794,0.995,242.4005,0.4125,0.001411,Warning
4591,42.4423,0.9947,1.796,0.9951,242.2069,0.4129,0.001308,Warning
4592,43.022,0.9964,1.7945,0.9956,243.5773,0.4105,0.001548,Warning
4593,44.4104,0.9959,1.7955,0.9969,242.8966,0.4117,0.001333,Warning
4594,41.8499,0.9963,1.7956,0.9971,240.8564,0.4152,0.001379,Warning
4595,42.5863,0.9969,1.796,0.9966,242.762,0.4119,0.001468,Warning
4596,42.5303,0.9953,1.7948,0.9986,244.282,0.4094,0.001601,Warning
4597,42.0824,0.9963,1.7956,0.9975,243.3624,0.4109,0.001388,Warning
4598,43.4634,0.9936,1.7946,0.9967,244.0145,0.4098,0.001279,Warning
4599,43.2456,0.9938,1.7969,0.9974,243.6232,0.4105,0.001471,Warning
4600,44.522,0.9946,1.7945,0.9974,243.8955,0.41,0.001151,Warning
4601,42.8567,0.9971,1.7958,0.9971,242.1713,0.4129,0.001522,Warning
4602,42.148,0.9934,1.7961,0.9978,242.894,0.4117,0.001281,Warning
4603,44.6541,0.9952,1.7953,0.998,242.8126,0.4118,0.00126,Warning
4604,43.9396,0.9947,1.7953,0.995,243.2423,0.4111,0.001405,Warning
4605,44.0634,0.9963,1.7959,0.9967,243.0339,0.4115,0.001513,Warning
4606,42.4009,0.993,1.7966,0.997,242.9894,0.4115,0.001607,Warning
4607,42.7074,0.9947,1.7945,0.9969,241.8231,0.4135,0.001239,Warning
4608,43.5262,0.9942,1.7947,0.9941,243.5726,0.4106,0.001255,Warning
4609,42.4168,0.9941,1.795,0.9947,244.6404,0.4088,0.000916,Warning
4610,42.9375,0.9955,1.7946,0.9965,242.4453,0.4125,0.001699,Warning
4611,42.4047,0.993,1.7941,0.9967,242.9892,0.4115,0.001544,Warning
4612,43.703,0.9948,1.7949,0.9959,244.5895,0.4088,0.001532,Warning
4613,44.8167,0.9962,1.7953,0.9953,243.2417,0.4111,0.001382,Warning
4614,43.2303,0.9952,1.7933,0.9976,243.0386,0.4115,0.001111,Warning
4615,43.6924,0.9945,1.7959,0.9972,243.8932,0.41,0.001362,Warning
4616,42.9778,0.9948,1.7947,0.9963,242.9085,0.4117,0.00123,Warning
4617,42.3956,0.9953,1.7949,0.9952,243.739,0.4103,0.00175,Warning
4618,44.0825,0.9947,1.7953,0.9978,242.134,0.413,0.001552,Warning
4619,42.1557,0.9971,1.795,0.9985,244.454,0.4091,0.001374,Warning
4620,42.7405,0.9956,1.7952,0.9959,241.7435,0.4137,0.001293,Warning
4621,42.4294,0.9959,1.7964,0.997,243.3424,0.4109,0.001226,Warning
4622,43.4839,0.9962,1.7948,0.9964,242.9506,0.4116,0.001729,Warning
4623,44.0026,0.996,1.7937,0.9965,242.9415,0.4116,0.001364,Warning
4624,42.0725,0.9943,1.7953,0.9974,242.5916,0.4122,0.001317,Warning
4625,44.7499,0.9951,1.7952,0.9962,241.9861,0.4132,0.001512,Warning
4626,42.8045,0.9953,1.7958,0.9982,242.0068,0.4132,0.001571,Warning
4627,44.0236,0.9947,1.796,0.9979,242.4475,0.4125,0.001446,Warning
4628,43.6542,0.9959,1.7961,0.9965,243.4687,0.4107,0.001216,Warning
4629,43.4634,0.9949,1.7941,0.9958,243.2721,0.4111,0.001486,Warning
4630,42.3192,0.9944,1.7961,0.9968,243.7647,0.4102,0.001673,Warning
4631,43.7661,0.995,1.7955,0.998,245.2651,0.4077,0.001492,Warning
4632,43.766,0.9961,1.7954,0.9975,243.8584,0.4101,0.00147,Warning
4633,43.085,0.9938,1.7961,0.9965,242.4603,0.4124,0.001174,Warning
4634,43.8703,0.9938,1.7957,0.9971,243.4889,0.4107,0.001322,Warning
4635,42.3435,0.996,1.7966,0.9957,243.453,0.4108,0.001717,Warning
4636,43.6159,0.995,1.7964,0.9956,242.0074,0.4132,0.001563,Warning
4637,43.0217,0.995,1.7947,0.9958,244.1669,0.4096,0.001734,Warning
4638,44.7844,0.9965,1.7958,0.9949,242.893,0.4117,0.001833,Warning
4639,43.0017,0.9969,1.7954,0.9936,243.5539,0.4106,0.001655,Warning
4640,43.3128,0.9966,1.7937,0.9949,243.2039,0.4112,0.001497,Warning
4641,44.4391,0.996,1.7942,0.9965,243.5191,0.4106,0.001027,Warning
4642,43.3207,0.995,1.7947,0.9968,242.1173,0.413,0.001486,Warning
4643,43.805,0.9964,1.7942,0.9948,243.2586,0.4111,0.001346,Warning
4644,45.6813,0.9958,1.7954,0.9961,242.0596,0.4131,0.001516,Warning
4645,43.2977,0.9953,1.7954,0.9965,241.6411,0.4138,0.001571,Warning
4646,42.6856,0.9952,1.7966,0.9981,241.6706,0.4138,0.00141,Warning
4647,43.5829,0.9938,1.7962,0.9964,243.1848,0.4112,0.001221,Warning
4648,43.6967,0.9962,1.7955,0.9958,242.6791,0.4121,0.001448,Warning
4649,43.4072,0.9963,1.7949,0.9951,243.314,0.411,0.001309,Warning
4650,43.9969,0.9954,1.796,0.9953,243.1397,0.4113,0.001265,Warning
4651,42.3955,0.9945,1.7948,0.9975,242.5667,0.4123,0.001151,Warning
4652,43.4788,0.9954,1.7949,0.9961,243.803,0.4102,0.00154,Warning
4653,43.8428,0.9942,1.7982,0.9973,243.4341,0.4108,0.001173,Warning
4654,44.1354,0.9948,1.7952,0.9946,242.0258,0.4132,0.001494,Warning
4655,44.184,0.996,1.796,0.9962,242.6921,0.412,0.001464,Warning
4656,44.0379,0.9953,1.7966,0.9961,242.2318,0.4128,0.001405,Warning
4657,43.4674,0.9953,1.7966,0.9971,241.8697,0.4134,0.001714,Warning
4658,41.1913,0.9975,1.7951,0.9961,242.965,0.4116,0.001484,Warning
4659,43.386,0.9952,1.7966,0.9968,242.2445,0.4128,0.001556,Warning
4660,43.8073,0.9948,1.7961,0.9961,242.8327,0.4118,0.001358,Warning
4661,41.4473,0.9948,1.7961,0.9962,241.9804,0.4133,0.001601,Warning
4662,43.1527,0.9941,1.7975,0.9952,243.7106,0.4103,0.001255,Warning
4663,43.5021,0.9944,1.7941,0.9968,243.3297,0.411,0.001638,Warning
4664,43.3677,0.9976,1.7956,0.9968,241.9173,0.4134,0.001286,Warning
4665,43.8127,0.9953,1.7955,0.9955,243.1001,0.4114,0.001433,Warning
4666,42.4545,0.996,1.7936,0.9965,244.4135,0.4091,0.001546,Warning
4667,43.94,0.9944,1.7971,0.9976,242.3246,0.4127,0.001315,Warning
4668,44.4061,0.9971,1.7941,0.9953,242.883,0.4117,0.000976,Warning
4669,43.4194,0.9965,1.7939,0.9964,242.5311,0.4123,0.001739,Warning
4670,42.9502,0.9968,1.7947,0.997,243.1966,0.4112,0.001383,Warning
4671,42.7754,0.9957,1.7949,0.9956,244.1717,0.4095,0.001521,Warning
4672,43.9245,0.9949,1.7951,0.996,243.2618,0.4111,0.00154,Warning
4673,43.3872,0.9945,1.7961,0.9963,241.8378,0.4135,0.000985,Warning
4674,43.6515,0.9945,1.7958,0.9955,243.0955,0.4114,0.001337,Warning
4675,44.8165,0.9963,1.7967,0.9963,243.6454,0.4104,0.001431,Warning
4676,44.5925,0.9953,1.7939,0.9943,244.3206,0.4093,0.001509,Warning
4677,43.854,0.9968,1.7937,0.9959,242.7956,0.4119,0.001562,Warning
4678,42.8663,0.9941,1.7941,0.9974,242.389,0.4126,0.001303,Warning
4679,43.9298,0.9946,1.7936,0.9947,242.9361,0.4116,0.001513,Warning
4680,43.2622,0.9958,1.7937,0.9947,244.7831,0.4085,0.001661,Warning
4681,44.041,0.9947,1.7951,0.9963,244.03,0.4098,0.001495,Warning
4682,43.8483,0.9952,1.7961,0.9966,243.0122,0.4115,0.001266,Warning
4683,43.3385,0.9942,1.7953,0.9963,241.0519,0.4148,0.001369,Warning
4684,42.4905,0.9958,1.796,0.9958,243.4132,0.4108,0.001533,Warning
4685,43.2492,0.9968,1.7946,0.9977,242.7923,0.4119,0.001247,Warning
4686,43.1536,0.9942,1.7961,0.9946,244.0827,0.4097,0.001229,Warning
4687,44.1059,0.9953,1.7956,0.9957,243.2517,0.4111,0.001443,Warning
4688,42.2721,0.9943,1.7948,0.9955,243.9702,0.4099,0.001418,Warning
4689,42.8173,0.9948,1.7948,0.996,242.1062,0.413,0.001254,Warning
4690,44.0553,0.9955,1.7952,0.9963,242.9286,0.4116,0.001375,Warning
4691,43.8575,0.9958,1.7937,0.9961,241.7588,0.4136,0.001544,Warning
4692,44.0597,0.9947,1.7952,0.9941,243.7402,0.4103,0.00156,Warning
4693,44.3675,0.9968,1.7941,0.9971,244.1439,0.4096,0.001119,Warning
4694,43.3122,0.9949,1.7962,0.9939,244.4118,0.4091,0.001396,Warning
4695,44.1839,0.9952,1.7958,0.9939,242.6496,0.4121,0.001588,Warning
4696,43.6838,0.9937,1.7954,0.9954,242.2317,0.4128,0.001115,Warning
4697,43.9496,0.9964,1.7974,0.9948,243.5684,0.4106,0.001586,Warning
4698,42.992,0.9944,1.7942,0.9957,243.1151,0.4113,0.001691,Warning
4699,44.3425,0.9937,1.7945,0.9975,242.3666,0.4126,0.001408,Warning
4700,42.0958,0.9965,1.7934,0.9946,243.7907,0.4102,0.001804,Warning
4701,43.2293,0.9953,1.7962,0.9965,242.6499,0.4121,0.001323,Warning
4702,42.2102,0.9955,1.7952,0.9958,242.1455,0.413,0.00124,Warning
4703,43.9601,0.9962,1.795,0.9958,242.2626,0.4128,0.001608,Warning
4704,43.492,0.9957,1.7957,0.9959,242.0117,0.4132,0.001222,Warning
4705,44.3713,0.9946,1.7949,0.9951,241.9696,0.4133,0.001268,Warning
4706,44.8215,0.996,1.7948,0.9973,242.8192,0.4118,0.001693,Warning
4707,45.242,0.9963,1.7954,0.9969,242.9516,0.4116,0.001055,Warning
4708,42.9507,0.9943,1.7946,0.998,243.8357,0.4101,0.001511,Warning
4709,44.1261,0.9934,1.796,0.9972,241.1447,0.4147,0.001576,Warning
4710,42.3387,0.9933,1.7966,0.9952,242.3622,0.4126,0.001621,Warning
4711,43.2356,0.9951,1.7951,0.9966,242.7524,0.4119,0.001446,Warning
4712,43.0788,0.9956,1.7956,0.9981,242.627,0.4122,0.001387,Warning
4713,43.6745,0.9963,1.7942,0.9963,240.9242,0.4151,0.00137,Warning
4714,44.3434,0.9946,1.7955,0.9957,242.2415,0.4128,0.001618,Warning
4715,42.6508,0.9956,1.7956,0.9954,243.052,0.4114,0.001238,Warning
4716,43.9062,0.994,1.7949,0.996,243.8164,0.4101,0.001453,Warning
4717,44.2546,0.9958,1.7958,0.9959,243.7412,0.4103,0.001354,Warning
4718,42.1085,0.9951,1.7957,0.9946,242.2149,0.4129,0.001179,Warning
4719,44.1236,0.997,1.7951,0.9968,243.3259,0.411,0.001736,Warning
4720,42.974,0.9951,1.7949,0.9963,244.9235,0.4083,0.001432,Warning
4721,42.814,0.9941,1.7965,0.9954,243.4494,0.4108,0.00129,Warning
4722,42.4862,0.9959,1.7946,0.9966,243.3164,0.411,0.001536,Warning
4723,43.2869,0.996,1.7944,0.9938,243.481,0.4107,0.00146,Warning
4724,43.0151,0.9938,1.7932,0.9963,244.233,0.4094,0.001399,Warning
4725,43.2159,0.9953,1.7975,0.997,242.1656,0.4129,0.001433,Warning
4726,43.7727,0.9942,1.796,0.9954,241.7022,0.4137,0.001443,Warning
4727,43.4429,0.9953,1.7945,0.9956,243.8123,0.4102,0.001516,Warning
4728,42.745,0.9933,1.7944,0.9964,242.4025,0.4125,0.001286,Warning
4729,43.0409,0.9952,1.7961,0.9962,242.956,0.4116,0.001384,Warning
4730,43.1145,0.9962,1.796,0.9983,243.3935,0.4109,0.001329,Warning
4731,42.7921,0.9962,1.7945,0.997,242.2956,0.4127,0.001499,Warning
4732,42.6698,0.996,1.794,0.9965,242.7437,0.412,0.00145,Warning
4733,43.2028,0.9948,1.7954,0.9952,242.0941,0.4131,0.001358,Warning
4734,43.2032,0.9943,1.7962,0.9959,242.7177,0.412,0.001165,Warning
4735,45.1803,0.9977,1.7945,0.9974,242.824,0.4118,0.001751,Warning
4736,43.7938,0.9954,1.7928,0.9953,242.9124,0.4117,0.001471,Warning
4737,42.5547,0.9945,1.7958,0.9948,243.0015,0.4115,0.001679,Warning
4738,43.8368,0.9956,1.7932,0.9954,244.5364,0.4089,0.001312,Warning
4739,44.5418,0.9947,1.795,0.9967,242.9721,0.4116,0.001508,Warning
4740,42.8773,0.9941,1.7944,0.9957,242.7066,0.412,0.001639,Warning
4741,43.6037,0.9957,1.7954,0.9951,242.9023,0.4117,0.001458,Warning
4742,44.1435,0.9942,1.7932,0.9964,243.1701,0.4112,0.001397,Warning
4743,43.5598,0.9961,1.7948,0.9959,242.9487,0.4116,0.001189,Warning
4744,43.4177,0.9952,1.7969,0.9959,243.044,0.4114,0.001617,Warning
4745,42.871,0.9966,1.797,0.9962,242.451,0.4125,0.001759,Warning
4746,44.1793,0.9953,1.7967,0.9975,242.612,0.4122,0.001484,Warning
4747,44.006,0.9953,1.7939,0.9953,241.7929,0.4136,0.001533,Warning
4748,42.5989,0.9954,1.7971,0.9976,241.4081,0.4142,0.001179,Warning
4749,42.927,0.9941,1.7936,0.9962,243.4406,0.4108,0.001626,Warning
4750,43.1704,0.995,1.7956,0.9961,243.5235,0.4106,0.001521,Warning
4751,43.2508,0.9934,1.7967,0.9955,243.1595,0.4113,0.001052,Warning
4752,43.5445,0.9953,1.7954,0.9992,242.3671,0.4126,0.0016,Warning
4753,43.974,0.9946,1.7961,0.996,243.5707,0.4106,0.001828,Warning
4754,43.6778,0.995,1.7963,0.9976,242.1624,0.4129,0.001346,Warning
4755,44.0993,0.9951,1.7943,0.9967,243.4047,0.4108,0.00137,Warning
4756,43.6099,0.9947,1.7941,0.9957,242.9251,0.4116,0.001142,Warning
4757,43.2234,0.9953,1.7964,0.9959,241.8678,0.4134,0.001395,Warning
4758,43.1111,0.9958,1.7949,0.9935,245.8163,0.4068,0.001466,Warning
4759,43.6376,0.9937,1.7938,0.9961,243.1304,0.4113,0.001578,Warning
4760,43.758,0.9941,1.7927,0.9961,242.4328,0.4125,0.001185,Warning
4761,44.2322,0.9937,1.7959,0.9948,242.9658,0.4116,0.001625,Warning
4762,43.3013,0.9969,1.7972,0.9964,243.2901,0.411,0.001651,Warning
4763,44.0089,0.9957,1.7947,0.9945,241.7434,0.4137,0.001915,Warning
4764,43.8332,0.995,1.7965,0.9954,243.3205,0.411,0.001455,Warning
4765,43.945,0.9949,1.7943,0.9954,242.2254,0.4128,0.001439,Warning
4766,42.3339,0.994,1.7954,0.9961,243.0032,0.4115,0.001431,Warning
4767,45.5958,0.9954,1.7949,0.9963,243.6655,0.4104,0.00143,Warning
4768,44.1302,0.9956,1.7949,0.9963,244.1271,0.4096,0.001489,Warning
4769,42.7954,0.9949,1.7931,0.9963,243.8961,0.41,0.001172,Warning
4770,43.7058,0.9962,1.7963,0.9975,241.3504,0.4143,0.001542,Warning
4771,42.3833,0.9942,1.7961,0.9963,243.4246,0.4108,0.001255,Warning
4772,44.7685,0.9959,1.7961,0.9951,243.7791,0.4102,0.001378,Warning
4773,43.1024,0.9959,1.7958,0.9953,244.4855,0.409,0.001805,Warning
4774,44.0772,0.9957,1.7956,0.9946,242.9292,0.4116,0.001462,Warning
4775,43.1342,0.9949,1.7928,0.9951,243.575,0.4106,0.001789,Warning
4776,42.8421,0.9954,1.7963,0.9957,243.377,0.4109,0.001436,Warning
4777,44.5509,0.9939,1.7941,0.9965,242.9115,0.4117,0.001432,Warning
4778,44.0611,0.9943,1.7939,0.9957,242.5224,0.4123,0.001387,Warning
4779,44.6174,0.996,1.7958,0.9964,242.4841,0.4124,0.001273,Warning
4780,42.6463,0.9945,1.7952,0.995,242.9656,0.4116,0.001405,Warning
4781,43.288,0.9964,1.7928,0.9958,240.9466,0.415,0.001492,Warning
4782,44.2173,0.9939,1.794,0.9945,242.8779,0.4117,0.001376,Warning
4783,43.3865,0.9948,1.7942,0.9973,243.0434,0.4114,0.001208,Warning
4784,43.0508,0.9943,1.7966,0.9969,242.7228,0.412,0.001787,Warning
4785,44.7746,0.995,1.7948,0.9958,242.0603,0.4131,0.001792,Warning
4786,42.8097,0.9961,1.7959,0.9959,244.269,0.4094,0.001134,Warning
4787,43.5528,0.9947,1.7962,0.9965,241.4377,0.4142,0.001694,Warning
4788,44.0068,0.9942,1.7949,0.9949,242.6813,0.4121,0.001476,Warning
4789,43.3525,0.9948,1.7936,0.9965,241.2769,0.4145,0.001453,Warning
4790,42.1827,0.9953,1.7952,0.9966,243.5048,0.4107,0.001657,Warning
4791,42.3358,0.9952,1.7972,0.9963,242.1484,0.413,0.001431,Warning
4792,43.3187,0.994,1.7961,0.9968,241.7444,0.4137,0.001429,Warning
4793,43.1742,0.9936,1.7938,0.9949,242.7638,0.4119,0.001356,Warning
4794,42.8618,0.9948,1.796,0.9965,243.6105,0.4105,0.001403,Warning
4795,44.913,0.9956,1.7947,0.9963,241.809,0.4135,0.001387,Warning
4796,43.9768,0.9958,1.7948,0.9989,242.6682,0.4121,0.001113,Warning
4797,44.6052,0.9958,1.7954,0.9957,243.1192,0.4113,0.001773,Warning
4798,43.7977,0.9937,1.7917,0.9965,242.0143,0.4132,0.001429,Warning
4799,42.9909,0.9943,1.7944,0.9955,243.4225,0.4108,0.001564,Warning
4800,42.6736,0.9941,1.7956,0.9972,243.6297,0.4105,0.001249,Warning
4801,44.4332,0.9934,1.795,0.9966,241.1355,0.4147,0.001869,Warning
4802,44.705,0.9958,1.7942,0.9961,243.4293,0.4108,0.001226,Warning
4803,43.501,0.9961,1.7937,0.9965,241.3917,0.4143,0.001262,Warning
4804,43.2435,0.9957,1.7945,0.9963,242.2442,0.4128,0.001345,Warning
4805,44.6495,0.994,1.796,0.9962,242.3321,0.4127,0.001208,Warning
4806,42.7338,0.9945,1.795,0.9968,242.5508,0.4123,0.001405,Warning
4807,43.5854,0.9957,1.7958,0.9948,242.5638,0.4123,0.001698,Warning
4808,42.6015,0.9953,1.795,0.9956,244.0606,0.4097,0.00146,Warning
4809,44.8651,0.9952,1.7957,0.9956,242.3336,0.4127,0.001535,Warning
4810,44.0002,0.9958,1.7956,0.9948,242.1399,0.413,0.001623,Warning
4811,42.093,0.9955,1.7951,0.997,243.1168,0.4113,0.001321,Warning
4812,43.0941,0.9947,1.7958,0.9938,242.9079,0.4117,0.001277,Warning
4813,43.8161,0.9955,1.7935,0.9959,242.905,0.4117,0.001471,Warning
4814,43.5674,0.994,1.7941,0.9948,243.2222,0.4111,0.001431,Warning
4815,43.6256,0.9935,1.7952,0.9968,241.304,0.4144,0.001347,Warning
4816,42.4125,0.9948,1.7943,0.9965,242.9114,0.4117,0.001713,Warning
4817,43.6273,0.9955,1.7946,0.995,243.4423,0.4108,0.001704,Warning
4818,44.2369,0.9953,1.7942,0.9973,243.2366,0.4111,0.00186,Warning
4819,42.7507,0.996,1.7957,0.9958,243.8626,0.4101,0.001536,Warning
4820,42.9265,0.9951,1.7942,0.9957,243.3331,0.411,0.001654,Warning
4821,43.8548,0.9944,1.7956,0.9969,241.1908,0.4146,0.00148,Warning
4822,43.5274,0.9961,1.7956,0.9966,242.3815,0.4126,0.001457,Warning
4823,44.4363,0.9951,1.7954,0.9946,242.7107,0.412,0.001055,Warning
4824,43.2703,0.9952,1.7959,0.9951,243.0629,0.4114,0.001751,Warning
4825,43.1724,0.9936,1.7955,0.9949,242.1073,0.413,0.001642,Warning
4826,45.1883,0.9942,1.7944,0.9957,242.3228,0.4127,0.001844,Warning
4827,43.2641,0.9948,1.7968,0.9967,243.5482,0.4106,0.001277,Warning
4828,43.2663,0.9941,1.796,0.9974,242.2782,0.4127,0.001386,Warning
4829,43.4358,0.9936,1.7945,0.9969,242.0562,0.4131,0.001477,Warning
4830,42.6476,0.995,1.7946,0.9949,243.3873,0.4109,0.001628,Warning
4831,42.9202,0.995,1.7952,0.9943,241.6358,0.4138,0.001717,Warning
4832,42.8455,0.9964,1.7938,0.9968,242.503,0.4124,0.001425,Warning
4833,45.1841,0.9939,1.7958,0.9967,245.4342,0.4074,0.001244,Warning
4834,43.2004,0.996,1.795,0.9957,243.515,0.4107,0.001407,Warning
4835,42.9895,0.9959,1.7955,0.9958,242.4593,0.4124,0.001278,Warning
4836,44.2849,0.9948,1.7944,0.9948,243.0597,0.4114,0.001359,Warning
4837,42.0965,0.994,1.7949,0.9959,242.5497,0.4123,0.001385,Warning
4838,42.5277,0.9943,1.7963,0.9972,243.2054,0.4112,0.001559,Warning
4839,44.434,0.994,1.7952,0.995,241.8592,0.4135,0.001535,Warning
4840,44.4694,0.995,1.7968,0.9963,242.1186,0.413,0.001245,Warning
4841,44.5283,0.9953,1.7958,0.9935,242.9342,0.4116,0.00136,Warning
4842,42.6006,0.9951,1.7962,0.9984,242.9307,0.4116,0.001321,Warning
4843,43.1018,0.9961,1.7942,0.9967,242.9704,0.4116,0.0015,Warning
4844,42.4647,0.9948,1.7937,0.9955,243.4677,0.4107,0.001709,Warning
4845,43.8922,0.9946,1.7967,0.9955,241.824,0.4135,0.001603,Warning
4846,44.089,0.9946,1.7953,0.9966,242.8939,0.4117,0.001556,Warning
4847,43.32,0.9957,1.7952,0.9957,242.5328,0.4123,0.001445,Warning
4848,42.5701,0.9945,1.7952,0.9948,242.2321,0.4128,0.001941,Warning
4849,42.8248,0.9948,1.7943,0.996,242.0746,0.4131,0.001416,Warning
4850,43.1552,0.9962,1.7952,0.9951,243.3976,0.4109,0.001273,Warning
4851,42.4805,0.9951,1.7971,0.9943,241.6587,0.4138,0.001616,Warning
4852,43.2197,0.9958,1.7943,0.9963,244.1176,0.4096,0.001227,Warning
4853,44.5544,0.9958,1.7937,0.9967,242.7787,0.4119,0.001484,Warning
4854,44.0064,0.9948,1.7952,0.9964,243.3158,0.411,0.001161,Warning
4855,44.7717,0.994,1.7959,0.9962,241.6926,0.4137,0.001572,Warning
4856,42.9845,0.9962,1.7944,0.9946,243.9431,0.4099,0.001503,Warning
4857,44.4364,0.9943,1.7933,0.9978,242.7094,0.412,0.001565,Warning
4858,44.2697,0.9948,1.7954,0.9977,242.687,0.4121,0.001656,Warning
4859,42.1532,0.9963,1.7936,0.9971,243.024,0.4115,0.001449,Warning
4860,43.6683,0.9949,1.7943,0.9959,244.4764,0.409,0.001728,Warning
4861,43.053,0.9954,1.7952,0.996,241.9063,0.4134,0.001557,Warning
4862,44.4285,0.9943,1.7971,0.9976,243.1455,0.4113,0.001222,Warning
4863,44.0745,0.9954,1.7957,0.9977,242.5647,0.4123,0.001878,Warning
4864,44.0804,0.9948,1.7975,0.9969,242.3402,0.4126,0.001486,Warning
4865,44.2652,0.995,1.7953,0.9953,241.3543,0.4143,0.001491,Warning
4866,43.8708,0.9957,1.7946,0.9948,241.9287,0.4133,0.001681,Warning
4867,43.2273,0.9947,1.7948,0.9955,242.1449,0.413,0.001296,Warning
4868,44.8829,0.9958,1.7964,0.9976,240.8181,0.4153,0.001539,Warning
4869,43.2953,0.9962,1.7944,0.9951,241.5493,0.414,0.00141,Warning
4870,44.498,0.9954,1.7939,0.9983,243.2146,0.4112,0.001626,Warning
4871,44.7958,0.9935,1.7942,0.9969,242.0449,0.4131,0.001416,Warning
4872,43.7074,0.9939,1.7948,0.997,243.2756,0.4111,0.001694,Warning
4873,44.5793,0.9955,1.7955,0.9964,242.1889,0.4129,0.001266,Warning
4874,43.2215,0.9948,1.7945,0.9965,242.8505,0.4118,0.001534,Warning
4875,44.0561,0.9963,1.7951,0.9971,243.1008,0.4114,0.001698,Warning
4876,45.0685,0.9957,1.7952,0.9962,242.3099,0.4127,0.001372,Warning
4877,44.5003,0.9942,1.7967,0.9959,244.9742,0.4082,0.001334,Warning
4878,43.9806,0.9948,1.7943,0.9972,241.7986,0.4136,0.001338,Warning
4879,44.2513,0.9959,1.7937,0.9967,242.7846,0.4119,0.00129,Warning
4880,43.1529,0.9931,1.7968,0.9971,241.6487,0.4138,0.001634,Warning
4881,43.3266,0.996,1.7946,0.9957,242.4478,0.4125,0.001343,Warning
4882,44.907,0.996,1.7952,0.9971,241.3753,0.4143,0.001229,Warning
4883,44.169,0.9959,1.7954,0.9942,241.8256,0.4135,0.001558,Warning
4884,45.7324,0.9963,1.7967,0.9964,242.94,0.4116,0.001269,Warning
4885,44.5545,0.995,1.7958,0.9961,242.8958,0.4117,0.001458,Warning
4886,43.9745,0.9961,1.7938,0.9946,243.0117,0.4115,0.001764,Warning
4887,45.1508,0.9939,1.7947,0.9946,242.229,0.4128,0.001701,Warning
4888,43.7881,0.9947,1.7957,0.9953,243.9424,0.4099,0.001478,Warning
4889,43.4788,0.9957,1.7961,0.9977,242.4985,0.4124,0.001694,Warning
4890,43.883,0.9945,1.7943,0.995,242.0716,0.4131,0.0017,Warning
4891,44.3692,0.9939,1.7934,0.995,242.0421,0.4132,0.001417,Warning
4892,44.7439,0.9946,1.7968,0.9944,242.3831,0.4126,0.001635,Warning
4893,44.4852,0.9948,1.7961,0.9969,242.1148,0.413,0.001541,Warning
4894,44.3721,0.9945,1.7968,0.9952,242.7743,0.4119,0.001228,Warning
4895,43.8937,0.994,1.7948,0.9945,243.2974,0.411,0.00155,Warning
4896,44.6827,0.9948,1.7962,0.9961,242.7465,0.412,0.001902,Warning
4897,43.4269,0.9963,1.7956,0.9955,241.6019,0.4139,0.001272,Warning
4898,44.7209,0.9968,1.7952,0.9962,243.2742,0.4111,0.001494,Warning
4899,44.698,0.9954,1.7952,0.9954,241.8953,0.4134,0.000848,Warning
4900,44.8073,0.995,1.7947,0.9941,242.1379,0.413,0.001326,Warning
4901,43.186,0.9954,1.7952,0.9947,241.6102,0.4139,0.00122,Warning
4902,45.272,0.9966,1.7942,0.9941,242.7494,0.4119,0.00149,Warning
4903,44.0789,0.9958,1.7955,0.995,242.8807,0.4117,0.001652,Warning
4904,43.248,0.9954,1.7945,0.9981,241.5825,0.4139,0.001712,Warning
4905,42.4923,0.9969,1.794,0.9963,241.3391,0.4144,0.001212,Warning
4906,44.549,0.9961,1.7953,0.9968,243.4769,0.4107,0.001345,Warning
4907,42.7134,0.9951,1.7945,0.9965,243.0779,0.4114,0.001346,Warning
4908,44.3977,0.9957,1.7958,0.9957,243.2619,0.4111,0.001586,Warning
4909,44.3483,0.9968,1.7954,0.9955,241.7481,0.4137,0.001708,Warning
4910,44.1238,0.9968,1.7931,0.997,242.4261,0.4125,0.001412,Warning
4911,43.228,0.996,1.7957,0.9949,242.7654,0.4119,0.001625,Warning
4912,43.984,0.9962,1.7948,0.9938,242.7814,0.4119,0.00152,Warning
4913,44.0923,0.9962,1.7931,0.9958,241.8924,0.4134,0.001242,Warning
4914,43.7874,0.9958,1.7954,0.9954,242.5126,0.4123,0.00167,Warning
4915,44.3935,0.9945,1.7945,0.9944,242.284,0.4127,0.001137,Warning
4916,45.5025,0.9942,1.7962,0.9979,242.799,0.4119,0.001465,Warning
4917,42.7927,0.9946,1.7967,0.9964,242.6472,0.4121,0.001748,Warning
4918,44.4094,0.9949,1.7953,0.9953,242.1742,0.4129,0.001444,Warning
4919,44.3002,0.9938,1.7952,0.9957,241.9008,0.4134,0.001409,Warning
4920,41.9989,0.9943,1.794,0.9958,240.7962,0.4153,0.001524,Warning
4921,44.5853,0.995,1.7956,0.9956,241.3748,0.4143,0.001487,Warning
4922,44.4039,0.9938,1.7946,0.9958,244.8981,0.4083,0.001531,Warning
4923,42.3369,0.9929,1.7958,0.9985,242.3907,0.4126,0.001419,Warning
4924,44.2078,0.9943,1.7925,0.9971,242.1235,0.413,0.001697,Warning
4925,43.2562,0.9952,1.7959,0.9971,242.7989,0.4119,0.001524,Warning
4926,44.3626,0.9955,1.7938,0.9948,240.9238,0.4151,0.001641,Warning
4927,43.552,0.9959,1.7955,0.9951,242.5133,0.4123,0.001397,Warning
4928,43.383,0.996,1.7976,0.9972,242.5864,0.4122,0.00174,Warning
4929,45.2425,0.9937,1.7963,0.9968,243.557,0.4106,0.001651,Warning
4930,43.6918,0.9971,1.7954,0.9956,243.0098,0.4115,0.001683,Warning
4931,43.9516,0.9955,1.7952,0.9954,241.946,0.4133,0.001209,Warning
4932,45.092,0.9948,1.7916,0.9965,242.9027,0.4117,0.001116,Warning
4933,43.2135,0.9942,1.7943,0.9973,242.4814,0.4124,0.001404,Warning
4934,44.7791,0.9956,1.7933,0.9954,242.8566,0.4118,0.001303,Warning
4935,45.5066,0.9952,1.7943,0.9949,243.3395,0.4109,0.001361,Warning
4936,44.1887,0.9939,1.7951,0.9954,242.3437,0.4126,0.001332,Warning
4937,44.7071,0.9946,1.7949,0.996,243.8843,0.41,0.001669,Warning
4938,44.5209,0.9935,1.7944,0.9972,241.6563,0.4138,0.001508,Warning
4939,43.038,0.9941,1.7967,0.9968,243.378,0.4109,0.001648,Warning
4940,43.7806,0.9944,1.7947,0.9959,244.011,0.4098,0.001225,Warning
4941,43.4509,0.9941,1.7961,0.9979,242.8355,0.4118,0.001571,Warning
4942,43.9687,0.9955,1.7958,0.9965,242.9861,0.4115,0.001648,Warning
4943,42.4748,0.9951,1.7954,0.9965,242.4488,0.4125,0.001525,Warning
4944,43.3233,0.9933,1.796,0.9949,242.4556,0.4124,0.001343,Warning
4945,45.1706,0.995,1.7947,0.9968,244.3077,0.4093,0.001575,Warning
4946,43.6009,0.9958,1.7935,0.9961,244.1762,0.4095,0.001525,Warning
4947,43.9908,0.9951,1.7947,0.9964,243.1997,0.4112,0.001428,Warning
4948,41.9138,0.9955,1.7972,0.9957,241.4011,0.4142,0.00163,Warning
4949,45.3033,0.9956,1.7968,0.9968,243.142,0.4113,0.001391,Warning
4950,44.1383,0.995,1.795,0.9958,242.7555,0.4119,0.001236,Warning
4951,44.5612,0.9942,1.7948,0.9964,241.8317,0.4135,0.001102,Warning
4952,43.6072,0.9936,1.7958,0.9949,243.7601,0.4102,0.001494,Warning
4953,43.9627,0.9931,1.7952,0.996,241.5312,0.414,0.001513,Warning
4954,43.5989,0.9948,1.7951,0.9956,242.7662,0.4119,0.001479,Warning
4955,44.2972,0.9945,1.794,0.9953,243.7216,0.4103,0.001688,Warning
4956,44.8915,0.9963,1.7946,0.9963,242.6267,0.4122,0.001629,Warning
4957,43.6913,0.9951,1.7951,0.9966,243.0891,0.4114,0.001516,Warning
4958,44.0236,0.9953,1.7967,0.9943,241.7873,0.4136,0.001632,Warning
4959,44.142,0.9953,1.7957,0.9962,242.1141,0.413,0.001623,Warning
4960,43.9447,0.9946,1.7957,0.9967,242.7318,0.412,0.001841,Warning
4961,44.9913,0.996,1.7976,0.9959,242.1867,0.4129,0.00167,Warning
4962,43.7295,0.995,1.7941,0.9966,241.3802,0.4143,0.001479,Warning
4963,43.9211,0.9946,1.7933,0.9943,241.9586,0.4133,0.001607,Warning
4964,44.1663,0.995,1.7942,0.9964,241.1148,0.4147,0.00102,Warning
4965,43.7425,0.9945,1.796,0.9962,243.8731,0.41,0.00139,Warning
4966,44.3282,0.9948,1.7964,0.9958,243.2345,0.4111,0.001284,Warning
4967,43.6084,0.9949,1.7963,0.9938,242.2834,0.4127,0.001427,Warning
4968,42.2808,0.9946,1.7935,0.9937,242.3381,0.4126,0.001441,Warning
4969,43.7482,0.9953,1.7942,0.9978,242.5199,0.4123,0.001758,Warning
4970,42.6021,0.9942,1.7957,0.9958,241.6865,0.4138,0.001133,Warning
4971,44.5344,0.9957,1.7953,0.9955,241.653,0.4138,0.001491,Warning
4972,42.8973,0.9943,1.7963,0.9942,243.084,0.4114,0.0018,Warning
4973,44.6044,0.9954,1.7946,0.9954,240.742,0.4154,0.001509,Warning
4974,43.6314,0.9943,1.795,0.9961,242.0306,0.4132,0.001825,Warning
4975,44.5395,0.9959,1.7949,0.9965,241.8209,0.4135,0.001636,Warning
4976,43.7933,0.994,1.795,0.9957,244.3945,0.4092,0.00159,Warning
4977,45.2224,0.9962,1.7951,0.9956,241.1423,0.4147,0.001329,Warning
4978,44.4906,0.9947,1.7954,0.994,242.8958,0.4117,0.001723,Warning
4979,42.5416,0.9954,1.7964,0.9977,242.1287,0.413,0.00166,Warning
4980,45.1078,0.9954,1.7963,0.996,242.8455,0.4118,0.00138,Warning
4981,43.8341,0.9955,1.7943,0.9958,243.1372,0.4113,0.001915,Warning
4982,42.328,0.997,1.7948,0.997,243.4559,0.4108,0.001817,Warning
4983,43.387,0.9948,1.795,0.9957,243.5805,0.4105,0.00149,Warning
4984,42.6764,0.9944,1.7934,0.9958,243.062,0.4114,0.001374,Warning
4985,43.6506,0.9947,1.7952,0.9965,243.1683,0.4112,0.001957,Warning
4986,44.0736,0.9957,1.7934,0.9956,242.3047,0.4127,0.001302,Warning
4987,43.5478,0.9949,1.7945,0.9986,242.9293,0.4116,0.001906,Warning
4988,45.1725,0.9944,1.795,0.9956,242.3885,0.4126,0.001311,Warning
4989,43.627,0.9954,1.7953,0.9963,242.4688,0.4124,0.001679,Warning
4990,43.7764,0.9964,1.7932,0.9967,242.9057,0.4117,0.001372,Warning
4991,43.6996,0.9955,1.7959,0.9943,243.0161,0.4115,0.001416,Warning
4992,44.8858,0.9932,1.7975,0.9951,243.656,0.4104,0.001494,Warning
4993,43.3325,0.9953,1.796,0.9945,243.0718,0.4114,0.001505,Warning
4994,44.4508,0.995,1.7944,0.9949,243.0471,0.4114,0.001642,Warning
4995,44.5208,0.9954,1.7959,0.9974,241.0064,0.4149,0.00104,Warning
4996,45.3672,0.9937,1.7939,0.9957,241.1828,0.4146,0.001432,Warning
4997,43.2361,0.9948,1.7953,0.9957,242.1893,0.4129,0.001561,Warning
4998,44.8318,0.9966,1.7948,0.9978,243.2044,0.4112,0.001263,Warning
4999,42.9892,0.9944,1.7964,0.9955,240.9876,0.415,0.001464,Warning
5000,42.4155,0.9939,1.7944,0.9961,243.3193,0.411,0.001649,Warning
5001,43.0583,0.9946,1.7951,0.9957,242.2831,0.4127,0.001166,Warning
5002,43.0814,0.9946,1.7919,0.9966,241.3989,0.4143,0.001648,Warning
5003,44.4845,0.9945,1.796,0.9967,242.2483,0.4128,0.001427,Warning
5004,44.885,0.9952,1.796,0.9936,242.5728,0.4122,0.001196,Warning
5005,43.9884,0.9957,1.7967,0.9951,242.0719,0.4131,0.001492,Warning
5006,43.2312,0.996,1.7949,0.9961,242.9871,0.4115,0.001497,Warning
5007,43.3586,0.9949,1.7941,0.9961,243.2871,0.411,0.001277,Warning
5008,42.7885,0.995,1.7942,0.996,242.7443,0.412,0.001084,Warning
5009,44.5681,0.9938,1.795,0.9953,242.0449,0.4131,0.001851,Warning
5010,44.2734,0.9959,1.7951,0.9966,242.8189,0.4118,0.001564,Warning
5011,44.9055,0.9951,1.7973,0.997,241.5719,0.414,0.001478,Warning
5012,44.3393,0.995,1.7957,0.9968,241.3943,0.4143,0.00177,Warning
5013,43.6259,0.9944,1.7944,0.9968,242.2668,0.4128,0.001381,Warning
5014,43.686,0.9932,1.7941,0.9947,242.2637,0.4128,0.001647,Warning
5015,44.4701,0.9962,1.796,0.9955,242.4928,0.4124,0.001508,Warning
5016,42.308,0.9938,1.7948,0.9958,242.8859,0.4117,0.001608,Warning
5017,42.614,0.9955,1.7952,0.9966,243.328,0.411,0.001487,Warning
5018,45.0289,0.9941,1.794,0.9964,242.178,0.4129,0.001568,Warning
5019,45.6286,0.9954,1.7952,0.9951,241.1115,0.4147,0.001501,Warning
5020,44.8895,0.9947,1.7954,0.9974,243.5912,0.4105,0.001602,Warning
5021,44.1739,0.9935,1.7943,0.9957,241.7866,0.4136,0.001566,Warning
5022,45.5689,0.9965,1.7952,0.9968,241.8841,0.4134,0.001809,Warning
5023,42.7918,0.9959,1.7955,0.9952,242.2985,0.4127,0.00129,Warning
5024,43.1699,0.9934,1.7957,0.9972,240.7346,0.4154,0.001885,Warning
5025,44.0354,0.9953,1.7935,0.9973,242.6227,0.4122,0.001745,Warning
5026,45.0235,0.9963,1.7943,0.9958,241.9716,0.4133,0.001697,Warning
5027,44.3149,0.996,1.7961,0.9943,243.5401,0.4106,0.001708,Warning
5028,43.755,0.9953,1.7948,0.9966,242.1609,0.4129,0.001614,Warning
5029,44.106,0.9945,1.7952,0.9987,241.9081,0.4134,0.001469,Warning
5030,43.5195,0.9944,1.7958,0.9967,242.4503,0.4125,0.001724,Warning
5031,44.6906,0.9948,1.7934,0.9968,242.5892,0.4122,0.001524,Warning
5032,43.6848,0.9957,1.7953,0.9957,241.4716,0.4141,0.001733,Warning
5033,44.5433,0.9952,1.7923,0.9959,242.2575,0.4128,0.001396,Warning
5034,44.6646,0.9957,1.7954,0.997,241.6312,0.4139,0.001429,Warning
5035,44.1228,0.9943,1.7957,0.9954,243.4862,0.4107,0.001334,Warning
5036,45.7704,0.997,1.7949,0.9971,242.1257,0.413,0.001723,Warning
5037,43.9258,0.9937,1.7914,0.9957,242.6678,0.4121,0.001787,Warning
5038,44.0977,0.996,1.7945,0.9956,243.2862,0.411,0.001028,Warning
5039,44.0806,0.9946,1.7963,0.9954,242.8548,0.4118,0.001706,Warning
5040,42.8779,0.9948,1.7945,0.9969,242.9801,0.4116,0.001475,Warning
5041,43.2359,0.996,1.7949,0.9943,241.2126,0.4146,0.00161,Warning
5042,43.055,0.9968,1.794,0.996,242.5643,0.4123,0.001377,Warning
5043,42.2855,0.9951,1.7942,0.9961,242.3376,0.4126,0.001576,Warning
5044,45.3287,0.9944,1.7945,0.9943,242.2779,0.4127,0.001605,Warning
5045,43.6942,0.9954,1.7948,0.9947,242.6821,0.4121,0.001482,Warning
5046,44.181,0.9944,1.7943,0.9961,242.2465,0.4128,0.001869,Warning
5047,44.7236,0.9955,1.7948,0.9939,241.7834,0.4136,0.001395,Warning
5048,43.8664,0.9949,1.7956,0.9962,243.3554,0.4109,0.001462,Warning
5049,44.2939,0.9953,1.7952,0.9972,243.0695,0.4114,0.001261,Warning
5050,43.9985,0.9949,1.7971,0.9956,241.639,0.4138,0.001613,Warning
5051,44.4894,0.9949,1.7947,0.9969,241.7406,0.4137,0.001457,Warning
5052,43.6759,0.996,1.7952,0.9949,241.6504,0.4138,0.0019,Warning
5053,44.962,0.9958,1.795,0.9975,241.5378,0.414,0.001676,Warning
5054,43.7426,0.9947,1.7957,0.9958,242.0712,0.4131,0.001427,Warning
5055,42.5099,0.9957,1.7939,0.9978,242.1874,0.4129,0.001788,Warning
5056,42.6536,0.9957,1.7959,0.9973,241.1936,0.4146,0.001386,Warning
5057,44.5638,0.9951,1.7952,0.9956,243.6551,0.4104,0.002049,Warning
5058,44.1876,0.9954,1.795,0.9972,243.0763,0.4114,0.001314,Warning
5059,43.616,0.9939,1.7976,0.9966,241.935,0.4133,0.001393,Warning
5060,44.7522,0.9958,1.7957,0.9955,242.6547,0.4121,0.00155,Warning
5061,43.3608,0.994,1.7954,0.9961,242.8512,0.4118,0.001687,Warning
5062,45.3111,0.9942,1.7956,0.9967,242.1573,0.413,0.001553,Warning
5063,43.8842,0.997,1.795,0.9964,242.1943,0.4129,0.001433,Warning
5064,43.0736,0.996,1.7957,0.9956,241.6837,0.4138,0.001565,Warning
5065,43.7188,0.9947,1.7937,0.9962,242.5921,0.4122,0.001748,Warning
5066,43.9982,0.9946,1.7934,0.997,243.1153,0.4113,0.001536,Warning
5067,43.0572,0.9937,1.7944,0.9969,242.6318,0.4121,0.001231,Warning
5068,44.4458,0.9941,1.7944,0.9969,243.0104,0.4115,0.001749,Warning
5069,44.1057,0.9958,1.7943,0.9957,242.1355,0.413,0.001535,Warning
5070,43.0968,0.9947,1.7964,0.9949,241.3315,0.4144,0.001281,Warning
5071,46.2573,0.9954,1.7947,0.996,242.5756,0.4122,0.001403,Warning
5072,43.7158,0.9948,1.7942,0.9955,242.6745,0.4121,0.001332,Warning
5073,46.2194,0.9957,1.7937,0.9935,241.8405,0.4135,0.001669,Warning
5074,44.5256,0.9948,1.7943,0.995,242.0669,0.4131,0.00133,Warning
5075,43.8159,0.9963,1.7942,0.9966,242.9982,0.4115,0.001317,Warning
5076,43.4621,0.996,1.794,0.9959,244.018,0.4098,0.001729,Warning
5077,44.2068,0.9958,1.7949,0.997,240.7475,0.4154,0.001505,Warning
5078,42.4713,0.9951,1.7947,0.9973,242.9525,0.4116,0.001428,Warning
5079,43.8172,0.9953,1.7943,0.9959,243.4349,0.4108,0.001368,Warning
5080,43.7859,0.9946,1.7981,0.9965,243.2857,0.411,0.001688,Warning
5081,44.8141,0.9954,1.7953,0.9945,242.6648,0.4121,0.001513,Warning
5082,44.584,0.9948,1.7957,0.9969,240.0473,0.4166,0.001448,Warning
5083,42.6635,0.9952,1.7946,0.9973,242.5413,0.4123,0.001438,Warning
5084,44.9021,0.9946,1.7944,0.9963,243.6644,0.4104,0.001706,Warning
5085,44.6065,0.9977,1.7942,0.9952,242.489,0.4124,0.001839,Warning
5086,43.4015,0.9967,1.7935,0.9958,242.5098,0.4124,0.001359,Warning
5087,43.6596,0.9957,1.7964,0.9938,242.5137,0.4123,0.001513,Warning
5088,44.2443,0.9946,1.7936,0.9975,243.2955,0.411,0.001516,Warning
5089,43.7695,0.9943,1.7923,0.9963,242.9908,0.4115,0.001564,Warning
5090,44.0929,0.995,1.7941,0.9954,242.2319,0.4128,0.001676,Warning
5091,45.2669,0.9947,1.7939,0.996,243.9727,0.4099,0.001346,Warning
5092,44.8743,0.9962,1.7945,0.9952,242.822,0.4118,0.001608,Warning
5093,44.7232,0.997,1.7951,0.9947,242.4138,0.4125,0.001586,Warning
5094,45.1829,0.9947,1.7945,0.9946,242.7969,0.4119,0.002208,Warning
5095,43.9929,0.9954,1.7944,0.9946,242.7049,0.412,0.001544,Warning
5096,42.2644,0.9965,1.7953,0.996,242.0184,0.4132,0.00162,Warning
5097,44.5357,0.9953,1.796,0.9972,243.959,0.4099,0.001372,Warning
5098,43.7177,0.9953,1.7941,0.9953,242.7332,0.412,0.00172,Warning
5099,45.1989,0.9947,1.7954,0.9962,242.3656,0.4126,0.001376,Warning
5100,43.4254,0.9956,1.7941,0.9941,242.3246,0.4127,0.001831,Warning
5101,41.9459,0.9946,1.7956,0.9941,242.1778,0.4129,0.001312,Warning
5102,43.3779,0.9945,1.7938,0.9947,242.2996,0.4127,0.001986,Warning
5103,44.7916,0.9959,1.7957,0.9952,242.5942,0.4122,0.00176,Warning
5104,44.8499,0.9951,1.7954,0.9984,243.0156,0.4115,0.001478,Warning
5105,44.1298,0.9938,1.7972,0.9975,242.4091,0.4125,0.001978,Warning
5106,44.6967,0.9945,1.7958,0.9963,243.0113,0.4115,0.001268,Warning
5107,43.5443,0.9964,1.7966,0.9973,244.1144,0.4096,0.001658,Warning
5108,44.6001,0.994,1.7943,0.9939,242.0808,0.4131,0.001131,Warning
5109,45.061,0.9953,1.7929,0.9957,243.9106,0.41,0.001518,Warning
5110,43.3993,0.9931,1.7931,0.9964,241.9879,0.4132,0.001473,Warning
5111,43.856,0.9947,1.7937,0.9962,241.1953,0.4146,0.001392,Warning
5112,45.0103,0.9953,1.7956,0.9981,242.2843,0.4127,0.001548,Warning
5113,43.9919,0.9944,1.7939,0.996,242.6145,0.4122,0.001626,Warning
5114,44.2567,0.9958,1.7949,0.9955,241.5874,0.4139,0.001234,Warning
5115,45.3753,0.9942,1.794,0.9955,242.1048,0.413,0.001872,Warning
5116,43.9463,0.9975,1.7949,0.998,243.0411,0.4115,0.001617,Warning
5117,45.4729,0.996,1.7955,0.9982,241.9258,0.4133,0.001346,Warning
5118,43.6714,0.9966,1.7963,0.9954,240.4393,0.4159,0.001504,Warning
5119,43.4036,0.9944,1.7938,0.9943,243.8281,0.4101,0.001409,Warning
5120,45.3461,0.9947,1.7937,0.9964,242.0072,0.4132,0.001505,Warning
5121,44.3337,0.9941,1.7933,0.9959,243.0896,0.4114,0.001366,Warning
5122,44.3428,0.9964,1.7948,0.996,242.3612,0.4126,0.00141,Warning
5123,43.4267,0.9939,1.7952,0.9967,242.9596,0.4116,0.001471,Warning
5124,45.0978,0.9952,1.7949,0.9926,241.6601,0.4138,0.001243,Warning
5125,44.7267,0.995,1.7938,0.9962,241.1737,0.4146,0.001339,Warning
5126,43.6586,0.9954,1.7963,0.9953,243.369,0.4109,0.001557,Warning
5127,44.4175,0.9948,1.7947,0.9963,242.9018,0.4117,0.001371,Warning
5128,44.079,0.9965,1.795,0.9962,243.2418,0.4111,0.001448,Warning
5129,44.205,0.9957,1.7961,0.9935,241.7172,0.4137,0.001349,Warning
5130,44.1349,0.9939,1.7955,0.9961,243.0164,0.4115,0.00174,Warning
5131,44.7791,0.9945,1.795,0.9954,241.2117,0.4146,0.00174,Warning
5132,44.1703,0.9934,1.7954,0.9957,240.6542,0.4155,0.001275,Warning
5133,43.6789,0.9951,1.7957,0.9966,242.7828,0.4119,0.001543,Warning
5134,45.619,0.9956,1.7951,0.9965,241.9798,0.4133,0.001539,Warning
5135,42.5774,0.9945,1.7966,0.996,242.3829,0.4126,0.00175,Warning
5136,44.5311,0.9941,1.7949,0.9948,242.4429,0.4125,0.001383,Warning
5137,44.9892,0.9944,1.794,0.9958,242.5868,0.4122,0.00131,Warning
5138,43.8314,0.995,1.7962,0.9934,242.7851,0.4119,0.001475,Warning
5139,43.8545,0.9942,1.7945,0.9965,241.8621,0.4135,0.001883,Warning
5140,44.7511,0.9951,1.7947,0.9971,243.3588,0.4109,0.00132,Warning
5141,43.6923,0.9955,1.7958,0.9956,241.6945,0.4137,0.001568,Warning
5142,45.437,0.9949,1.7936,0.996,242.9132,0.4117,0.001532,Warning
5143,45.2639,0.9957,1.7948,0.9959,240.8121,0.4153,0.001795,Warning
5144,43.9956,0.9945,1.7943,0.9963,241.381,0.4143,0.001356,Warning
5145,44.219,0.9942,1.7952,0.9953,243.5585,0.4106,0.001692,Warning
5146,44.8075,0.9942,1.7973,0.9954,241.71,0.4137,0.001695,Warning
5147,44.4208,0.994,1.797,0.9969,242.2827,0.4127,0.002034,Warning
5148,44.915,0.9948,1.7971,0.9965,242.7702,0.4119,0.001477,Warning
5149,44.3077,0.9944,1.7963,0.9943,243.3692,0.4109,0.001379,Warning
5150,44.2237,0.9946,1.7943,0.9966,242.2708,0.4128,0.001421,Warning
5151,44.395,0.9942,1.7943,0.9944,241.9133,0.4134,0.001654,Warning
5152,44.3033,0.9967,1.7975,0.9954,241.6053,0.4139,0.001782,Warning
5153,44.5436,0.996,1.7952,0.9957,242.1196,0.413,0.001642,Warning
5154,44.1083,0.9961,1.7935,0.9971,240.7703,0.4153,0.001585,Warning
5155,44.0142,0.9933,1.7928,0.9948,242.304,0.4127,0.001436,Warning
5156,43.448,0.9962,1.7936,0.9966,241.5548,0.414,0.001332,Warning
5157,43.7995,0.9955,1.7935,0.9962,241.4959,0.4141,0.001401,Warning
5158,44.6049,0.997,1.7939,0.9966,242.0128,0.4132,0.001462,Warning
5159,45.1433,0.994,1.7937,0.9963,243.5373,0.4106,0.001708,Warning
5160,43.1624,0.9942,1.7958,0.9975,242.443,0.4125,0.001442,Warning
5161,45.6066,0.9948,1.7942,0.9951,241.3025,0.4144,0.002125,Warning
5162,45.4284,0.9942,1.7966,0.9964,242.6363,0.4121,0.001415,Warning
5163,43.8821,0.9948,1.7929,0.9954,242.2591,0.4128,0.001821,Warning
5164,43.802,0.9956,1.7928,0.997,241.5337,0.414,0.001585,Warning
5165,44.6221,0.995,1.7947,0.9946,241.5409,0.414,0.001759,Warning
5166,43.8209,0.9947,1.7933,0.9967,241.1954,0.4146,0.001743,Warning
5167,43.4504,0.9958,1.7948,0.9953,243.5298,0.4106,0.001546,Warning
5168,44.013,0.9957,1.7934,0.9933,243.1744,0.4112,0.001393,Warning
5169,44.9959,0.9949,1.7937,0.9965,241.9184,0.4134,0.001345,Warning
5170,43.465,0.9931,1.7952,0.9949,242.2172,0.4129,0.001525,Warning
5171,43.5546,0.9933,1.7974,0.9958,243.7022,0.4103,0.001794,Warning
5172,44.0527,0.995,1.795,0.9977,242.9059,0.4117,0.0014,Warning
5173,44.5927,0.9956,1.7937,0.9964,243.3169,0.411,0.00139,Warning
5174,43.7377,0.996,1.7945,0.9949,242.9448,0.4116,0.001678,Warning
5175,44.3905,0.9959,1.796,0.9958,243.817,0.4101,0.001879,Warning
5176,42.7294,0.9938,1.7926,0.9955,241.267,0.4145,0.0014,Warning
5177,45.1911,0.9931,1.795,0.996,242.1686,0.4129,0.001589,Warning
5178,42.5346,0.994,1.7964,0.9947,243.5663,0.4106,0.001282,Warning
5179,43.1006,0.9939,1.796,0.9953,242.5078,0.4124,0.001578,Warning
5180,44.2804,0.9961,1.7956,0.9947,242.0095,0.4132,0.001913,Warning
5181,44.5814,0.9933,1.7934,0.9967,242.7904,0.4119,0.00138,Warning
5182,44.9257,0.9964,1.7963,0.9975,242.6714,0.4121,0.001529,Warning
5183,44.0074,0.9948,1.7939,0.9955,243.2456,0.4111,0.001243,Warning
5184,43.0987,0.9956,1.7945,0.9939,242.1749,0.4129,0.001524,Warning
5185,43.9881,0.9955,1.7935,0.9959,242.0537,0.4131,0.001573,Warning
5186,42.9491,0.9943,1.7948,0.9964,243.6981,0.4103,0.001727,Warning
5187,44.7055,0.9961,1.7945,0.9974,243.1149,0.4113,0.001477,Warning
5188,45.8776,0.9953,1.797,0.9962,241.7685,0.4136,0.001413,Warning
5189,44.0556,0.9942,1.7961,0.9958,240.9253,0.4151,0.001609,Warning
5190,44.4424,0.9943,1.7951,0.9958,242.722,0.412,0.001682,Warning
5191,44.6357,0.9935,1.7969,0.9943,242.1105,0.413,0.001348,Warning
5192,44.6627,0.9949,1.7946,0.9974,243.0988,0.4114,0.001502,Warning
5193,44.9907,0.9964,1.7959,0.9957,240.9383,0.415,0.001633,Warning
5194,44.8841,0.994,1.7948,0.9958,243.3192,0.411,0.001939,Warning
5195,45.2912,0.9947,1.796,0.9965,242.1476,0.413,0.001987,Warning
5196,43.7624,0.9954,1.7956,0.9956,242.6533,0.4121,0.001758,Warning
5197,44.5503,0.9953,1.7949,0.9966,242.0213,0.4132,0.001507,Warning
5198,44.3728,0.996,1.7931,0.9949,244.0236,0.4098,0.001624,Warning
5199,44.0326,0.9956,1.794,0.9937,242.4853,0.4124,0.001424,Warning
5200,44.4411,0.9951,1.7949,0.9941,242.221,0.4128,0.001659,Warning
5201,43.2418,0.9933,1.7937,0.9966,240.5998,0.4156,0.001736,Warning
5202,44.6772,0.9945,1.7933,0.995,242.8225,0.4118,0.001822,Warning
5203,43.5403,0.9959,1.7955,0.9958,241.6052,0.4139,0.001455,Warning
5204,45.8255,0.995,1.7961,0.9961,241.8318,0.4135,0.001688,Warning
5205,46.0953,0.9942,1.7957,0.996,241.0329,0.4149,0.001277,Warning
5206,44.0092,0.9951,1.7957,0.9943,242.7132,0.412,0.001548,Warning
5207,44.3753,0.9954,1.7965,0.9961,241.1041,0.4148,0.001535,Warning
5208,45.0561,0.9957,1.7955,0.9953,241.0937,0.4148,0.00169,Warning
5209,43.4048,0.9955,1.7955,0.9954,242.0965,0.4131,0.001612,Warning
5210,43.8861,0.9934,1.7948,0.9959,243.2738,0.4111,0.001417,Warning
5211,45.2346,0.9936,1.7934,0.9955,241.4308,0.4142,0.001302,Warning
5212,45.9371,0.9943,1.7971,0.9948,240.8152,0.4153,0.001832,Warning
5213,43.8021,0.9949,1.7934,0.9958,241.0832,0.4148,0.001559,Warning
5214,44.0061,0.995,1.7954,0.9961,242.5398,0.4123,0.001552,Warning
5215,44.0387,0.9953,1.7947,0.9958,242.4957,0.4124,0.001368,Warning
5216,45.5325,0.9945,1.7949,0.9958,242.6982,0.412,0.001643,Warning
5217,44.3507,0.9962,1.7916,0.9971,242.9107,0.4117,0.001208,Warning
5218,45.1358,0.9958,1.7953,0.9943,242.7191,0.412,0.001777,Warning
5219,43.9364,0.9952,1.7944,0.9967,241.9207,0.4134,0.00146,Warning
5220,44.3646,0.9934,1.7946,0.9962,242.866,0.4117,0.001626,Warning
5221,43.2517,0.9961,1.7962,0.9959,241.5669,0.414,0.00147,Warning
5222,44.2368,0.9951,1.7945,0.995,242.9854,0.4115,0.001628,Warning
5223,43.5595,0.9951,1.7949,0.9951,243.1215,0.4113,0.001604,Warning
5224,44.2299,0.9947,1.7952,0.9957,242.0996,0.4131,0.00179,Warning
5225,43.2703,0.9935,1.7956,0.9982,242.8637,0.4118,0.00195,Warning
5226,44.0593,0.9941,1.7952,0.9968,241.1118,0.4147,0.001535,Warning
5227,44.387,0.9941,1.7942,0.9967,242.5352,0.4123,0.001738,Warning
5228,44.6799,0.9939,1.7952,0.9949,241.9086,0.4134,0.001371,Warning
5229,43.9235,0.9949,1.7943,0.9949,243.0667,0.4114,0.001555,Warning
5230,43.9917,0.9937,1.7929,0.9956,241.0524,0.4148,0.001721,Warning
5231,44.4394,0.9963,1.795,0.9951,240.6495,0.4155,0.001741,Warning
5232,43.3784,0.9944,1.7964,0.9964,242.4639,0.4124,0.001768,Warning
5233,45.145,0.9963,1.7942,0.9954,241.4126,0.4142,0.001573,Warning
5234,44.3154,0.993,1.7941,0.9973,242.3444,0.4126,0.001723,Warning
5235,44.3266,0.9929,1.7946,0.9969,241.199,0.4146,0.00173,Warning
5236,43.0633,0.9948,1.7953,0.9955,244.124,0.4096,0.001482,Warning
5237,43.9639,0.995,1.794,0.9944,241.2664,0.4145,0.001733,Warning
5238,44.1844,0.9965,1.7943,0.9965,242.5517,0.4123,0.00149,Warning
5239,43.7272,0.993,1.7953,0.997,240.8696,0.4152,0.001508,Warning
5240,43.8985,0.9953,1.7944,0.9971,241.8325,0.4135,0.001335,Warning
5241,44.0588,0.9944,1.7953,0.9954,242.4906,0.4124,0.001424,Warning
5242,44.1999,0.994,1.7939,0.9971,241.5649,0.414,0.001513,Warning
5243,45.2731,0.9955,1.7964,0.9963,241.6552,0.4138,0.001994,Warning
5244,44.9049,0.9946,1.7948,0.996,241.9446,0.4133,0.001308,Warning
5245,45.7424,0.9947,1.7949,0.9979,241.5859,0.4139,0.001715,Warning
5246,43.809,0.9951,1.795,0.9966,243.0975,0.4114,0.001468,Warning
5247,45.5779,0.9962,1.7945,0.9958,241.734,0.4137,0.001523,Warning
5248,43.4836,0.9955,1.7927,0.9951,242.0911,0.4131,0.001844,Warning
5249,44.012,0.9952,1.7947,0.9967,242.427,0.4125,0.001751,Warning
5250,44.0095,0.9937,1.7951,0.9953,242.1493,0.413,0.001648,Warning
5251,45.4453,0.9955,1.7941,0.9947,243.4894,0.4107,0.001269,Warning
5252,44.0916,0.9954,1.7964,0.9956,242.1439,0.413,0.001411,Warning
5253,44.5567,0.9936,1.794,0.9966,241.7736,0.4136,0.001769,Warning
5254,44.3344,0.9934,1.7959,0.9945,241.6376,0.4138,0.001546,Warning
5255,45.2637,0.9942,1.7938,0.996,241.9463,0.4133,0.001493,Warning
5256,44.634,0.9935,1.793,0.9979,242.1993,0.4129,0.001622,Warning
5257,43.837,0.9956,1.7942,0.993,241.6609,0.4138,0.001531,Warning
5258,44.3283,0.9945,1.7941,0.9951,241.8746,0.4134,0.001258,Warning
5259,42.9001,0.9948,1.7949,0.9967,241.907,0.4134,0.001349,Warning
5260,42.9163,0.9938,1.7952,0.9972,242.1533,0.413,0.001345,Warning
5261,43.7659,0.9939,1.7943,0.9969,243.0676,0.4114,0.001554,Warning
5262,44.6181,0.9939,1.793,0.9976,240.249,0.4162,0.001221,Warning
5263,45.9105,0.9948,1.7936,0.9965,242.7239,0.412,0.001322,Warning
5264,44.0489,0.9956,1.7939,0.9961,243.2438,0.4111,0.001111,Warning
5265,44.204,0.995,1.7929,0.9953,242.9381,0.4116,0.001449,Warning
5266,43.2913,0.9959,1.7952,0.9957,242.0223,0.4132,0.001795,Warning
5267,44.7162,0.9954,1.794,0.9939,242.597,0.4122,0.00181,Warning
5268,44.3028,0.9956,1.7944,0.9957,243.4999,0.4107,0.001532,Warning
5269,44.2037,0.9929,1.7954,0.9951,242.2143,0.4129,0.001528,Warning
5270,44.1294,0.9946,1.7947,0.997,243.3112,0.411,0.001721,Warning
5271,45.505,0.9956,1.7952,0.9972,241.0467,0.4149,0.001454,Warning
5272,43.8329,0.9944,1.7954,0.9947,242.4942,0.4124,0.001474,Warning
5273,44.2137,0.9949,1.7964,0.9951,242.0264,0.4132,0.001376,Warning
5274,43.9156,0.9936,1.795,0.9962,242.6386,0.4121,0.001441,Warning
5275,44.9014,0.9948,1.7947,0.9945,242.2101,0.4129,0.001629,Warning
5276,44.5782,0.9951,1.7954,0.9947,241.9126,0.4134,0.001696,Warning
5277,44.2839,0.9957,1.7948,0.9938,242.756,0.4119,0.00157,Warning
5278,43.0846,0.9945,1.7935,0.9965,242.0543,0.4131,0.001409,Warning
5279,45.1509,0.9952,1.7945,0.9945,241.4075,0.4142,0.001422,Warning
5280,45.1012,0.993,1.7947,0.9955,242.9084,0.4117,0.001641,Warning
5281,44.934,0.9942,1.7935,0.9954,242.7002,0.412,0.001749,Warning
5282,44.1631,0.9939,1.7937,0.9956,242.1862,0.4129,0.001889,Warning
5283,44.6081,0.9953,1.7939,0.9958,242.1876,0.4129,0.001567,Warning
5284,44.4937,0.9948,1.7952,0.9969,240.2616,0.4162,0.001818,Warning
5285,43.1444,0.995,1.7971,0.9957,242.2165,0.4129,0.001533,Warning
5286,45.0486,0.9951,1.794,0.9957,241.1763,0.4146,0.001572,Warning
5287,44.1811,0.9948,1.794,0.9956,242.0765,0.4131,0.001612,Warning
5288,44.7378,0.9945,1.7939,0.9959,241.9249,0.4134,0.001801,Warning
5289,45.4408,0.9933,1.7953,0.9966,240.9898,0.415,0.001713,Warning
5290,45.2388,0.9938,1.7945,0.996,242.5214,0.4123,0.001399,Warning
5291,45.4494,0.9927,1.796,0.9963,241.5661,0.414,0.00177,Warning
5292,43.6874,0.9948,1.7949,0.996,241.3902,0.4143,0.001498,Warning
5293,44.6288,0.994,1.795,0.9952,242.8605,0.4118,0.00191,Warning
5294,44.2912,0.9956,1.7945,0.9948,241.7184,0.4137,0.001615,Warning
5295,43.1014,0.9953,1.7948,0.9968,242.544,0.4123,0.001622,Warning
5296,44.2481,0.9962,1.7969,0.9954,242.8898,0.4117,0.001457,Warning
5297,44.0645,0.9943,1.7954,0.9947,243.2945,0.411,0.001787,Warning
5298,45.0656,0.9944,1.7955,0.9928,242.4057,0.4125,0.001631,Warning
5299,43.0292,0.9951,1.7953,0.9939,241.1021,0.4148,0.002013,Warning
5300,44.3909,0.9957,1.7958,0.9962,242.8638,0.4118,0.001177,Warning
5301,44.3574,0.9916,1.793,0.9952,241.5162,0.4141,0.001609,Warning
5302,44.5271,0.9948,1.7949,0.9961,241.2798,0.4145,0.001456,Warning
5303,44.5159,0.9947,1.7936,0.9968,242.6253,0.4122,0.001429,Warning
5304,44.3805,0.9967,1.7949,0.9962,241.5569,0.414,0.001539,Warning
5305,45.7581,0.9948,1.7946,0.9958,244.0788,0.4097,0.001609,Warning
5306,43.8867,0.994,1.7955,0.9943,242.4015,0.4125,0.001457,Warning
5307,43.0656,0.9937,1.7947,0.9971,242.7702,0.4119,0.001543,Warning
5308,45.3321,0.9943,1.7932,0.9958,240.8333,0.4152,0.001761,Warning
5309,45.2009,0.9938,1.7948,0.9959,242.7341,0.412,0.001354,Warning
5310,45.0376,0.9934,1.7955,0.9968,241.4993,0.4141,0.001847,Warning
5311,43.3006,0.9958,1.7961,0.9961,241.8771,0.4134,0.001666,Warning
5312,44.0786,0.9973,1.7941,0.9971,241.439,0.4142,0.001923,Warning
5313,46.1733,0.9951,1.795,0.9948,241.17,0.4146,0.001663,Warning
5314,45.7318,0.9941,1.7969,0.9951,242.2125,0.4129,0.001651,Warning
5315,44.4858,0.9926,1.7941,0.9959,241.9507,0.4133,0.001732,Warning
5316,45.1743,0.9944,1.7937,0.9973,240.9416,0.415,0.001486,Warning
5317,43.8906,0.9954,1.796,0.9956,242.2083,0.4129,0.001691,Warning
5318,46.0156,0.9929,1.7954,0.9961,241.7263,0.4137,0.001671,Warning
5319,45.1669,0.9953,1.7968,0.9959,242.043,0.4131,0.001569,Warning
5320,45.0184,0.9946,1.7947,0.9958,241.9123,0.4134,0.001484,Warning
5321,44.9123,0.9944,1.7953,0.9959,241.7092,0.4137,0.001919,Warning
5322,44.4977,0.9953,1.794,0.9937,241.5634,0.414,0.001179,Warning
5323,44.3919,0.9961,1.7938,0.9936,243.2157,0.4112,0.001512,Warning
5324,44.5706,0.9955,1.7952,0.9965,242.7343,0.412,0.001258,Warning
5325,43.4535,0.9958,1.7939,0.9951,241.0022,0.4149,0.001527,Warning
5326,44.3073,0.9937,1.7936,0.9961,241.3649,0.4143,0.001487,Warning
5327,42.8396,0.9966,1.7956,0.9952,241.2902,0.4144,0.00161,Warning
5328,44.5772,0.9934,1.7921,0.9952,240.7573,0.4154,0.001643,Warning
5329,44.7347,0.9937,1.7941,0.9975,242.6266,0.4122,0.001518,Warning
5330,46.4276,0.9935,1.7939,0.9956,240.7802,0.4153,0.001967,Warning
5331,44.7423,0.9939,1.7951,0.9959,241.7598,0.4136,0.001368,Warning
5332,43.4486,0.9969,1.7933,0.9974,241.3262,0.4144,0.001768,Warning
5333,44.9717,0.9953,1.7954,0.9941,241.4594,0.4141,0.001336,Warning
5334,44.7526,0.9933,1.7927,0.9955,240.2317,0.4163,0.001662,Warning
5335,43.5969,0.9938,1.7924,0.9974,240.8272,0.4152,0.001538,Warning
5336,43.1714,0.9938,1.7964,0.996,241.4171,0.4142,0.001604,Warning
5337,44.1582,0.9946,1.7954,0.9954,242.1705,0.4129,0.001658,Warning
5338,44.3475,0.9939,1.7941,0.9964,242.6189,0.4122,0.001384,Warning
5339,44.4014,0.9939,1.7955,0.9953,243.7522,0.4103,0.001655,Warning
5340,45.5576,0.9936,1.7947,0.9963,241.1634,0.4147,0.001616,Warning
5341,45.4553,0.9943,1.7938,0.9975,241.0511,0.4148,0.001643,Warning
5342,44.049,0.9937,1.7954,0.9955,242.3117,0.4127,0.001162,Warning
5343,45.0199,0.9939,1.7928,0.9976,242.4663,0.4124,0.001658,Warning
5344,45.6187,0.9949,1.7939,0.9955,241.4413,0.4142,0.001513,Warning
5345,43.6148,0.9937,1.7955,0.9961,241.5801,0.4139,0.001408,Warning
5346,44.2985,0.993,1.7948,0.9967,243.8746,0.41,0.001393,Warning
5347,45.3476,0.9939,1.7935,0.9946,242.0921,0.4131,0.001428,Warning
5348,44.1409,0.9942,1.7939,0.9949,240.0347,0.4166,0.001632,Warning
5349,44.6823,0.9939,1.795,0.9971,241.9954,0.4132,0.001881,Warning
5350,46.4205,0.9972,1.7935,0.9945,241.6195,0.4139,0.001641,Warning
5351,45.9011,0.9953,1.7934,0.9951,241.9399,0.4133,0.001317,Warning
5352,44.6445,0.9935,1.793,0.9948,242.3008,0.4127,0.001696,Warning
5353,44.7127,0.9956,1.7955,0.9959,242.0236,0.4132,0.001642,Warning
5354,44.5191,0.9925,1.7958,0.9961,240.9959,0.4149,0.001902,Warning
5355,44.167,0.9945,1.7957,0.9959,243.0358,0.4115,0.001546,Warning
5356,45.9937,0.9939,1.796,0.9935,241.0858,0.4148,0.001676,Warning
5357,44.3222,0.9946,1.7947,0.9945,241.0718,0.4148,0.001664,Warning
5358,44.1113,0.996,1.7945,0.9964,242.3173,0.4127,0.001497,Warning
5359,43.0619,0.9958,1.7937,0.9953,241.8408,0.4135,0.001607,Warning
5360,45.4176,0.9946,1.7945,0.9967,242.4405,0.4125,0.001471,Warning
5361,43.7321,0.9938,1.7946,0.9945,242.0311,0.4132,0.001592,Warning
5362,42.6176,0.9932,1.7918,0.9954,242.8162,0.4118,0.00124,Warning
5363,43.5956,0.9945,1.7936,0.9946,242.3888,0.4126,0.00152,Warning
5364,43.4658,0.9925,1.7968,0.9968,241.5927,0.4139,0.001637,Warning
5365,44.2662,0.9951,1.7938,0.9952,242.3168,0.4127,0.00191,Warning
5366,45.2519,0.9959,1.7943,0.9951,240.4003,0.416,0.001634,Warning
5367,44.9638,0.9943,1.7939,0.9969,242.4549,0.4124,0.001883,Warning
5368,43.8995,0.9939,1.7958,0.9957,241.4927,0.4141,0.00152,Warning
5369,44.6553,0.9956,1.7945,0.9965,242.3204,0.4127,0.001445,Warning
5370,43.9627,0.9942,1.7933,0.9952,243.1557,0.4113,0.001615,Warning
5371,44.0546,0.9965,1.7937,0.9947,242.9271,0.4116,0.001754,Warning
5372,44.5656,0.9955,1.7949,0.9945,240.0239,0.4166,0.001508,Warning
5373,45.5393,0.9942,1.7951,0.9959,240.5857,0.4157,0.001541,Warning
5374,44.9603,0.9938,1.7943,0.9961,241.9971,0.4132,0.001832,Warning
5375,44.9819,0.9937,1.7941,0.9957,243.0082,0.4115,0.001528,Warning
5376,43.2907,0.9951,1.7939,0.9944,241.951,0.4133,0.001817,Warning
5377,44.2195,0.9951,1.7953,0.9965,241.3487,0.4143,0.001399,Warning
5378,43.8926,0.9954,1.7953,0.9947,243.6391,0.4104,0.001408,Warning
5379,45.4818,0.9961,1.7947,0.9949,241.3332,0.4144,0.001571,Warning
5380,45.5487,0.9934,1.7928,0.9961,242.3953,0.4125,0.002018,Warning
5381,43.5799,0.9945,1.7958,0.9958,241.7721,0.4136,0.001782,Warning
5382,44.2081,0.9955,1.7934,0.9942,241.7081,0.4137,0.001112,Warning
5383,44.7572,0.9929,1.7949,0.9959,241.8711,0.4134,0.001712,Warning
5384,44.8546,0.9943,1.7964,0.9961,242.5415,0.4123,0.00184,Warning
5385,45.2275,0.9967,1.7948,0.9957,241.4028,0.4142,0.001574,Warning
5386,44.1098,0.9953,1.7937,0.9958,242.3686,0.4126,0.001656,Warning
5387,43.9799,0.9953,1.7945,0.9928,241.1328,0.4147,0.001906,Warning
5388,45.8859,0.9951,1.7954,0.9949,241.7099,0.4137,0.001873,Warning
5389,45.0409,0.9947,1.7944,0.9969,242.8141,0.4118,0.001757,Warning
5390,44.755,0.9943,1.7953,0.9946,241.1993,0.4146,0.001337,Warning
5391,45.692,0.9939,1.795,0.9956,244.2315,0.4094,0.001716,Warning
5392,43.2159,0.9958,1.7942,0.9955,241.374,0.4143,0.001667,Warning
5393,44.8534,0.994,1.7941,0.9958,240.0363,0.4166,0.00134,Warning
5394,46.0452,0.9949,1.7941,0.994,241.8639,0.4135,0.001825,Warning
5395,46.8224,0.9965,1.7937,0.9952,240.7303,0.4154,0.00146,Warning
5396,44.5425,0.9942,1.7967,0.9944,241.8699,0.4134,0.001216,Warning
5397,44.9793,0.9933,1.7957,0.9954,240.7829,0.4153,0.001209,Warning
5398,43.9335,0.9948,1.795,0.9952,242.6436,0.4121,0.001402,Warning
5399,42.3766,0.9949,1.7959,0.997,240.8617,0.4152,0.001521,Warning
5400,45.2991,0.994,1.7947,0.995,241.0285,0.4149,0.001451,Warning
5401,45.4864,0.9946,1.7959,0.9962,243.1837,0.4112,0.001794,Warning
5402,45.3311,0.9945,1.7976,0.9958,240.3183,0.4161,0.001684,Warning
5403,43.9396,0.9956,1.7953,0.9955,241.1852,0.4146,0.00166,Warning
5404,44.2142,0.9954,1.7952,0.9986,241.5379,0.414,0.001571,Warning
5405,44.6052,0.9945,1.7956,0.9954,243.4704,0.4107,0.001748,Warning
5406,44.3422,0.9939,1.7956,0.9957,241.8982,0.4134,0.001512,Warning
5407,44.6834,0.994,1.796,0.9964,241.7497,0.4137,0.001594,Warning
5408,44.8081,0.9946,1.7936,0.9938,241.2498,0.4145,0.001607,Warning
5409,44.1459,0.9954,1.7944,0.9975,241.4373,0.4142,0.001661,Warning
5410,44.5069,0.995,1.7957,0.9963,240.2604,0.4162,0.001733,Warning
5411,43.9311,0.9943,1.7953,0.9946,242.8083,0.4118,0.001563,Warning
5412,46.4783,0.9947,1.7963,0.9969,241.3931,0.4143,0.001373,Warning
5413,44.8343,0.994,1.7962,0.9954,241.6402,0.4138,0.001355,Warning
5414,45.0806,0.9934,1.795,0.9962,241.2793,0.4145,0.001826,Warning
5415,44.5271,0.9931,1.7961,0.9947,242.2832,0.4127,0.00172,Warning
5416,45.0601,0.995,1.7936,0.9974,242.641,0.4121,0.00173,Warning
5417,43.6842,0.9936,1.7952,0.9937,242.1455,0.413,0.001369,Warning
5418,44.058,0.9932,1.7948,0.9968,242.1514,0.413,0.001727,Warning
5419,44.8886,0.9953,1.795,0.9929,242.5965,0.4122,0.001796,Warning
5420,44.4661,0.9926,1.7948,0.996,241.5176,0.414,0.001673,Warning
5421,45.6153,0.997,1.7947,0.996,241.2095,0.4146,0.001536,Warning
5422,44.6508,0.9958,1.7954,0.9976,240.6748,0.4155,0.001372,Warning
5423,45.6431,0.996,1.7946,0.9912,241.2707,0.4145,0.001704,Warning
5424,44.0437,0.9948,1.7965,0.9971,242.5111,0.4124,0.001624,Warning
5425,44.3693,0.9953,1.7946,0.9957,240.6215,0.4156,0.001495,Warning
5426,45.3683,0.9935,1.7948,0.9961,242.2377,0.4128,0.00175,Warning
5427,45.2708,0.9939,1.7931,0.9948,242.4434,0.4125,0.001398,Warning
5428,43.9379,0.9935,1.7927,0.9945,242.6583,0.4121,0.001495,Warning
5429,43.373,0.9941,1.7951,0.9938,242.6191,0.4122,0.001351,Warning
5430,44.4576,0.9942,1.794,0.9956,242.4778,0.4124,0.001631,Warning
5431,44.2913,0.995,1.7948,0.995,241.8873,0.4134,0.001489,Warning
5432,44.085,0.9954,1.795,0.9964,242.3601,0.4126,0.001462,Warning
5433,45.5804,0.9943,1.7955,0.9955,242.101,0.4131,0.001709,Warning
5434,45.4318,0.9929,1.793,0.9963,242.1341,0.413,0.001485,Warning
5435,45.0744,0.9932,1.7978,0.997,242.3453,0.4126,0.001656,Warning
5436,44.2898,0.9933,1.7945,0.9948,241.2048,0.4146,0.001357,Warning
5437,44.9863,0.9942,1.7951,0.9961,242.0281,0.4132,0.002173,Warning
5438,45.4474,0.9933,1.795,0.9956,240.7698,0.4153,0.001357,Warning
5439,45.1528,0.9953,1.7935,0.9966,242.0694,0.4131,0.001881,Warning
5440,45.6637,0.9944,1.7962,0.9945,243.7522,0.4103,0.001466,Warning
5441,44.7554,0.994,1.7942,0.9986,241.4683,0.4141,0.001813,Warning
5442,44.6073,0.9955,1.794,0.9959,242.34,0.4126,0.001498,Warning
5443,47.0036,0.9952,1.7943,0.9949,241.9089,0.4134,0.0014,Warning
5444,46.225,0.995,1.7945,0.9967,241.2568,0.4145,0.001412,Warning
5445,44.6969,0.9947,1.7951,0.9942,241.4674,0.4141,0.001027,Warning
5446,43.8569,0.9953,1.7955,0.9945,241.5713,0.414,0.001649,Warning
5447,45.6671,0.9961,1.7947,0.9954,240.6745,0.4155,0.001666,Warning
5448,46.4663,0.9958,1.7947,0.9959,241.2772,0.4145,0.001573,Warning
5449,44.9263,0.9947,1.7956,0.9966,242.243,0.4128,0.001445,Warning
5450,44.0409,0.9937,1.7948,0.9936,241.82,0.4135,0.001927,Warning
5451,45.3453,0.9942,1.7939,0.9964,242.0683,0.4131,0.001596,Warning
5452,44.3424,0.9946,1.7942,0.9964,242.8149,0.4118,0.001372,Warning
5453,43.8347,0.9959,1.7947,0.9945,242.6071,0.4122,0.001714,Warning
5454,46.5798,0.9943,1.7957,0.9942,242.9358,0.4116,0.001835,Warning
5455,46.1025,0.9957,1.7944,0.9945,241.3359,0.4144,0.001294,Warning
5456,44.0841,0.995,1.7945,0.9954,241.1815,0.4146,0.001292,Warning
5457,44.9683,0.9949,1.7936,0.9951,243.0482,0.4114,0.001879,Warning
5458,43.6369,0.9945,1.796,0.9954,241.5978,0.4139,0.001866,Warning
5459,45.6159,0.9955,1.7943,0.9963,243.0073,0.4115,0.001638,Warning
5460,44.5053,0.9958,1.7966,0.9977,241.5104,0.4141,0.001593,Warning
5461,44.0065,0.9947,1.7935,0.9951,242.3694,0.4126,0.001726,Warning
5462,43.383,0.9961,1.7935,0.9947,240.8159,0.4153,0.001516,Warning
5463,44.116,0.9937,1.7921,0.9958,241.9912,0.4132,0.002098,Warning
5464,45.2243,0.994,1.7933,0.9955,242.163,0.4129,0.001549,Warning
5465,44.8858,0.9964,1.7942,0.9937,242.5013,0.4124,0.001712,Warning
5466,43.4716,0.995,1.7935,0.9961,243.3268,0.411,0.001614,Warning
5467,45.7072,0.9933,1.793,0.9976,242.0458,0.4131,0.001777,Warning
5468,45.764,0.994,1.7954,0.9963,240.7622,0.4153,0.001953,Warning
5469,45.8897,0.9932,1.7947,0.9954,242.9311,0.4116,0.001369,Warning
5470,47.7279,0.9944,1.7953,0.997,241.6382,0.4138,0.001628,Warning
5471,44.4455,0.9936,1.7948,0.9955,241.386,0.4143,0.001561,Warning
5472,45.3106,0.9937,1.7943,0.9965,241.9898,0.4132,0.001442,Warning
5473,44.8323,0.995,1.7955,0.9949,241.3437,0.4143,0.001513,Warning
5474,44.3368,0.9949,1.7951,0.9967,241.7161,0.4137,0.001371,Warning
5475,45.3906,0.9947,1.7946,0.9943,241.6308,0.4139,0.001414,Warning
5476,45.2424,0.9941,1.794,0.9941,242.6077,0.4122,0.001601,Warning
5477,44.9282,0.9938,1.7929,0.9951,241.4873,0.4141,0.001712,Warning
5478,44.5764,0.9938,1.793,0.9957,241.1458,0.4147,0.001918,Warning
5479,44.9823,0.9951,1.7943,0.9958,241.0689,0.4148,0.001418,Warning
5480,44.8761,0.9951,1.7926,0.9951,243.2537,0.4111,0.00175,Warning
5481,46.0959,0.9939,1.7941,0.9966,242.2773,0.4128,0.001635,Warning
5482,43.8576,0.9957,1.797,0.994,242.8999,0.4117,0.001561,Warning
5483,44.6026,0.9948,1.7933,0.9956,240.4865,0.4158,0.00175,Warning
5484,46.6582,0.9939,1.7943,0.9955,242.5632,0.4123,0.001736,Warning
5485,45.6093,0.994,1.7949,0.9922,242.3065,0.4127,0.001412,Warning
5486,44.6127,0.9953,1.793,0.9967,241.6716,0.4138,0.001946,Warning
5487,44.1543,0.9927,1.7945,0.9962,242.3062,0.4127,0.001429,Warning
5488,43.5787,0.9942,1.795,0.9961,243.0257,0.4115,0.001582,Warning
5489,43.4043,0.9957,1.7947,0.9959,242.3802,0.4126,0.001909,Warning
5490,44.8636,0.9957,1.7951,0.995,241.5784,0.4139,0.00178,Warning
5491,44.3167,0.9954,1.7947,0.996,242.9159,0.4117,0.001729,Warning
5492,44.9427,0.9944,1.7944,0.9959,242.8527,0.4118,0.001535,Warning
5493,44.3374,0.9958,1.7939,0.9958,241.2871,0.4144,0.001322,Warning
5494,45.0478,0.9956,1.7944,0.9941,241.8463,0.4135,0.001507,Warning
5495,42.7954,0.9944,1.795,0.9968,243.163,0.4112,0.001789,Warning
5496,45.6397,0.9932,1.7961,0.9969,241.4623,0.4141,0.001795,Warning
5497,45.3595,0.996,1.7944,0.9949,241.3625,0.4143,0.001838,Warning
5498,43.3605,0.9915,1.7954,0.9959,241.7678,0.4136,0.001398,Warning
5499,43.5303,0.9939,1.7949,0.995,242.4716,0.4124,0.001469,Warning
5500,44.4845,0.9952,1.7941,0.9953,241.2352,0.4145,0.001494,Warning
5501,45.1851,0.995,1.7947,0.995,241.5873,0.4139,0.001979,Warning
5502,43.7667,0.9964,1.7946,0.9954,242.5097,0.4124,0.001247,Warning
5503,46.0097,0.9964,1.7956,0.9935,242.3568,0.4126,0.00199,Warning
5504,46.1414,0.9931,1.7955,0.9974,241.7676,0.4136,0.001371,Warning
5505,45.5719,0.9955,1.7944,0.9944,242.528,0.4123,0.001508,Warning
5506,45.2287,0.9961,1.7928,0.9965,241.5757,0.4139,0.001626,Warning
5507,45.3241,0.9937,1.7933,0.9938,242.7249,0.412,0.001588,Warning
5508,45.3704,0.994,1.7933,0.9962,242.0004,0.4132,0.001615,Warning
5509,45.1577,0.9935,1.7956,0.9969,242.3439,0.4126,0.001588,Warning
5510,44.9655,0.9961,1.7958,0.9976,241.1106,0.4147,0.001489,Warning
5511,45.0273,0.9949,1.7943,0.9952,242.7474,0.412,0.001645,Warning
5512,43.9494,0.9934,1.7947,0.9986,240.9512,0.415,0.001601,Warning
5513,46.8472,0.994,1.7949,0.9975,240.9693,0.415,0.001602,Warning
5514,44.5377,0.993,1.7961,0.995,241.028,0.4149,0.001575,Warning
5515,45.6701,0.9946,1.7937,0.996,242.3776,0.4126,0.00166,Warning
5516,44.741,0.9955,1.7943,0.9972,241.1199,0.4147,0.001509,Warning
5517,44.2076,0.9942,1.7945,0.9943,241.8019,0.4136,0.001778,Warning
5518,43.76,0.994,1.795,0.9945,241.4702,0.4141,0.001883,Warning
5519,46.3703,0.9949,1.7943,0.9951,242.4501,0.4125,0.001892,Warning
5520,44.0109,0.9954,1.7939,0.9947,241.5971,0.4139,0.001864,Warning
5521,45.1853,0.9948,1.7948,0.9961,241.6272,0.4139,0.001793,Warning
5522,44.4119,0.9951,1.7953,0.9963,242.3178,0.4127,0.00176,Warning
5523,45.8802,0.9922,1.7953,0.9976,241.218,0.4146,0.00152,Warning
5524,45.9723,0.9935,1.7938,0.9958,241.0748,0.4148,0.001842,Warning
5525,44.3124,0.9948,1.7948,0.9972,242.6447,0.4121,0.001562,Warning
5526,43.9352,0.9953,1.7938,0.9952,240.8631,0.4152,0.001804,Warning
5527,44.4314,0.9944,1.7945,0.9958,242.2388,0.4128,0.00162,Warning
5528,44.3573,0.9926,1.7946,0.9954,241.1396,0.4147,0.001681,Warning
5529,45.637,0.9956,1.7929,0.9952,242.4753,0.4124,0.001988,Warning
5530,44.3002,0.9958,1.7931,0.9967,241.4796,0.4141,0.001982,Warning
5531,44.5846,0.9942,1.7943,0.994,240.2935,0.4162,0.001771,Warning
5532,45.7484,0.9951,1.7932,0.9961,240.9098,0.4151,0.001751,Warning
5533,45.8644,0.9948,1.7959,0.9954,241.5272,0.414,0.001683,Warning
5534,43.8871,0.9941,1.7942,0.9953,241.9136,0.4134,0.001374,Warning
5535,44.0465,0.9956,1.7925,0.9962,241.3987,0.4143,0.001703,Warning
5536,46.2113,0.9943,1.7951,0.9956,241.6085,0.4139,0.001624,Warning
5537,45.5274,0.9937,1.7933,0.9956,241.8487,0.4135,0.001306,Warning
5538,44.96,0.9932,1.7951,0.9938,243.2331,0.4111,0.001604,Warning
5539,44.2782,0.9942,1.795,0.9965,241.4721,0.4141,0.001384,Warning
5540,44.0022,0.9947,1.7954,0.9967,241.8245,0.4135,0.001865,Warning
5541,46.5037,0.9956,1.7954,0.9948,242.4586,0.4124,0.001765,Warning
5542,45.4961,0.9957,1.7948,0.9955,240.8311,0.4152,0.001613,Warning
5543,45.1477,0.9947,1.7947,0.9965,242.3778,0.4126,0.00166,Warning
5544,44.3014,0.9948,1.7967,0.9959,241.4473,0.4142,0.00178,Warning
5545,45.4576,0.995,1.7958,0.996,242.7428,0.412,0.00172,Warning
5546,46.1928,0.9957,1.7954,0.9964,243.5222,0.4106,0.001889,Warning
5547,44.3051,0.9947,1.7942,0.9976,242.6807,0.4121,0.00208,Warning
5548,44.3784,0.9956,1.7931,0.994,241.3604,0.4143,0.001977,Warning
5549,44.1941,0.9944,1.7956,0.9964,243.4494,0.4108,0.001675,Warning
5550,44.6367,0.9934,1.7941,0.9945,240.2378,0.4163,0.002068,Warning
5551,45.0309,0.997,1.7936,0.9951,241.0532,0.4148,0.001547,Warning
5552,45.6925,0.995,1.7953,0.9969,242.5579,0.4123,0.001474,Warning
5553,44.5763,0.9946,1.7982,0.9963,241.7559,0.4136,0.001811,Warning
5554,44.5147,0.9947,1.7954,0.9955,241.0638,0.4148,0.001661,Warning
5555,44.7433,0.9931,1.7939,0.9942,240.6781,0.4155,0.001448,Warning
5556,45.7636,0.9959,1.7929,0.9971,240.7647,0.4153,0.001826,Warning
5557,45.2094,0.9951,1.7933,0.9937,241.0222,0.4149,0.001762,Warning
5558,46.5699,0.9934,1.7943,0.9948,241.6492,0.4138,0.001291,Warning
5559,46.2046,0.9945,1.7954,0.9953,241.814,0.4135,0.001903,Warning
5560,45.1134,0.9946,1.7936,0.995,240.8497,0.4152,0.00153,Warning
5561,46.0108,0.9962,1.7932,0.9959,241.4043,0.4142,0.001958,Warning
5562,45.1195,0.9944,1.7937,0.994,242.2658,0.4128,0.001749,Warning
5563,45.3154,0.9938,1.7943,0.9963,242.4412,0.4125,0.001443,Warning
5564,44.5085,0.993,1.7946,0.9964,241.431,0.4142,0.001547,Warning
5565,44.7488,0.9967,1.7956,0.9963,241.9086,0.4134,0.001677,Warning
5566,44.2935,0.9934,1.7939,0.9946,241.1647,0.4147,0.001659,Warning
5567,45.0004,0.9938,1.7949,0.9954,241.8213,0.4135,0.001531,Warning
5568,45.5767,0.9939,1.796,0.9953,241.5723,0.414,0.001799,Warning
5569,45.6737,0.9954,1.7962,0.9962,241.5929,0.4139,0.001575,Warning
5570,44.9189,0.9959,1.793,0.9947,241.4698,0.4141,0.001515,Warning
5571,44.7008,0.9962,1.7941,0.996,240.3169,0.4161,0.001461,Warning
5572,45.7757,0.9961,1.7946,0.9952,242.0389,0.4132,0.001162,Warning
5573,45.2147,0.9934,1.7952,0.9933,241.1378,0.4147,0.001674,Warning
5574,44.4238,0.9941,1.7953,0.9955,240.8945,0.4151,0.00187,Warning
5575,45.2358,0.9947,1.7935,0.993,240.9126,0.4151,0.001481,Warning
5576,44.5462,0.9936,1.7945,0.9964,242.4969,0.4124,0.00185,Warning
5577,44.3205,0.9945,1.796,0.994,242.7131,0.412,0.001484,Warning
5578,45.2754,0.9948,1.7946,0.9978,241.3923,0.4143,0.001356,Warning
5579,45.3274,0.9943,1.795,0.9964,241.6045,0.4139,0.001771,Warning
5580,45.1594,0.9962,1.794,0.9948,242.3346,0.4127,0.001498,Warning
5581,45.3595,0.9942,1.7943,0.998,242.6158,0.4122,0.001889,Warning
5582,45.4721,0.9937,1.7947,0.9961,241.7862,0.4136,0.001704,Warning
5583,44.7314,0.9947,1.7939,0.9962,240.0129,0.4166,0.001957,Warning
5584,44.0019,0.9933,1.7948,0.9961,243.2866,0.411,0.001744,Warning
5585,45.0206,0.9946,1.796,0.998,241.4747,0.4141,0.001794,Warning
5586,44.9953,0.9943,1.7963,0.9946,239.7536,0.4171,0.001749,Warning
5587,46.0174,0.9946,1.7949,0.9963,241.7082,0.4137,0.001797,Warning
5588,45.4901,0.9925,1.7945,0.994,241.5875,0.4139,0.001587,Warning
5589,45.8874,0.9947,1.7949,0.9953,242.4582,0.4124,0.001367,Warning
5590,44.3456,0.9957,1.794,0.9934,242.7771,0.4119,0.001902,Warning
5591,45.6326,0.9945,1.7961,0.9968,242.8518,0.4118,0.001826,Warning
5592,45.1638,0.994,1.7931,0.996,242.0803,0.4131,0.001618,Warning
5593,45.5583,0.9941,1.7953,0.9946,240.7664,0.4153,0.00164,Warning
5594,45.7322,0.9932,1.7955,0.9939,241.4116,0.4142,0.001406,Warning
5595,42.9831,0.9948,1.7942,0.9941,241.1942,0.4146,0.001777,Warning
5596,44.7783,0.9942,1.794,0.9949,241.1297,0.4147,0.001564,Warning
5597,44.4721,0.9934,1.794,0.9949,240.7471,0.4154,0.001842,Warning
5598,46.0625,0.9944,1.7945,0.9948,242.4566,0.4124,0.002037,Warning
5599,44.9472,0.9939,1.7947,0.9956,241.2014,0.4146,0.001784,Warning
5600,45.8305,0.9936,1.7969,0.994,240.9186,0.4151,0.001737,Warning
5601,46.8793,0.9938,1.7933,0.9961,241.3996,0.4143,0.001823,Warning
5602,45.027,0.9935,1.7967,0.9926,243.0532,0.4114,0.001877,Warning
5603,44.4889,0.9963,1.793,0.9965,239.9294,0.4168,0.001462,Warning
5604,44.1685,0.9936,1.7944,0.9947,239.9649,0.4167,0.001784,Warning
5605,45.1282,0.9948,1.7946,0.9965,241.5321,0.414,0.001894,Warning
5606,44.4702,0.9937,1.7958,0.9969,242.05,0.4131,0.001514,Warning
5607,44.3169,0.9957,1.7957,0.9955,243.463,0.4107,0.001784,Warning
5608,44.2086,0.9941,1.7944,0.9956,242.588,0.4122,0.001501,Warning
5609,44.031,0.995,1.7939,0.9979,242.3411,0.4126,0.001588,Warning
5610,46.0683,0.9951,1.795,0.9954,241.9214,0.4134,0.001272,Warning
5611,46.1535,0.991,1.7939,0.9939,241.1828,0.4146,0.001678,Warning
5612,44.1442,0.9916,1.7946,0.9976,241.301,0.4144,0.001885,Warning
5613,46.3069,0.9925,1.7939,0.9942,240.9355,0.415,0.002034,Warning
5614,45.2841,0.9952,1.7943,0.9943,242.1215,0.413,0.001945,Warning
5615,45.3609,0.9949,1.7932,0.9962,242.6543,0.4121,0.001775,Warning
5616,43.6714,0.996,1.7934,0.9959,242.3384,0.4126,0.001911,Warning
5617,43.6706,0.9945,1.7944,0.9969,241.9415,0.4133,0.001985,Warning
5618,45.5443,0.9943,1.7946,0.997,240.5355,0.4157,0.001877,Warning
5619,44.6121,0.9935,1.7954,0.9946,241.8732,0.4134,0.001598,Warning
5620,43.2305,0.9949,1.7945,0.9936,241.0111,0.4149,0.001335,Warning
5621,45.7032,0.9958,1.7952,0.9965,241.1542,0.4147,0.001806,Warning
5622,45.1123,0.9946,1.7953,0.9967,241.2552,0.4145,0.001415,Warning
5623,44.9715,0.9942,1.7947,0.9963,240.0338,0.4166,0.001563,Warning
5624,44.3521,0.9956,1.7942,0.995,241.9946,0.4132,0.001579,Warning
5625,45.1128,0.9962,1.7962,0.9951,241.4166,0.4142,0.001574,Warning
5626,43.5861,0.9954,1.7968,0.9951,240.9076,0.4151,0.001643,Warning
5627,45.1966,0.9932,1.7939,0.9965,241.6614,0.4138,0.001952,Warning
5628,45.4222,0.9933,1.7938,0.9957,240.6599,0.4155,0.001448,Warning
5629,44.1784,0.9949,1.794,0.9967,240.8394,0.4152,0.001207,Warning
5630,45.0294,0.996,1.7944,0.9941,240.2556,0.4162,0.001939,Warning
5631,44.4899,0.9959,1.795,0.9947,242.4872,0.4124,0.001515,Warning
5632,43.9797,0.9935,1.7951,0.9966,241.2352,0.4145,0.001326,Warning
5633,43.894,0.9933,1.7931,0.9958,243.101,0.4114,0.001859,Warning
5634,44.2386,0.9937,1.7939,0.9959,242.806,0.4119,0.001607,Warning
5635,46.374,0.9965,1.794,0.9951,241.259,0.4145,0.001713,Warning
5636,44.8583,0.9952,1.7928,0.995,241.8093,0.4135,0.001875,Warning
5637,46.9028,0.9931,1.7937,0.9932,240.6566,0.4155,0.001347,Warning
5638,44.7314,0.9941,1.7948,0.9952,241.9189,0.4134,0.001724,Warning
5639,44.3235,0.9927,1.7949,0.9971,243.5698,0.4106,0.001889,Warning
5640,46.318,0.9948,1.7947,0.9956,241.4554,0.4142,0.001823,Warning
5641,44.7373,0.9942,1.7932,0.996,240.7712,0.4153,0.001709,Warning
5642,45.556,0.9949,1.7951,0.9953,241.9259,0.4133,0.001605,Warning
5643,43.5807,0.9949,1.7947,0.9965,241.5153,0.4141,0.001382,Warning
5644,45.0859,0.9952,1.7948,0.9953,240.2032,0.4163,0.001498,Warning
5645,45.5428,0.9927,1.794,0.9955,242.4524,0.4125,0.001826,Warning
5646,45.933,0.9947,1.7935,0.9949,240.7849,0.4153,0.001822,Warning
5647,44.6095,0.994,1.7944,0.9971,242.0552,0.4131,0.00155,Warning
5648,45.2879,0.996,1.795,0.9939,240.7958,0.4153,0.001506,Warning
5649,46.3208,0.9956,1.7937,0.9948,241.5623,0.414,0.00172,Warning
5650,44.4001,0.9941,1.7929,0.9968,240.1167,0.4165,0.001351,Warning
5651,45.5198,0.9931,1.7938,0.9955,242.0637,0.4131,0.001661,Warning
5652,46.5969,0.9943,1.7955,0.9958,243.227,0.4111,0.001917,Warning
5653,45.2102,0.995,1.7941,0.9952,240.4778,0.4158,0.001544,Warning
5654,46.826,0.9931,1.7937,0.9954,241.4707,0.4141,0.001783,Warning
5655,44.8037,0.9948,1.7955,0.9967,241.3035,0.4144,0.001829,Warning
5656,44.2639,0.9936,1.7932,0.9954,240.8286,0.4152,0.001403,Warning
5657,44.8738,0.9926,1.7957,0.9949,242.3028,0.4127,0.001609,Warning
5658,44.2284,0.9955,1.7944,0.9974,241.1398,0.4147,0.001618,Warning
5659,45.99,0.9954,1.7945,0.9988,241.2871,0.4144,0.001454,Warning
5660,44.386,0.9941,1.7959,0.9953,242.7628,0.4119,0.001795,Warning
5661,46.0565,0.9947,1.7947,0.9962,241.0551,0.4148,0.001597,Warning
5662,45.4712,0.9963,1.7928,0.9934,241.296,0.4144,0.001915,Warning
5663,45.2345,0.9932,1.7944,0.9937,242.0086,0.4132,0.001647,Warning
5664,45.1296,0.9948,1.7945,0.9949,242.3309,0.4127,0.001869,Warning
5665,43.7776,0.9941,1.7933,0.9942,241.9306,0.4133,0.001626,Warning
5666,45.0846,0.9937,1.7947,0.9961,243.2372,0.4111,0.001674,Warning
5667,44.0419,0.9938,1.7952,0.9947,240.3138,0.4161,0.00156,Warning
5668,44.7757,0.9932,1.7945,0.9954,242.1298,0.413,0.001621,Warning
5669,45.6507,0.9938,1.7932,0.9949,240.2019,0.4163,0.002068,Warning
5670,45.32,0.9935,1.794,0.993,242.6425,0.4121,0.001978,Warning
5671,45.2938,0.9946,1.7931,0.9943,240.1357,0.4164,0.001679,Warning
5672,46.0584,0.9939,1.7947,0.9964,240.1927,0.4163,0.002081,Warning
5673,46.1373,0.9948,1.7953,0.9964,241.7246,0.4137,0.001998,Warning
5674,44.8511,0.9948,1.7956,0.9928,241.8394,0.4135,0.001857,Warning
5675,43.8482,0.9946,1.7935,0.9959,241.4115,0.4142,0.001523,Warning
5676,46.1045,0.9939,1.7946,0.9968,240.7526,0.4154,0.001714,Warning
5677,44.8223,0.9941,1.7965,0.9959,241.7354,0.4137,0.001818,Warning
5678,45.5646,0.9925,1.7966,0.994,242.8691,0.4117,0.001837,Warning
5679,45.3668,0.994,1.7969,0.9961,241.4957,0.4141,0.001607,Warning
5680,44.6999,0.9944,1.7934,0.9961,240.9635,0.415,0.001915,Warning
5681,46.0119,0.9943,1.7949,0.9961,240.3086,0.4161,0.002061,Warning
5682,45.023,0.995,1.795,0.993,240.9515,0.415,0.001883,Warning
5683,45.2792,0.995,1.7944,0.9967,241.5667,0.414,0.002,Warning
5684,44.4472,0.9942,1.7937,0.9958,241.2511,0.4145,0.001669,Warning
5685,44.6692,0.9939,1.7943,0.9934,239.6311,0.4173,0.001727,Warning
5686,43.0195,0.9941,1.7939,0.996,240.9334,0.4151,0.00203,Warning
5687,45.9151,0.9928,1.794,0.997,240.9114,0.4151,0.001706,Warning
5688,46.3617,0.9938,1.7954,0.9945,239.1579,0.4181,0.001962,Warning
5689,45.5912,0.9948,1.7932,0.9944,242.3868,0.4126,0.001765,Warning
5690,45.148,0.9945,1.7958,0.9962,241.0853,0.4148,0.001436,Warning
5691,45.7142,0.9934,1.7931,0.9968,242.1614,0.4129,0.001794,Warning
5692,44.2549,0.9961,1.7953,0.9951,241.0498,0.4149,0.001733,Warning
5693,44.8647,0.9965,1.7939,0.9944,242.7312,0.412,0.001604,Warning
5694,45.8783,0.995,1.7942,0.9945,241.4205,0.4142,0.001484,Warning
5695,45.232,0.9951,1.796,0.9944,241.2571,0.4145,0.001614,Warning
5696,45.4718,0.9928,1.7934,0.9938,240.3054,0.4161,0.001587,Warning
5697,46.5913,0.9947,1.7944,0.9968,241.7614,0.4136,0.001815,Warning
5698,44.878,0.9937,1.793,0.9948,241.2286,0.4145,0.001788,Warning
5699,45.2288,0.9939,1.7934,0.9958,241.0533,0.4148,0.00179,Warning
5700,43.7294,0.9946,1.795,0.9961,241.2926,0.4144,0.001903,Warning
5701,44.2434,0.9942,1.7941,0.9965,239.8321,0.417,0.001509,Warning
5702,46.6614,0.9919,1.7951,0.9947,241.6508,0.4138,0.002003,Warning
5703,45.5,0.9957,1.7938,0.9951,242.075,0.4131,0.001633,Warning
5704,45.7451,0.9955,1.7952,0.9939,241.1709,0.4146,0.001778,Warning
5705,45.0739,0.9944,1.7946,0.9949,241.2877,0.4144,0.001485,Warning
5706,44.8885,0.9928,1.7944,0.9952,240.7084,0.4154,0.002079,Warning
5707,45.0763,0.9946,1.7937,0.995,241.699,0.4137,0.001656,Warning
5708,45.277,0.9951,1.7938,0.9941,240.217,0.4163,0.00201,Warning
5709,46.0211,0.9949,1.7939,0.9941,241.2107,0.4146,0.001704,Warning
5710,44.3728,0.9928,1.7926,0.9961,240.4707,0.4159,0.001785,Warning
5711,44.9616,0.9949,1.7946,0.9952,241.5379,0.414,0.001701,Warning
5712,44.7893,0.9953,1.7939,0.9953,240.2999,0.4161,0.001778,Warning
5713,44.7949,0.9938,1.7934,0.9953,239.8253,0.417,0.00186,Warning
5714,45.2543,0.9938,1.7927,0.9959,240.9215,0.4151,0.001985,Warning
5715,45.6761,0.9958,1.7944,0.9965,241.7977,0.4136,0.001634,Warning
5716,45.4386,0.9935,1.7964,0.9953,241.447,0.4142,0.001803,Warning
5717,44.421,0.9956,1.7933,0.9942,241.2913,0.4144,0.001469,Warning
5718,46.542,0.9941,1.7911,0.9956,241.8658,0.4135,0.001641,Warning
5719,44.2095,0.9942,1.7938,0.9944,240.5704,0.4157,0.001757,Warning
5720,46.0184,0.9947,1.7926,0.996,242.038,0.4132,0.002005,Warning
5721,44.5379,0.9942,1.7948,0.9949,241.86,0.4135,0.001721,Warning
5722,44.6224,0.9935,1.7955,0.9944,240.4826,0.4158,0.001795,Warning
5723,45.2769,0.993,1.7938,0.9946,240.9022,0.4151,0.002232,Warning
5724,45.0611,0.9934,1.7963,0.9963,241.9939,0.4132,0.001561,Warning
5725,46.2582,0.9951,1.7944,0.9937,241.3966,0.4143,0.002073,Warning
5726,45.4831,0.9939,1.794,0.9953,240.7713,0.4153,0.00172,Warning
5727,46.4628,0.9956,1.7935,0.9967,242.0184,0.4132,0.001855,Warning
5728,45.6559,0.9933,1.7939,0.9963,240.4425,0.4159,0.00152,Warning
5729,45.5572,0.9935,1.7951,0.9947,241.602,0.4139,0.001794,Warning
5730,44.9283,0.994,1.7936,0.9954,240.6357,0.4156,0.001684,Warning
5731,45.9146,0.9931,1.7938,0.9959,239.7414,0.4171,0.0021,Warning
5732,46.1538,0.9927,1.7922,0.9954,240.5058,0.4158,0.001922,Warning
5733,45.6346,0.9944,1.7937,0.997,242.0033,0.4132,0.001851,Warning
5734,46.2812,0.9932,1.7956,0.9951,241.6668,0.4138,0.001699,Warning
5735,43.8207,0.9952,1.7924,0.9944,241.0352,0.4149,0.00134,Warning
5736,44.4443,0.9945,1.7939,0.9951,240.664,0.4155,0.00174,Warning
5737,45.0664,0.9926,1.7941,0.9942,242.1127,0.413,0.001653,Warning
5738,47.3456,0.9952,1.7941,0.996,239.7212,0.4172,0.001924,Warning
5739,44.674,0.9944,1.7935,0.9948,241.2466,0.4145,0.001747,Warning
5740,45.3105,0.9943,1.7926,0.9977,241.5756,0.4139,0.00182,Warning
5741,45.0618,0.9934,1.7944,0.9957,242.4299,0.4125,0.002148,Warning
5742,46.5172,0.9925,1.7938,0.9957,241.0668,0.4148,0.001724,Warning
5743,43.6213,0.9952,1.7924,0.9938,240.5738,0.4157,0.001713,Warning
5744,44.041,0.9932,1.7954,0.9953,241.7308,0.4137,0.001486,Warning
5745,45.2979,0.9941,1.7935,0.9954,239.8688,0.4169,0.001821,Warning
5746,45.0232,0.994,1.7951,0.9958,241.1263,0.4147,0.00151,Warning
5747,46.4075,0.9929,1.7949,0.9938,242.1138,0.413,0.001936,Warning
5748,43.8163,0.9947,1.7946,0.9961,241.6702,0.4138,0.001542,Warning
5749,45.1744,0.9959,1.7931,0.9957,242.2975,0.4127,0.001537,Warning
5750,44.2166,0.993,1.7946,0.9941,241.2667,0.4145,0.002009,Warning
5751,45.3108,0.9935,1.7944,0.9953,241.7356,0.4137,0.002059,Warning
5752,45.671,0.9963,1.7947,0.9946,243.2026,0.4112,0.001711,Warning
5753,44.5115,0.9966,1.7935,0.9946,240.9293,0.4151,0.001769,Warning
5754,46.1019,0.9916,1.7952,0.9948,241.0387,0.4149,0.002079,Warning
5755,45.5296,0.9947,1.7942,0.9962,242.6619,0.4121,0.001241,Warning
5756,46.2285,0.9958,1.7947,0.9947,240.4442,0.4159,0.002209,Warning
5757,44.6386,0.9958,1.7946,0.9974,241.1099,0.4147,0.001416,Warning
5758,45.3661,0.9928,1.7969,0.996,241.9855,0.4132,0.001893,Warning
5759,44.8113,0.9941,1.7944,0.9973,240.4358,0.4159,0.001592,Warning
5760,45.0777,0.9936,1.7928,0.9927,239.8985,0.4168,0.001958,Warning
5761,45.3632,0.9951,1.7937,0.9953,242.649,0.4121,0.002049,Warning
5762,46.1252,0.9944,1.7948,0.9958,241.2235,0.4146,0.001658,Warning
5763,46.2713,0.9929,1.7957,0.9951,240.3043,0.4161,0.00163,Warning
5764,44.6757,0.9937,1.7936,0.9948,241.1076,0.4148,0.001726,Warning
5765,45.9881,0.994,1.7946,0.9954,241.785,0.4136,0.001749,Warning
5766,44.8613,0.9933,1.7944,0.9967,241.1677,0.4146,0.0016,Warning
5767,45.1757,0.9937,1.7936,0.9939,241.154,0.4147,0.001787,Warning
5768,44.5169,0.9934,1.7933,0.994,240.5835,0.4157,0.001701,Warning
5769,44.3106,0.9941,1.7935,0.9945,241.6483,0.4138,0.001613,Warning
5770,45.01,0.9955,1.7933,0.9969,241.0668,0.4148,0.001514,Warning
5771,44.9446,0.9943,1.7955,0.9962,241.3946,0.4143,0.001993,Warning
5772,43.8848,0.9945,1.7945,0.9957,240.0539,0.4166,0.001538,Warning
5773,45.2582,0.9953,1.7961,0.9947,240.2926,0.4162,0.001905,Warning
5774,47.4847,0.9953,1.7935,0.9982,241.8884,0.4134,0.001584,Warning
5775,46.9424,0.9934,1.7936,0.9961,241.3176,0.4144,0.00175,Warning
5776,45.4278,0.9953,1.7919,0.9957,241.1038,0.4148,0.001592,Warning
5777,44.7945,0.9916,1.7934,0.9967,242.0001,0.4132,0.001705,Warning
5778,44.2714,0.995,1.7955,0.9964,240.558,0.4157,0.00157,Warning
5779,46.7269,0.993,1.7947,0.9936,241.0912,0.4148,0.001861,Warning
5780,45.38,0.9947,1.793,0.9946,241.7155,0.4137,0.001883,Warning
5781,45.5817,0.9952,1.7926,0.9949,242.7866,0.4119,0.002001,Warning
5782,45.9145,0.9941,1.7953,0.9958,240.113,0.4165,0.001944,Warning
5783,44.7166,0.995,1.7926,0.997,241.1056,0.4148,0.001523,Warning
5784,44.8604,0.9939,1.7942,0.9967,241.3801,0.4143,0.001311,Warning
5785,44.4292,0.997,1.7944,0.9963,241.0758,0.4148,0.001545,Warning
5786,45.0298,0.9943,1.7938,0.9973,240.828,0.4152,0.001535,Warning
5787,46.0636,0.9951,1.7942,0.9948,239.799,0.417,0.00199,Warning
5788,46.1132,0.9938,1.7943,0.9951,242.621,0.4122,0.001539,Warning
5789,44.9242,0.9935,1.7945,0.9954,241.4766,0.4141,0.001571,Warning
5790,46.6099,0.9938,1.7954,0.9985,240.6163,0.4156,0.001815,Warning
5791,45.3185,0.9962,1.7939,0.9956,241.495,0.4141,0.001727,Warning
5792,46.03,0.9943,1.7947,0.9956,240.8284,0.4152,0.001694,Warning
5793,45.8717,0.9948,1.7955,0.9972,240.8936,0.4151,0.001775,Warning
5794,45.2745,0.9931,1.7948,0.9961,240.4474,0.4159,0.001673,Warning
5795,45.0533,0.9927,1.7942,0.9942,241.4347,0.4142,0.001802,Warning
5796,45.7472,0.9946,1.7957,0.9946,240.6992,0.4155,0.00188,Warning
5797,45.329,0.9953,1.7948,0.9973,241.2314,0.4145,0.001453,Warning
5798,45.7089,0.9941,1.7947,0.996,240.8754,0.4152,0.001548,Warning
5799,45.3214,0.9918,1.7943,0.995,241.9908,0.4132,0.001353,Warning
5800,45.4451,0.9958,1.7949,0.9963,241.5718,0.414,0.001418,Warning
5801,45.575,0.9946,1.7931,0.9952,238.9776,0.4184,0.001683,Warning
5802,45.0945,0.9956,1.7936,0.9951,241.2336,0.4145,0.001633,Warning
5803,46.0212,0.9922,1.7953,0.9953,242.3368,0.4126,0.001201,Warning
5804,43.4982,0.9939,1.7947,0.9948,241.7611,0.4136,0.001947,Warning
5805,45.9818,0.9943,1.7943,0.9947,241.2482,0.4145,0.001547,Warning
5806,44.823,0.9947,1.7937,0.9946,241.6504,0.4138,0.001828,Warning
5807,45.2804,0.994,1.7946,0.9963,241.4504,0.4142,0.001514,Warning
5808,45.2773,0.9938,1.7931,0.9959,241.7479,0.4137,0.001898,Warning
5809,44.6635,0.9943,1.7942,0.9957,241.3903,0.4143,0.00175,Warning
5810,45.3518,0.9953,1.7933,0.9952,242.1501,0.413,0.001591,Warning
5811,44.8517,0.9949,1.7928,0.996,240.8918,0.4151,0.001835,Warning
5812,44.485,0.9954,1.793,0.9961,240.3416,0.4161,0.002115,Warning
5813,45.4063,0.9961,1.7934,0.9949,242.2491,0.4128,0.001469,Warning
5814,44.9058,0.9947,1.7932,0.9959,241.4153,0.4142,0.001451,Warning
5815,46.2412,0.9929,1.795,0.9955,240.9135,0.4151,0.001533,Warning
5816,45.7322,0.9933,1.7954,0.9966,242.5896,0.4122,0.001811,Warning
5817,45.1472,0.9939,1.7938,0.9956,241.6238,0.4139,0.002001,Warning
5818,45.4885,0.9928,1.7938,0.9969,240.0277,0.4166,0.001903,Warning
5819,45.1617,0.9933,1.7946,0.9969,241.5439,0.414,0.001703,Warning
5820,44.4392,0.9941,1.7928,0.995,241.2196,0.4146,0.001284,Warning
5821,46.5885,0.9929,1.794,0.9959,242.3153,0.4127,0.001598,Warning
5822,43.4723,0.9953,1.7929,0.9957,241.6043,0.4139,0.001106,Warning
5823,44.1895,0.9937,1.7916,0.994,241.3638,0.4143,0.001739,Warning
5824,45.7253,0.9946,1.7925,0.9941,241.8731,0.4134,0.002062,Warning
5825,44.7111,0.9944,1.795,0.9956,241.0635,0.4148,0.001629,Warning
5826,47.075,0.9943,1.7946,0.9957,240.6111,0.4156,0.001768,Warning
5827,45.2308,0.9938,1.7945,0.9944,240.2957,0.4162,0.001859,Warning
5828,45.0651,0.9938,1.7922,0.9963,241.6772,0.4138,0.0019,Warning
5829,45.8021,0.9927,1.7944,0.9947,240.4862,0.4158,0.001859,Warning
5830,46.8208,0.9957,1.7948,0.9953,241.0826,0.4148,0.001578,Warning
5831,45.28,0.9951,1.796,0.9945,239.6575,0.4173,0.001653,Warning
5832,46.2208,0.9962,1.7955,0.9966,240.5724,0.4157,0.001595,Warning
5833,44.4404,0.9935,1.7951,0.997,241.5269,0.414,0.001709,Warning
5834,44.6478,0.9941,1.7944,0.9939,241.9862,0.4132,0.001675,Warning
5835,46.1921,0.9942,1.7945,0.9946,240.9718,0.415,0.001889,Warning
5836,45.3996,0.9931,1.7943,0.9957,242.3443,0.4126,0.001991,Warning
5837,45.4549,0.9936,1.7939,0.9948,241.6494,0.4138,0.001969,Warning
5838,46.5003,0.9937,1.7936,0.9949,239.6974,0.4172,0.001521,Warning
5839,45.4826,0.9945,1.7947,0.9945,240.8486,0.4152,0.001708,Warning
5840,45.2071,0.9948,1.7929,0.9942,241.0013,0.4149,0.001489,Warning
5841,43.9934,0.9927,1.7939,0.996,241.7596,0.4136,0.00208,Warning
5842,45.5969,0.9944,1.7939,0.9951,242.9014,0.4117,0.001815,Warning
5843,45.796,0.993,1.7946,0.996,242.1237,0.413,0.001889,Warning
5844,45.4178,0.994,1.7941,0.9954,242.2481,0.4128,0.001978,Warning
5845,46.1233,0.9962,1.7915,0.9949,241.2235,0.4146,0.001629,Warning
5846,44.779,0.9924,1.7938,0.9962,241.8501,0.4135,0.001613,Warning
5847,45.7008,0.9955,1.7926,0.9952,241.4587,0.4141,0.001766,Warning
5848,46.2069,0.9927,1.7931,0.996,239.8662,0.4169,0.001927,Warning
5849,45.8881,0.9949,1.7937,0.9958,240.2887,0.4162,0.001682,Warning
5850,45.5591,0.9933,1.7944,0.9942,241.4399,0.4142,0.002113,Warning
5851,44.5265,0.9941,1.7925,0.9945,241.7851,0.4136,0.001679,Warning
5852,46.1275,0.9945,1.7941,0.9943,241.7704,0.4136,0.001826,Warning
5853,44.313,0.9932,1.7914,0.994,240.9698,0.415,0.001555,Warning
5854,44.8719,0.9955,1.7952,0.9946,241.8538,0.4135,0.002009,Warning
5855,46.0338,0.9944,1.7952,0.9961,240.247,0.4162,0.001729,Warning
5856,45.0991,0.9953,1.7936,0.9946,242.0373,0.4132,0.001819,Warning
5857,47.232,0.9933,1.7936,0.9964,240.1912,0.4163,0.002031,Warning
5858,44.5784,0.9948,1.7923,0.9954,240.1174,0.4165,0.002153,Warning
5859,44.6889,0.9933,1.7947,0.9947,241.7715,0.4136,0.001626,Warning
5860,44.9176,0.9941,1.7929,0.9957,241.9118,0.4134,0.001879,Warning
5861,46.0644,0.9922,1.7937,0.9951,242.3721,0.4126,0.001652,Warning
5862,43.7102,0.9931,1.7935,0.9932,241.982,0.4133,0.001455,Warning
5863,45.9102,0.993,1.7956,0.995,240.8222,0.4152,0.001875,Warning
5864,44.7494,0.9947,1.7937,0.9947,241.1339,0.4147,0.001551,Warning
5865,45.4043,0.9945,1.7918,0.9964,241.8553,0.4135,0.001399,Warning
5866,43.9505,0.995,1.7949,0.9959,240.0595,0.4166,0.002136,Warning
5867,44.9566,0.9944,1.7944,0.9969,241.2996,0.4144,0.001853,Warning
5868,45.5007,0.9929,1.7918,0.9953,240.0681,0.4165,0.00184,Warning
5869,45.6832,0.9943,1.7931,0.9963,241.5763,0.4139,0.001534,Warning
5870,47.2208,0.9939,1.7928,0.9945,239.9879,0.4167,0.002043,Warning
5871,46.4322,0.9949,1.7947,0.9966,240.9999,0.4149,0.001856,Warning
5872,44.9201,0.994,1.7946,0.9922,240.6962,0.4155,0.001805,Warning
5873,45.5094,0.9937,1.7947,0.9946,240.213,0.4163,0.002009,Warning
5874,46.4073,0.9935,1.7941,0.9961,241.2242,0.4146,0.001878,Warning
5875,45.9555,0.9938,1.7946,0.9943,241.5029,0.4141,0.001758,Warning
5876,45.2882,0.9929,1.7943,0.9953,240.5143,0.4158,0.001453,Warning
5877,44.263,0.9939,1.7944,0.9971,241.1484,0.4147,0.001448,Warning
5878,45.4149,0.9954,1.7934,0.9964,241.3236,0.4144,0.001903,Warning
5879,47.0693,0.9923,1.795,0.9952,240.4222,0.4159,0.001754,Warning
5880,46.9368,0.9955,1.7921,0.9945,241.9343,0.4133,0.00177,Warning
5881,45.5714,0.9926,1.7934,0.9939,239.8558,0.4169,0.001523,Warning
5882,44.8451,0.9934,1.7933,0.9963,240.4513,0.4159,0.00206,Warning
5883,45.2022,0.9946,1.7946,0.9944,240.913,0.4151,0.001674,Warning
5884,45.8892,0.994,1.7934,0.9954,241.4457,0.4142,0.002145,Warning
5885,45.6475,0.9941,1.7945,0.9943,239.7921,0.417,0.001713,Warning
5886,46.4525,0.9953,1.7922,0.996,239.4232,0.4177,0.001868,Warning
5887,45.9161,0.9924,1.7951,0.997,241.1195,0.4147,0.001804,Warning
5888,46.7817,0.993,1.793,0.9945,241.1977,0.4146,0.001783,Warning
5889,45.1576,0.9938,1.7936,0.9948,240.5517,0.4157,0.001625,Warning
5890,44.0012,0.9939,1.7922,0.996,240.7171,0.4154,0.001753,Warning
5891,45.3052,0.9939,1.7954,0.9939,239.8648,0.4169,0.001801,Warning
5892,45.2089,0.9945,1.7948,0.9942,241.6447,0.4138,0.001573,Warning
5893,45.6671,0.9929,1.7942,0.9953,240.2782,0.4162,0.001506,Warning
5894,46.2097,0.9937,1.7951,0.9947,242.2007,0.4129,0.001589,Warning
5895,46.7892,0.9943,1.7945,0.9943,241.7409,0.4137,0.001931,Warning
5896,45.3533,0.992,1.793,0.9942,241.5155,0.4141,0.001686,Warning
5897,45.2581,0.9935,1.7956,0.9953,241.3127,0.4144,0.001655,Warning
5898,45.5927,0.9931,1.7944,0.9941,241.7484,0.4137,0.001632,Warning
5899,46.3769,0.996,1.7941,0.9966,241.7527,0.4136,0.001493,Warning
5900,45.7087,0.9946,1.7947,0.9955,241.2822,0.4145,0.001781,Warning
5901,45.7283,0.9929,1.7939,0.9938,240.7504,0.4154,0.001662,Warning
5902,45.0999,0.993,1.7944,0.995,240.8107,0.4153,0.001499,Warning
5903,45.3871,0.9952,1.7953,0.9957,240.9094,0.4151,0.001893,Warning
5904,45.0933,0.9938,1.7934,0.9962,241.768,0.4136,0.001774,Warning
5905,47.014,0.9945,1.7945,0.9955,240.1327,0.4164,0.001603,Warning
5906,45.5871,0.994,1.7947,0.9946,241.1975,0.4146,0.0018,Warning
5907,45.7352,0.9941,1.7927,0.993,240.3861,0.416,0.001676,Warning
5908,44.6916,0.994,1.7952,0.996,241.5111,0.4141,0.001979,Warning
5909,44.8965,0.9936,1.7947,0.9948,240.8006,0.4153,0.002155,Warning
5910,45.7144,0.9959,1.7923,0.9946,241.4621,0.4141,0.001802,Warning
5911,43.9954,0.9939,1.7966,0.9955,241.617,0.4139,0.001655,Warning
5912,45.8362,0.9941,1.7952,0.9964,241.458,0.4142,0.001798,Warning
5913,44.3001,0.9924,1.7942,0.9961,242.1959,0.4129,0.001606,Warning
5914,44.4378,0.995,1.7933,0.9937,240.7341,0.4154,0.001682,Warning
5915,46.7031,0.995,1.7933,0.9967,241.2275,0.4145,0.001997,Warning
5916,46.7105,0.9938,1.7947,0.9949,241.8701,0.4134,0.001803,Warning
5917,46.4189,0.9956,1.7946,0.9952,241.063,0.4148,0.001194,Warning
5918,45.0822,0.995,1.7951,0.9945,241.2547,0.4145,0.001748,Warning
5919,46.2059,0.9963,1.7948,0.9946,241.0588,0.4148,0.002066,Warning
5920,44.5291,0.9935,1.7948,0.9966,241.6072,0.4139,0.001665,Warning
5921,46.087,0.9945,1.7944,0.9952,241.1609,0.4147,0.001605,Warning
5922,47.6438,0.9942,1.7946,0.995,241.7932,0.4136,0.001527,Warning
5923,44.2649,0.994,1.7961,0.9965,240.4687,0.4159,0.00189,Warning
5924,45.1544,0.9945,1.7946,0.9962,239.8615,0.4169,0.001534,Warning
5925,45.6045,0.993,1.793,0.9955,240.3797,0.416,0.002239,Warning
5926,45.2403,0.9938,1.7944,0.9938,241.5178,0.414,0.001856,Warning
5927,45.3892,0.9943,1.7945,0.9967,243.1097,0.4113,0.001576,Warning
5928,44.6325,0.9942,1.792,0.9959,241.1985,0.4146,0.001862,Warning
5929,45.4293,0.9943,1.7945,0.9955,240.0304,0.4166,0.001823,Warning
5930,47.1572,0.9943,1.7942,0.9968,240.5085,0.4158,0.001967,Warning
5931,45.2517,0.9952,1.7949,0.9948,240.8907,0.4151,0.001985,Warning
5932,44.1932,0.9936,1.7947,0.9949,241.2099,0.4146,0.001381,Warning
5933,44.9958,0.9947,1.7933,0.994,241.9498,0.4133,0.001893,Warning
5934,44.8104,0.9942,1.793,0.9951,241.2398,0.4145,0.001629,Warning
5935,46.2769,0.995,1.7943,0.9957,239.9352,0.4168,0.002063,Warning
5936,45.6117,0.9931,1.7942,0.996,241.5059,0.4141,0.001574,Warning
5937,46.2927,0.994,1.7946,0.9944,241.9312,0.4133,0.001828,Warning
5938,46.6395,0.9925,1.7927,0.995,242.2671,0.4128,0.002184,Warning
5939,44.9795,0.9941,1.7942,0.996,241.7995,0.4136,0.001569,Warning
5940,45.7437,0.9921,1.7949,0.9949,240.1257,0.4164,0.001859,Warning
5941,45.3979,0.9953,1.7932,0.9975,241.7721,0.4136,0.00205,Warning
5942,44.8725,0.9958,1.7928,0.995,242.1307,0.413,0.001894,Warning
5943,44.7061,0.9952,1.7944,0.9948,239.8519,0.4169,0.00188,Warning
5944,45.5685,0.9942,1.7925,0.9948,241.4682,0.4141,0.002168,Warning
5945,45.5368,0.9955,1.7948,0.9955,240.2726,0.4162,0.001599,Warning
5946,46.1968,0.9935,1.7934,0.9951,240.9499,0.415,0.001974,Warning
5947,45.3002,0.9949,1.7945,0.9936,241.3151,0.4144,0.001261,Warning
5948,44.9902,0.9945,1.794,0.9935,240.1827,0.4163,0.001273,Warning
5949,44.6341,0.9946,1.7935,0.9954,241.0874,0.4148,0.001801,Warning
5950,46.5285,0.9938,1.795,0.9928,241.9641,0.4133,0.001537,Warning
5951,44.8534,0.9933,1.7951,0.9943,240.5488,0.4157,0.001603,Warning
5952,45.9179,0.9948,1.7958,0.9976,241.5921,0.4139,0.001869,Warning
5953,44.7415,0.996,1.7943,0.9949,241.3805,0.4143,0.001669,Warning
5954,43.8471,0.9946,1.7954,0.9958,241.0633,0.4148,0.001799,Warning
5955,45.8568,0.9942,1.794,0.9953,242.3115,0.4127,0.001891,Warning
5956,45.8049,0.9947,1.7947,0.9962,240.4605,0.4159,0.001701,Warning
5957,45.0718,0.9948,1.7948,0.994,241.3772,0.4143,0.002072,Warning
5958,45.5361,0.9944,1.7948,0.9939,241.1846,0.4146,0.002052,Warning
5959,45.2516,0.9949,1.7941,0.9946,240.9843,0.415,0.001692,Warning
5960,45.0173,0.9938,1.7941,0.9951,240.8477,0.4152,0.001843,Warning
5961,46.1549,0.9929,1.7938,0.9933,240.9288,0.4151,0.001828,Warning
5962,46.1874,0.9942,1.7946,0.9953,240.5166,0.4158,0.001575,Warning
5963,45.523,0.9933,1.7939,0.9947,241.3908,0.4143,0.001809,Warning
5964,46.0932,0.9945,1.7939,0.9951,241.4553,0.4142,0.002288,Warning
5965,44.9457,0.9941,1.7928,0.9952,240.5133,0.4158,0.001776,Warning
5966,45.863,0.9935,1.7923,0.9967,241.7224,0.4137,0.001774,Warning
5967,45.0248,0.9941,1.7944,0.996,241.7393,0.4137,0.00201,Warning
5968,44.3497,0.9937,1.795,0.9943,242.0234,0.4132,0.002162,Warning
5969,46.6972,0.9947,1.7936,0.9955,239.9696,0.4167,0.001644,Warning
5970,45.1774,0.9941,1.7936,0.9955,241.7473,0.4137,0.001659,Warning
5971,45.8667,0.9936,1.7942,0.9959,241.7805,0.4136,0.001935,Warning
5972,46.0808,0.9926,1.7929,0.9944,241.3289,0.4144,0.001543,Warning
5973,46.0214,0.9943,1.7921,0.9941,241.8756,0.4134,0.001941,Warning
5974,45.0729,0.993,1.7916,0.9967,241.0718,0.4148,0.002179,Warning
5975,45.6017,0.9943,1.7949,0.9969,241.4383,0.4142,0.001803,Warning
5976,45.7792,0.993,1.7936,0.9953,242.1415,0.413,0.001717,Warning
5977,46.6087,0.9939,1.7953,0.9959,241.5219,0.414,0.001999,Warning
5978,46.4269,0.9951,1.7962,0.9968,241.4061,0.4142,0.001715,Warning
5979,46.0553,0.9921,1.7948,0.9942,241.9295,0.4133,0.0022,Warning
5980,44.6033,0.994,1.793,0.9935,240.9449,0.415,0.001931,Warning
5981,46.3693,0.9942,1.7924,0.9953,239.8345,0.417,0.001519,Warning
5982,44.9701,0.9951,1.7946,0.9955,240.3369,0.4161,0.001727,Warning
5983,44.6733,0.9954,1.7962,0.9958,241.6109,0.4139,0.001773,Warning
5984,44.4756,0.9932,1.7936,0.9948,240.5317,0.4157,0.001815,Warning
5985,45.0929,0.9962,1.7926,0.9961,240.813,0.4153,0.001898,Warning
5986,46.1813,0.9942,1.7929,0.9949,241.1563,0.4147,0.001827,Warning
5987,44.9581,0.9953,1.7915,0.995,240.2824,0.4162,0.001843,Warning
5988,46.5918,0.9926,1.7964,0.9954,241.3234,0.4144,0.001518,Warning
5989,45.7429,0.995,1.7942,0.9953,240.975,0.415,0.001531,Warning
5990,44.675,0.9952,1.7949,0.9962,240.3567,0.416,0.001775,Warning
5991,46.7692,0.9928,1.7951,0.9946,240.3293,0.4161,0.001801,Warning
5992,44.892,0.9921,1.7941,0.9957,241.9842,0.4133,0.001929,Warning
5993,47.3597,0.9954,1.7947,0.9957,241.9946,0.4132,0.001365,Warning
5994,45.4052,0.9921,1.7947,0.9945,243.4247,0.4108,0.001705,Warning
5995,45.8761,0.9936,1.7935,0.994,239.9834,0.4167,0.001373,Warning
5996,46.2292,0.9936,1.7959,0.994,242.1871,0.4129,0.002123,Warning
5997,46.8162,0.9942,1.7937,0.9965,240.3713,0.416,0.001863,Warning
5998,45.7614,0.9931,1.7943,0.9959,240.2583,0.4162,0.001901,Warning
5999,44.015,0.993,1.7935,0.9956,241.697,0.4137,0.001826,Warning
6000,46.2533,0.9938,1.7944,0.9956,240.5928,0.4156,0.001739,Warning
6001,46.2819,0.9958,1.7952,0.9941,240.098,0.4165,0.001703,Warning
6002,45.8827,0.994,1.7952,0.9965,241.0015,0.4149,0.001765,Warning
6003,46.2188,0.9951,1.7945,0.9948,240.5057,0.4158,0.001589,Warning
6004,45.962,0.9946,1.7947,0.9963,242.1782,0.4129,0.001536,Warning
6005,46.1328,0.9944,1.7939,0.9944,242.1482,0.413,0.001694,Warning
6006,44.0567,0.994,1.7938,0.9971,241.3828,0.4143,0.001751,Warning
6007,45.6551,0.9938,1.7962,0.9959,239.8638,0.4169,0.001763,Warning
6008,45.7955,0.9929,1.7922,0.9958,240.3443,0.4161,0.002062,Warning
6009,45.8228,0.9935,1.7916,0.9964,241.2213,0.4146,0.001723,Warning
6010,45.1058,0.9956,1.7929,0.9948,241.4408,0.4142,0.002103,Warning
6011,45.6467,0.9933,1.7939,0.9961,241.887,0.4134,0.001538,Warning
6012,45.9136,0.9926,1.7949,0.9956,240.2451,0.4162,0.00212,Warning
6013,46.0914,0.9942,1.7938,0.9952,240.6753,0.4155,0.001666,Warning
6014,46.8085,0.9935,1.7935,0.9951,242.1186,0.413,0.00204,Warning
6015,45.5111,0.9952,1.7941,0.9943,240.5966,0.4156,0.002089,Warning
6016,47.4951,0.9943,1.7934,0.9951,240.366,0.416,0.001691,Warning
6017,45.2586,0.9939,1.7941,0.995,240.7974,0.4153,0.001967,Warning
6018,45.649,0.9938,1.7938,0.9967,240.58,0.4157,0.001935,Warning
6019,45.2355,0.9943,1.7945,0.9963,240.6641,0.4155,0.001593,Warning
6020,45.2088,0.9949,1.7961,0.996,239.9603,0.4167,0.001976,Warning
6021,45.0828,0.9936,1.7942,0.9955,241.0209,0.4149,0.001696,Warning
6022,46.6876,0.9935,1.7952,0.9938,241.1394,0.4147,0.001571,Warning
6023,45.1741,0.9935,1.7955,0.9965,241.6649,0.4138,0.001824,Warning
6024,45.9936,0.9952,1.7947,0.9952,242.1533,0.413,0.00198,Warning
6025,46.0389,0.9935,1.7934,0.9948,241.3281,0.4144,0.001985,Warning
6026,44.6914,0.992,1.793,0.9948,241.9178,0.4134,0.001762,Warning
6027,46.0524,0.9944,1.7929,0.9966,240.4277,0.4159,0.00213,Warning
6028,45.7495,0.9936,1.7929,0.9954,242.7615,0.4119,0.001901,Warning
6029,46.0685,0.9933,1.7946,0.9953,240.9062,0.4151,0.001918,Warning
6030,44.4013,0.9939,1.7928,0.9952,240.3756,0.416,0.001688,Warning
6031,44.789,0.9951,1.7933,0.9946,242.178,0.4129,0.001933,Warning
6032,44.2299,0.9954,1.7956,0.9967,241.4866,0.4141,0.001599,Warning
6033,45.82,0.9925,1.7931,0.9941,240.4489,0.4159,0.001853,Warning
6034,45.5053,0.9935,1.7937,0.9967,242.68,0.4121,0.00173,Warning
6035,46.1319,0.9931,1.7947,0.9947,240.3786,0.416,0.002221,Warning
6036,44.7799,0.9915,1.7947,0.9948,240.4292,0.4159,0.002367,Warning
6037,46.4508,0.9939,1.7933,0.9956,239.5582,0.4174,0.001718,Warning
6038,45.8387,0.9942,1.7938,0.9945,241.6795,0.4138,0.001491,Warning
6039,45.6479,0.9934,1.795,0.9947,241.2916,0.4144,0.001888,Warning
6040,44.4039,0.9939,1.7922,0.9955,240.3557,0.416,0.002059,Warning
6041,45.7292,0.9932,1.7952,0.9943,241.6543,0.4138,0.001916,Warning
6042,45.5833,0.9926,1.7952,0.9957,240.3194,0.4161,0.001872,Warning
6043,46.6823,0.9941,1.7942,0.9962,242.1653,0.4129,0.001799,Warning
6044,44.8092,0.9927,1.7933,0.9942,239.588,0.4174,0.002193,Warning
6045,46.3035,0.9934,1.7939,0.9934,241.8584,0.4135,0.001434,Warning
6046,46.2908,0.9921,1.7935,0.9964,239.6238,0.4173,0.001794,Warning
6047,46.3868,0.9944,1.794,0.9957,240.4408,0.4159,0.002211,Warning
6048,44.5979,0.9951,1.7941,0.9958,241.5636,0.414,0.001936,Warning
6049,45.2394,0.9937,1.7925,0.9949,241.1845,0.4146,0.001946,Warning
6050,46.2031,0.9922,1.7934,0.9945,239.8769,0.4169,0.001658,Warning
6051,45.8928,0.9954,1.793,0.994,240.4439,0.4159,0.001893,Warning
6052,46.8726,0.9939,1.7925,0.9939,241.0726,0.4148,0.002025,Warning
6053,47.348,0.9928,1.7941,0.9941,240.2016,0.4163,0.001629,Warning
6054,45.6298,0.9931,1.7964,0.9947,241.7092,0.4137,0.001694,Warning
6055,47.6856,0.9943,1.7948,0.9946,241.6987,0.4137,0.001893,Warning
6056,45.5976,0.9929,1.7937,0.9948,241.6112,0.4139,0.00178,Warning
6057,44.3654,0.9946,1.7952,0.9935,242.3583,0.4126,0.002106,Warning
6058,45.3997,0.9928,1.795,0.9938,240.3783,0.416,0.001564,Warning
6059,45.9109,0.9954,1.7943,0.9962,240.6301,0.4156,0.001847,Warning
6060,44.9268,0.9938,1.7932,0.995,240.7268,0.4154,0.001765,Warning
6061,47.5958,0.9957,1.7954,0.9969,242.0439,0.4131,0.001824,Warning
6062,45.8117,0.9942,1.7937,0.9941,241.1443,0.4147,0.001515,Warning
6063,46.0235,0.9929,1.7939,0.9953,240.6232,0.4156,0.001501,Warning
6064,44.9648,0.9944,1.7934,0.9957,240.9118,0.4151,0.00179,Warning
6065,46.1951,0.9933,1.7943,0.9947,242.9315,0.4116,0.001603,Warning
6066,45.633,0.9936,1.7926,0.9959,240.558,0.4157,0.001354,Warning
6067,46.4767,0.9933,1.7938,0.9958,240.6077,0.4156,0.001756,Warning
6068,47.8942,0.9918,1.7926,0.9941,242.3292,0.4127,0.001701,Warning
6069,46.1164,0.9935,1.7945,0.9951,241.099,0.4148,0.002088,Warning
6070,46.2782,0.9932,1.7942,0.9976,241.347,0.4143,0.001861,Warning
6071,44.8314,0.9947,1.7948,0.9955,240.9848,0.415,0.002398,Warning
6072,46.6139,0.9952,1.794,0.995,241.3977,0.4143,0.001805,Warning
6073,45.8911,0.9944,1.7934,0.9954,240.9546,0.415,0.002025,Warning
6074,45.4441,0.9919,1.7936,0.9955,241.6603,0.4138,0.001694,Warning
6075,46.3687,0.9951,1.7947,0.9943,240.3409,0.4161,0.00192,Warning
6076,47.2371,0.9939,1.7938,0.9938,240.5946,0.4156,0.00169,Warning
6077,45.9604,0.9924,1.7936,0.9941,241.6367,0.4138,0.001661,Warning
6078,45.4825,0.9942,1.7935,0.9975,241.6274,0.4139,0.001837,Warning
6079,46.2367,0.9916,1.7952,0.9956,240.823,0.4152,0.001947,Warning
6080,46.4943,0.9935,1.7943,0.9962,241.2439,0.4145,0.001783,Warning
6081,46.1831,0.9953,1.7947,0.994,241.3478,0.4143,0.001925,Warning
6082,46.8789,0.994,1.7935,0.9938,240.3213,0.4161,0.002076,Warning
6083,46.1078,0.9938,1.7952,0.9962,240.2869,0.4162,0.002075,Warning
6084,44.6243,0.9944,1.7943,0.9963,241.1788,0.4146,0.001786,Warning
6085,45.8205,0.9966,1.794,0.9957,239.2556,0.418,0.00167,Warning
6086,46.3698,0.9923,1.7945,0.9944,240.0439,0.4166,0.00169,Warning
6087,47.1786,0.9942,1.793,0.9959,241.5333,0.414,0.00176,Warning
6088,46.7257,0.9949,1.7948,0.9945,239.9248,0.4168,0.001498,Warning
6089,45.4358,0.9935,1.7936,0.9951,242.2529,0.4128,0.001769,Warning
6090,45.923,0.9921,1.7961,0.9938,240.2995,0.4161,0.001976,Warning
6091,46.1608,0.9956,1.7946,0.995,241.6988,0.4137,0.00207,Warning
6092,45.4375,0.9949,1.7937,0.995,240.9763,0.415,0.001761,Warning
6093,45.6197,0.9949,1.7924,0.9941,241.4003,0.4142,0.001823,Warning
6094,46.7624,0.9943,1.7926,0.9952,241.2866,0.4144,0.001885,Warning
6095,45.5964,0.9936,1.7933,0.9938,239.6873,0.4172,0.001917,Warning
6096,45.2756,0.9945,1.7933,0.9938,240.5296,0.4157,0.002258,Warning
6097,45.8981,0.9945,1.7941,0.9937,242.0137,0.4132,0.00179,Warning
6098,44.928,0.9934,1.7937,0.9959,240.3084,0.4161,0.002363,Warning
6099,45.2285,0.9945,1.7919,0.995,241.1453,0.4147,0.001616,Warning
6100,47.1792,0.9943,1.7936,0.9955,240.3753,0.416,0.00209,Warning
6101,46.794,0.9943,1.7945,0.9936,242.0221,0.4132,0.00182,Warning
6102,46.8036,0.9946,1.7949,0.9941,240.1106,0.4165,0.00229,Warning
6103,44.7699,0.9928,1.7939,0.9952,240.4135,0.416,0.001964,Warning
6104,46.7089,0.9939,1.7936,0.9951,240.4461,0.4159,0.001502,Warning
6105,46.2297,0.9947,1.7937,0.9929,240.3851,0.416,0.002023,Warning
6106,44.8402,0.9946,1.7934,0.9951,240.2923,0.4162,0.001615,Warning
6107,47.14,0.9947,1.7945,0.996,241.2417,0.4145,0.002031,Warning
6108,45.4633,0.9953,1.7952,0.9955,240.6076,0.4156,0.001598,Warning
6109,46.1791,0.9956,1.7927,0.9961,240.4593,0.4159,0.001765,Warning
6110,45.0576,0.9931,1.7945,0.9959,241.0237,0.4149,0.001743,Warning
6111,45.117,0.994,1.7935,0.9953,240.5765,0.4157,0.001784,Warning
6112,46.1288,0.9942,1.7951,0.9948,241.2684,0.4145,0.002204,Warning
6113,46.4611,0.9951,1.7933,0.9944,240.703,0.4154,0.001833,Warning
6114,46.8619,0.9932,1.7938,0.9962,241.0014,0.4149,0.001842,Warning
6115,46.1978,0.9928,1.7927,0.9935,240.9928,0.415,0.002028,Warning
6116,46.6213,0.995,1.7953,0.9953,240.7743,0.4153,0.00214,Warning
6117,45.4498,0.9927,1.7935,0.9947,240.8632,0.4152,0.001675,Warning
6118,46.3082,0.9933,1.7951,0.9939,240.7114,0.4154,0.001778,Warning
6119,46.1989,0.9948,1.7941,0.995,241.3745,0.4143,0.002014,Warning
6120,46.2314,0.9943,1.7945,0.9935,240.5394,0.4157,0.001921,Warning
6121,45.7845,0.9936,1.7943,0.9955,241.1921,0.4146,0.001688,Warning
6122,44.8854,0.9947,1.7931,0.9943,240.0956,0.4165,0.002077,Warning
6123,46.191,0.9942,1.7946,0.9951,241.6257,0.4139,0.001608,Warning
6124,45.1547,0.9927,1.7943,0.9956,240.4359,0.4159,0.001801,Warning
6125,47.0395,0.9932,1.7942,0.9944,241.6893,0.4138,0.001973,Warning
6126,44.9077,0.9936,1.7918,0.996,242.4488,0.4125,0.001412,Warning
6127,44.8869,0.994,1.7939,0.9947,239.4194,0.4177,0.001913,Warning
6128,46.7404,0.9967,1.7952,0.9938,240.7985,0.4153,0.001967,Warning
6129,45.4816,0.9947,1.7946,0.9963,241.4483,0.4142,0.001906,Warning
6130,45.5237,0.9926,1.7941,0.9947,240.5592,0.4157,0.002073,Warning
6131,47.1309,0.9926,1.7937,0.9947,241.0554,0.4148,0.001396,Warning
6132,44.8689,0.9938,1.7947,0.9952,241.3392,0.4144,0.001889,Warning
6133,47.0604,0.9954,1.7931,0.996,241.207,0.4146,0.002351,Warning
6134,45.4029,0.9937,1.7928,0.9941,241.1075,0.4148,0.001891,Warning
6135,46.4762,0.9944,1.7936,0.9948,240.0209,0.4166,0.00171,Warning
6136,45.9994,0.9941,1.7946,0.9957,242.0417,0.4132,0.001656,Warning
6137,45.8605,0.993,1.7951,0.9946,241.7185,0.4137,0.002142,Warning
6138,46.3791,0.9942,1.7939,0.9948,240.4431,0.4159,0.001822,Warning
6139,47.5097,0.9928,1.7941,0.9958,240.564,0.4157,0.001935,Warning
6140,44.8483,0.9952,1.795,0.995,240.0861,0.4165,0.002011,Warning
6141,45.1353,0.9929,1.7938,0.9966,241.301,0.4144,0.001723,Warning
6142,44.7099,0.9939,1.7941,0.995,242.2321,0.4128,0.001826,Warning
6143,44.2317,0.9934,1.7943,0.9955,240.6442,0.4156,0.001784,Warning
6144,44.4595,0.9939,1.7935,0.9953,241.177,0.4146,0.002101,Warning
6145,45.2965,0.9926,1.7933,0.9943,240.1222,0.4165,0.002142,Warning
6146,46.1815,0.9958,1.7939,0.9939,240.1345,0.4164,0.002059,Warning
6147,45.1575,0.9944,1.7935,0.9942,241.8887,0.4134,0.001736,Warning
6148,45.4043,0.9938,1.7933,0.9973,241.6263,0.4139,0.001736,Warning
6149,45.6879,0.9918,1.794,0.9943,240.8469,0.4152,0.001461,Warning
6150,46.0486,0.9955,1.7939,0.9943,240.7586,0.4154,0.001842,Warning
6151,47.8253,0.9935,1.7926,0.9951,240.9299,0.4151,0.001968,Warning
6152,46.6782,0.9958,1.7933,0.9944,239.2887,0.4179,0.001988,Warning
6153,45.3655,0.9947,1.7934,0.9968,239.6237,0.4173,0.00206,Warning
6154,46.8003,0.9944,1.7927,0.9956,240.8705,0.4152,0.00149,Warning
6155,47.3256,0.9935,1.7953,0.995,241.5534,0.414,0.001685,Warning
6156,46.2523,0.994,1.7935,0.9942,238.3126,0.4196,0.001688,Warning
6157,46.643,0.9924,1.7927,0.9936,240.9316,0.4151,0.001678,Warning
6158,47.0607,0.9946,1.794,0.9954,240.1526,0.4164,0.001705,Warning
6159,46.655,0.9948,1.7945,0.9946,240.4484,0.4159,0.001671,Warning
6160,46.7026,0.9919,1.7916,0.9931,239.0458,0.4183,0.002129,Warning
6161,46.7192,0.9926,1.7937,0.9965,241.1587,0.4147,0.002281,Warning
6162,46.0002,0.9932,1.7928,0.9951,241.5059,0.4141,0.001878,Warning
6163,45.8068,0.9951,1.7944,0.995,240.1422,0.4164,0.001808,Warning
6164,46.4734,0.9931,1.7926,0.9946,240.7146,0.4154,0.002132,Warning
6165,45.169,0.9941,1.7936,0.9948,241.984,0.4133,0.001876,Warning
6166,45.368,0.9947,1.7946,0.9941,239.7967,0.417,0.001942,Warning
6167,46.0742,0.9934,1.7949,0.9945,241.0868,0.4148,0.002095,Warning
6168,45.8311,0.992,1.7934,0.9953,241.5504,0.414,0.001756,Warning
6169,47.4827,0.9925,1.794,0.9948,241.8242,0.4135,0.001566,Warning
6170,46.4465,0.9936,1.7954,0.9942,241.0773,0.4148,0.001693,Warning
6171,46.2582,0.9935,1.7934,0.9931,241.0752,0.4148,0.001645,Warning
6172,45.2163,0.9923,1.7928,0.9956,241.1029,0.4148,0.001994,Warning
6173,45.2898,0.994,1.7932,0.996,241.0813,0.4148,0.001731,Warning
6174,46.9457,0.9943,1.7924,0.9934,239.6609,0.4173,0.002192,Warning
6175,45.3026,0.9957,1.7928,0.9939,241.4415,0.4142,0.002048,Warning
6176,46.5615,0.9945,1.793,0.9959,240.928,0.4151,0.00179,Warning
6177,46.1943,0.9949,1.7942,0.9929,241.4475,0.4142,0.002026,Warning
6178,45.8171,0.9939,1.7939,0.9931,240.4117,0.416,0.001791,Warning
6179,45.9952,0.9933,1.7945,0.9942,241.4596,0.4141,0.001987,Warning
6180,47.2123,0.9956,1.7956,0.9939,241.0053,0.4149,0.00172,Warning
6181,48.75,0.9944,1.7952,0.9955,238.6201,0.4191,0.001708,Warning
6182,45.5791,0.9934,1.7942,0.9956,238.6251,0.4191,0.001817,Warning
6183,45.7407,0.9952,1.7944,0.9949,240.9044,0.4151,0.001527,Warning
6184,46.6603,0.9934,1.793,0.9964,240.9429,0.415,0.001732,Warning
6185,45.6495,0.9942,1.7941,0.9951,239.7598,0.4171,0.001654,Warning
6186,45.5361,0.9936,1.7938,0.9949,240.6296,0.4156,0.002242,Warning
6187,46.816,0.995,1.7943,0.9951,241.0475,0.4149,0.001911,Warning
6188,46.7848,0.9928,1.7945,0.9952,239.2723,0.4179,0.001884,Warning
6189,45.0952,0.9933,1.7937,0.9935,240.6735,0.4155,0.00188,Warning
6190,46.7461,0.9934,1.7941,0.995,240.3804,0.416,0.001533,Warning
6191,46.0545,0.9946,1.7929,0.9948,240.6571,0.4155,0.002088,Warning
6192,46.1697,0.9941,1.7938,0.9946,239.8044,0.417,0.001811,Warning
6193,46.4621,0.9939,1.7953,0.996,241.7029,0.4137,0.001461,Warning
6194,47.4127,0.9941,1.7942,0.9959,240.7261,0.4154,0.001654,Warning
6195,47.3089,0.993,1.7928,0.9948,240.3987,0.416,0.001869,Warning
6196,46.0742,0.9952,1.7943,0.9942,240.1296,0.4164,0.001791,Warning
6197,45.8472,0.9933,1.7927,0.9953,240.34,0.4161,0.001679,Warning
6198,46.5448,0.9946,1.7936,0.9968,242.4754,0.4124,0.001969,Warning
6199,45.7832,0.9941,1.7926,0.9942,239.3553,0.4178,0.001744,Warning
6200,45.174,0.9944,1.7931,0.9953,241.2983,0.4144,0.002104,Warning
6201,45.8791,0.9941,1.7941,0.9963,241.3253,0.4144,0.002131,Warning
6202,44.8319,0.9931,1.7948,0.9956,240.597,0.4156,0.001776,Warning
6203,46.7963,0.9918,1.7946,0.9951,240.3044,0.4161,0.001971,Warning
6204,45.8584,0.9938,1.7937,0.9958,240.8213,0.4152,0.001489,Warning
6205,45.0553,0.9927,1.7943,0.9956,242.0288,0.4132,0.001669,Warning
6206,47.2182,0.9919,1.7938,0.9953,240.8843,0.4151,0.00181,Warning
6207,46.2669,0.9926,1.7947,0.9953,240.9793,0.415,0.001816,Warning
6208,45.912,0.9943,1.7954,0.9936,239.5327,0.4175,0.001926,Warning
6209,45.9104,0.9939,1.7938,0.9957,240.4576,0.4159,0.001631,Warning
6210,45.5461,0.9936,1.7925,0.995,240.7336,0.4154,0.001801,Warning
6211,46.3472,0.9922,1.7928,0.9939,241.3874,0.4143,0.002335,Warning
6212,45.4769,0.9936,1.7931,0.9953,240.1953,0.4163,0.00193,Warning
6213,46.7154,0.9926,1.7941,0.9932,240.4753,0.4158,0.001809,Warning
6214,46.0019,0.9935,1.7933,0.9948,240.8695,0.4152,0.001927,Warning
6215,46.2792,0.9932,1.7949,0.9966,239.6468,0.4173,0.001907,Warning
6216,45.8143,0.9947,1.7938,0.9951,241.072,0.4148,0.001815,Warning
6217,47.5326,0.9943,1.7947,0.9948,240.5762,0.4157,0.002037,Warning
6218,46.7613,0.9925,1.7939,0.9955,240.5688,0.4157,0.001951,Warning
6219,46.1238,0.9915,1.7925,0.996,240.476,0.4158,0.001914,Warning
6220,46.1931,0.993,1.7933,0.9954,241.0148,0.4149,0.002314,Warning
6221,45.8156,0.9954,1.7929,0.9955,240.8108,0.4153,0.001851,Warning
6222,46.1951,0.9932,1.7947,0.9942,240.921,0.4151,0.002028,Warning
6223,47.3088,0.9947,1.7943,0.9944,240.0369,0.4166,0.001649,Warning
6224,45.2158,0.9938,1.793,0.9962,240.2008,0.4163,0.001896,Warning
6225,45.9933,0.9924,1.7949,0.9957,241.3109,0.4144,0.001996,Warning
6226,45.5992,0.993,1.7942,0.9966,240.9698,0.415,0.002073,Warning
6227,45.7879,0.9949,1.7934,0.9953,240.3666,0.416,0.002056,Warning
6228,46.9326,0.9923,1.7951,0.9974,240.3737,0.416,0.001853,Warning
6229,47.2037,0.9938,1.7938,0.9969,239.5731,0.4174,0.001721,Warning
6230,46.5483,0.9922,1.7934,0.9946,241.4244,0.4142,0.002018,Warning
6231,44.8692,0.9931,1.7931,0.9948,239.7755,0.4171,0.00197,Warning
6232,45.6623,0.9944,1.7938,0.994,241.7626,0.4136,0.002163,Warning
6233,46.4517,0.9935,1.7927,0.9961,241.3086,0.4144,0.001717,Warning
6234,45.6717,0.9942,1.7926,0.9944,239.8165,0.417,0.001679,Warning
6235,45.6469,0.9947,1.792,0.9954,240.8539,0.4152,0.002074,Warning
6236,46.4304,0.9934,1.7929,0.996,241.0436,0.4149,0.001782,Warning
6237,46.9537,0.9933,1.7938,0.9944,241.0716,0.4148,0.001682,Warning
6238,45.9895,0.9931,1.794,0.9954,239.7597,0.4171,0.001963,Warning
6239,45.0488,0.996,1.7932,0.9961,240.8024,0.4153,0.00193,Warning
6240,45.2991,0.9946,1.7938,0.9955,240.5674,0.4157,0.001908,Warning
6241,45.5241,0.9936,1.7933,0.9943,240.7461,0.4154,0.001955,Warning
6242,46.4362,0.9937,1.7942,0.9952,240.715,0.4154,0.001916,Warning
6243,47.1838,0.9926,1.7934,0.9953,239.3693,0.4178,0.002159,Warning
6244,46.4431,0.9947,1.7949,0.9954,238.8479,0.4187,0.001913,Warning
6245,46.4105,0.9927,1.792,0.9955,239.6331,0.4173,0.002296,Warning
6246,46.4533,0.9951,1.7938,0.9958,240.6736,0.4155,0.002085,Warning
6247,44.6139,0.9946,1.7944,0.9948,240.3022,0.4161,0.001824,Warning
6248,46.4726,0.995,1.7932,0.9933,242.6157,0.4122,0.002019,Warning
6249,45.9352,0.9949,1.7947,0.9955,240.2449,0.4162,0.002018,Warning
6250,47.1216,0.992,1.794,0.9953,240.8379,0.4152,0.001894,Warning
6251,47.2007,0.9935,1.7937,0.9953,240.481,0.4158,0.001608,Warning
6252,46.4249,0.994,1.7934,0.9949,238.0781,0.42,0.002127,Warning
6253,46.9762,0.9924,1.7931,0.9964,239.6966,0.4172,0.001982,Warning
6254,45.8636,0.9942,1.7938,0.9947,240.9298,0.4151,0.001788,Warning
6255,44.8316,0.9928,1.7927,0.9934,240.913,0.4151,0.001852,Warning
6256,46.544,0.9943,1.7945,0.9954,239.8323,0.417,0.002003,Warning
6257,46.44,0.9959,1.7938,0.9954,240.5386,0.4157,0.001897,Warning
6258,46.2495,0.9933,1.7939,0.9956,240.2774,0.4162,0.002055,Warning
6259,46.8376,0.9929,1.7928,0.9954,240.1415,0.4164,0.001679,Warning
6260,47.6415,0.9928,1.7922,0.9942,240.7953,0.4153,0.001903,Warning
6261,47.7796,0.993,1.794,0.9961,240.0813,0.4165,0.002029,Warning
6262,44.8059,0.9955,1.7947,0.9943,241.2709,0.4145,0.002151,Warning
6263,45.2425,0.9931,1.7951,0.9951,240.9544,0.415,0.001903,Warning
6264,46.9884,0.9942,1.7938,0.9929,241.116,0.4147,0.002035,Warning
6265,45.2854,0.9926,1.7943,0.9952,239.0227,0.4184,0.001725,Warning
6266,46.5299,0.9944,1.7931,0.9948,239.8975,0.4168,0.002155,Warning
6267,46.4203,0.9931,1.7926,0.9937,242.0487,0.4131,0.001855,Warning
6268,45.9628,0.9935,1.7931,0.9949,240.6259,0.4156,0.001893,Warning
6269,45.2741,0.9946,1.7932,0.9943,240.0334,0.4166,0.00168,Warning
6270,46.5002,0.9946,1.793,0.9931,239.7733,0.4171,0.001801,Warning
6271,45.3027,0.9931,1.7932,0.995,239.4295,0.4177,0.002007,Warning
6272,47.6184,0.9952,1.7931,0.9957,241.0322,0.4149,0.001883,Warning
6273,46.433,0.9944,1.7946,0.9942,241.1887,0.4146,0.002225,Warning
6274,46.9989,0.9953,1.7911,0.9956,240.8004,0.4153,0.002098,Warning
6275,45.3945,0.9932,1.7946,0.9939,240.7814,0.4153,0.001889,Warning
6276,46.1401,0.9943,1.7926,0.9942,240.4746,0.4158,0.001653,Warning
6277,47.2833,0.9929,1.7945,0.9941,241.1479,0.4147,0.001571,Warning
6278,47.4273,0.9949,1.7932,0.9942,240.9492,0.415,0.001588,Warning
6279,46.33,0.9929,1.7935,0.9943,239.9428,0.4168,0.002235,Warning
6280,46.9284,0.9922,1.7928,0.9958,241.3549,0.4143,0.001617,Warning
6281,46.8647,0.994,1.7918,0.9946,240.4696,0.4159,0.001904,Warning
6282,45.2511,0.993,1.7931,0.9944,240.1618,0.4164,0.001868,Warning
6283,46.5571,0.9955,1.7946,0.9963,240.1909,0.4163,0.001694,Warning
6284,46.9523,0.9937,1.7944,0.9941,241.0929,0.4148,0.00186,Warning
6285,45.9443,0.9933,1.7942,0.9957,240.2794,0.4162,0.001964,Warning
6286,46.5875,0.9945,1.7947,0.9968,240.1989,0.4163,0.002188,Warning
6287,46.4103,0.9926,1.7931,0.9954,241.1485,0.4147,0.001693,Warning
6288,45.7073,0.9932,1.7928,0.9931,238.7925,0.4188,0.00182,Warning
6289,46.5219,0.9944,1.7923,0.9936,240.1442,0.4164,0.001897,Warning
6290,47.129,0.9944,1.7933,0.9953,239.8902,0.4169,0.001912,Warning
6291,46.2739,0.9951,1.7942,0.9942,239.9551,0.4167,0.001831,Warning
6292,45.074,0.9935,1.7936,0.9954,241.0517,0.4148,0.001917,Warning
6293,45.0234,0.9925,1.7931,0.9956,241.0553,0.4148,0.001848,Warning
6294,48.217,0.9953,1.7949,0.9957,240.9258,0.4151,0.001975,Warning
6295,44.887,0.9927,1.7935,0.9951,240.4579,0.4159,0.001953,Warning
6296,44.6502,0.9942,1.7938,0.9948,241.2978,0.4144,0.00169,Warning
6297,46.1451,0.994,1.7928,0.993,239.6321,0.4173,0.001886,Warning
6298,46.1372,0.9937,1.793,0.9936,240.6626,0.4155,0.001866,Warning
6299,46.8485,0.993,1.7917,0.9924,240.2303,0.4163,0.001925,Warning
6300,46.1541,0.9931,1.7921,0.9931,240.8438,0.4152,0.001854,Warning
6301,46.051,0.9922,1.7927,0.995,240.7762,0.4153,0.001867,Warning
6302,47.447,0.9931,1.795,0.9952,240.6335,0.4156,0.002087,Warning
6303,45.8461,0.9934,1.7925,0.9959,240.8139,0.4153,0.00212,Warning
6304,46.5111,0.9948,1.7929,0.9959,240.2257,0.4163,0.001902,Warning
6305,46.9317,0.996,1.7945,0.9959,240.1062,0.4165,0.001933,Warning
6306,46.2741,0.9951,1.7935,0.9963,239.4997,0.4175,0.002182,Warning
6307,45.6635,0.9945,1.7928,0.9956,239.7694,0.4171,0.002109,Warning
6308,47.0306,0.9931,1.7943,0.9959,239.7993,0.417,0.001696,Warning
6309,45.4992,0.9925,1.7926,0.9959,240.9828,0.415,0.001563,Warning
6310,45.9499,0.9925,1.7946,0.9945,239.2995,0.4179,0.001937,Warning
6311,46.845,0.9927,1.7934,0.994,241.5287,0.414,0.001817,Warning
6312,45.7841,0.9936,1.7935,0.9956,241.5048,0.4141,0.002148,Warning
6313,46.0579,0.994,1.7952,0.9965,239.8298,0.417,0.002022,Warning
6314,46.7038,0.9946,1.7949,0.9939,239.9765,0.4167,0.002086,Warning
6315,46.4854,0.9915,1.792,0.9956,241.1988,0.4146,0.001635,Warning
6316,47.2481,0.9935,1.7927,0.9944,239.5478,0.4175,0.001782,Warning
6317,44.8755,0.9936,1.7943,0.9936,240.5381,0.4157,0.001744,Warning
6318,46.9074,0.9914,1.7944,0.9931,240.355,0.4161,0.001764,Warning
6319,46.0856,0.9922,1.7953,0.9937,239.5554,0.4174,0.002265,Warning
6320,46.6342,0.9924,1.7936,0.9947,239.1699,0.4181,0.001754,Warning
6321,46.3567,0.9949,1.7935,0.9948,239.8664,0.4169,0.002125,Warning
6322,47.1015,0.9945,1.7938,0.9933,241.3863,0.4143,0.001918,Warning
6323,46.1345,0.9941,1.7939,0.9939,240.2589,0.4162,0.001526,Warning
6324,46.452,0.995,1.7919,0.9951,241.0488,0.4149,0.00207,Warning
6325,45.788,0.9926,1.7931,0.9961,239.1449,0.4182,0.001664,Warning
6326,46.0198,0.9927,1.7936,0.9964,239.5479,0.4175,0.001879,Warning
6327,46.382,0.9933,1.7921,0.9943,240.0016,0.4167,0.002035,Warning
6328,46.7261,0.9921,1.7933,0.9944,242.0718,0.4131,0.001967,Warning
6329,45.5302,0.9929,1.7933,0.9953,240.8944,0.4151,0.001949,Warning
6330,46.2262,0.9935,1.7935,0.9932,240.456,0.4159,0.001794,Warning
6331,45.0735,0.9961,1.794,0.9949,240.2066,0.4163,0.002055,Warning
6332,45.4678,0.9934,1.7927,0.9957,239.8406,0.4169,0.00213,Warning
6333,46.32,0.9944,1.7941,0.996,239.7524,0.4171,0.002091,Warning
6334,44.9111,0.9937,1.7931,0.9935,239.7842,0.417,0.001782,Warning
6335,46.2458,0.9931,1.7937,0.9941,240.116,0.4165,0.001853,Warning
6336,46.5505,0.9945,1.7945,0.9952,240.8402,0.4152,0.001973,Warning
6337,46.1549,0.9946,1.7927,0.9929,239.6613,0.4173,0.002192,Warning
6338,46.1721,0.9939,1.7934,0.9955,240.5496,0.4157,0.001898,Warning
6339,46.9012,0.9932,1.794,0.9948,240.4056,0.416,0.001748,Warning
6340,46.2392,0.9931,1.7948,0.9932,241.2014,0.4146,0.001563,Warning
6341,46.8436,0.9928,1.7942,0.9948,239.3426,0.4178,0.002184,Warning
6342,47.0369,0.9942,1.793,0.9957,239.4604,0.4176,0.001467,Warning
6343,45.1675,0.9927,1.7929,0.9945,240.1732,0.4164,0.001783,Warning
6344,44.7261,0.9938,1.7934,0.9942,241.6024,0.4139,0.001865,Warning
6345,46.4678,0.9945,1.7922,0.9949,241.1165,0.4147,0.001895,Warning
6346,45.3801,0.9932,1.7938,0.9928,239.3989,0.4177,0.002309,Warning
6347,46.8123,0.9951,1.7945,0.9953,240.2322,0.4163,0.00199,Warning
6348,47.5864,0.9945,1.7938,0.9947,240.8767,0.4152,0.001808,Warning
6349,46.827,0.993,1.7933,0.9939,240.1247,0.4165,0.001778,Warning
6350,47.7835,0.9928,1.794,0.994,240.5125,0.4158,0.001973,Warning
6351,44.9509,0.9923,1.7927,0.9936,240.5408,0.4157,0.001964,Warning
6352,45.5831,0.9938,1.7932,0.9948,239.9693,0.4167,0.002013,Warning
6353,47.7433,0.9944,1.795,0.9935,239.9299,0.4168,0.002029,Warning
6354,47.6438,0.9943,1.7926,0.9945,240.7357,0.4154,0.001883,Warning
6355,45.8,0.9934,1.7936,0.9938,241.2551,0.4145,0.001829,Warning
6356,46.3827,0.9947,1.7935,0.9959,239.6426,0.4173,0.002003,Warning
6357,47.1141,0.9928,1.7935,0.9948,240.6322,0.4156,0.002012,Warning
6358,45.7154,0.9936,1.7952,0.996,241.0981,0.4148,0.001879,Warning
6359,48.1493,0.9947,1.7937,0.9951,240.0944,0.4165,0.001996,Warning
6360,46.9225,0.9943,1.7935,0.9934,240.6534,0.4155,0.002059,Warning
6361,45.667,0.9935,1.795,0.9937,240.2315,0.4163,0.002216,Warning
6362,46.5778,0.9931,1.7936,0.9957,240.2942,0.4162,0.002038,Warning
6363,46.6414,0.994,1.7943,0.9946,239.6999,0.4172,0.002014,Warning
6364,46.3493,0.9932,1.7942,0.9962,240.3303,0.4161,0.001921,Warning
6365,45.5116,0.9934,1.7939,0.9949,240.1628,0.4164,0.002065,Warning
6366,46.5052,0.9962,1.7938,0.9922,239.5614,0.4174,0.002026,Warning
6367,45.946,0.9931,1.7924,0.9944,240.6046,0.4156,0.001997,Warning
6368,45.6465,0.9944,1.7924,0.9953,240.7176,0.4154,0.001734,Warning
6369,45.6215,0.994,1.7931,0.9947,240.9964,0.4149,0.002017,Warning
6370,45.7332,0.9936,1.7927,0.9958,241.6742,0.4138,0.001752,Warning
6371,46.4429,0.9945,1.7937,0.9955,240.4848,0.4158,0.00171,Warning
6372,46.5647,0.9948,1.7939,0.9965,239.0248,0.4184,0.001997,Warning
6373,45.953,0.9928,1.795,0.9946,240.1593,0.4164,0.001991,Warning
6374,44.7512,0.995,1.7955,0.9958,240.7686,0.4153,0.001879,Warning
6375,45.6148,0.9948,1.7945,0.9954,240.7044,0.4154,0.001983,Warning
6376,46.0561,0.9961,1.7933,0.9945,241.3325,0.4144,0.001917,Warning
6377,46.4634,0.995,1.7943,0.9956,239.3003,0.4179,0.002003,Warning
6378,45.6759,0.9932,1.7938,0.9949,240.9564,0.415,0.002078,Warning
6379,47.1587,0.9923,1.796,0.9949,241.4018,0.4142,0.001421,Warning
6380,46.2717,0.9922,1.7928,0.9949,240.1622,0.4164,0.002187,Warning
6381,47.901,0.9927,1.7931,0.9939,241.3532,0.4143,0.001956,Warning
6382,46.5135,0.9939,1.7933,0.994,240.4678,0.4159,0.001871,Warning
6383,46.767,0.992,1.7938,0.9942,240.5465,0.4157,0.002106,Warning
6384,46.0462,0.9948,1.7919,0.9964,241.4148,0.4142,0.001748,Warning
6385,45.7904,0.9921,1.7945,0.9946,240.0995,0.4165,0.001701,Warning
6386,47.9444,0.9926,1.7936,0.9951,240.1021,0.4165,0.001806,Warning
6387,46.2012,0.9942,1.7933,0.9965,239.7979,0.417,0.002077,Warning
6388,45.0933,0.9928,1.7928,0.9938,240.6448,0.4156,0.001904,Warning
6389,44.6771,0.9956,1.7938,0.9949,241.4646,0.4141,0.002124,Warning
6390,46.2635,0.9917,1.7942,0.9939,241.4064,0.4142,0.001772,Warning
6391,46.1423,0.9923,1.7923,0.9948,240.2517,0.4162,0.001832,Warning
6392,48.148,0.9942,1.7936,0.9921,241.0726,0.4148,0.002527,Warning
6393,46.357,0.9928,1.7938,0.9935,240.7801,0.4153,0.002228,Warning
6394,45.9725,0.993,1.7935,0.9944,239.1991,0.4181,0.001851,Warning
6395,46.0414,0.995,1.7948,0.9963,241.0489,0.4149,0.00197,Warning
6396,45.8133,0.9949,1.794,0.9936,239.6749,0.4172,0.001676,Warning
6397,44.873,0.994,1.7924,0.9941,240.4356,0.4159,0.001892,Warning
6398,45.9456,0.9951,1.7921,0.9934,240.7693,0.4153,0.001804,Warning
6399,45.986,0.9925,1.7939,0.9951,240.4968,0.4158,0.001813,Warning
6400,45.9192,0.9934,1.7946,0.9964,241.2891,0.4144,0.002031,Warning
6401,47.3075,0.9924,1.7929,0.9954,240.304,0.4161,0.001998,Warning
6402,47.3072,0.9944,1.7925,0.9949,239.6603,0.4173,0.001775,Warning
6403,45.1567,0.9937,1.7918,0.9953,241.4823,0.4141,0.002037,Warning
6404,46.5687,0.9951,1.7939,0.994,240.4941,0.4158,0.002323,Warning
6405,45.6549,0.9922,1.7942,0.9947,239.9669,0.4167,0.00168,Warning
6406,44.9707,0.9921,1.7952,0.9949,238.8211,0.4187,0.002169,Warning
6407,47.5205,0.9948,1.7932,0.9946,240.4996,0.4158,0.002212,Warning
6408,46.0905,0.9928,1.7943,0.9961,240.3458,0.4161,0.002066,Warning
6409,46.6262,0.9933,1.7928,0.9937,239.8947,0.4168,0.001737,Warning
6410,46.7648,0.9948,1.7938,0.994,241.0693,0.4148,0.001992,Warning
6411,46.9357,0.9931,1.7947,0.996,240.2362,0.4163,0.002077,Warning
6412,47.4228,0.9931,1.7935,0.995,239.5037,0.4175,0.002022,Warning
6413,47.3614,0.9934,1.7939,0.9963,240.0564,0.4166,0.002006,Warning
6414,46.0894,0.993,1.7939,0.9951,240.8231,0.4152,0.001949,Warning
6415,46.9191,0.9953,1.7946,0.9952,240.7814,0.4153,0.001875,Warning
6416,46.4214,0.9941,1.7937,0.9957,241.3897,0.4143,0.001914,Warning
6417,44.9432,0.9956,1.7929,0.9951,240.9565,0.415,0.002217,Warning
6418,47.9972,0.9932,1.7948,0.9951,242.5676,0.4123,0.002155,Warning
6419,46.4122,0.9928,1.791,0.9955,241.1783,0.4146,0.002085,Warning
6420,44.6733,0.9923,1.7941,0.9966,240.3256,0.4161,0.002154,Warning
6421,45.7303,0.9938,1.7933,0.9961,239.9366,0.4168,0.002272,Warning
6422,46.3134,0.9925,1.7925,0.9942,240.6635,0.4155,0.001815,Warning
6423,45.905,0.9945,1.7904,0.9944,239.2981,0.4179,0.001763,Warning
6424,46.7582,0.9934,1.7933,0.9961,240.3531,0.4161,0.002298,Warning
6425,47.1348,0.9926,1.7955,0.9951,241.8599,0.4135,0.001884,Warning
6426,46.7846,0.994,1.7934,0.9961,241.9071,0.4134,0.001479,Warning
6427,47.2205,0.9927,1.791,0.9954,240.7749,0.4153,0.002074,Warning
6428,46.8672,0.9944,1.793,0.9951,240.9165,0.4151,0.002209,Warning
6429,46.6073,0.9934,1.7935,0.9937,240.9722,0.415,0.001647,Warning
6430,46.8868,0.9937,1.792,0.9934,239.672,0.4172,0.00187,Warning
6431,47.7602,0.9935,1.7941,0.9961,241.212,0.4146,0.001938,Warning
6432,46.0132,0.9941,1.7929,0.9967,241.0462,0.4149,0.001981,Warning
6433,46.9895,0.9937,1.7932,0.9954,240.1562,0.4164,0.002327,Warning
6434,46.027,0.9941,1.7928,0.9941,238.9201,0.4185,0.002022,Warning
6435,46.157,0.9946,1.794,0.995,239.2191,0.418,0.002057,Warning
6436,46.0551,0.9921,1.794,0.9936,238.6731,0.419,0.0022,Warning
6437,46.138,0.9918,1.7926,0.9941,241.2599,0.4145,0.001609,Warning
6438,45.5173,0.9945,1.7931,0.9951,239.9503,0.4168,0.002346,Warning
6439,45.5584,0.9938,1.7951,0.9945,239.7385,0.4171,0.002095,Warning
6440,47.3953,0.9928,1.795,0.9949,240.747,0.4154,0.00224,Warning
6441,47.2088,0.9936,1.7929,0.9976,239.7073,0.4172,0.002006,Warning
6442,47.0036,0.9941,1.7957,0.9949,240.2609,0.4162,0.002253,Warning
6443,46.4887,0.9944,1.7938,0.9958,240.9159,0.4151,0.001862,Warning
6444,45.124,0.9919,1.7917,0.9948,238.4519,0.4194,0.001911,Warning
6445,46.708,0.9944,1.7941,0.9957,240.6636,0.4155,0.001879,Warning
6446,46.518,0.9927,1.7938,0.9933,241.1838,0.4146,0.001752,Warning
6447,46.7277,0.9939,1.7947,0.9932,240.0691,0.4165,0.002054,Warning
6448,48.0073,0.9935,1.793,0.9969,240.97,0.415,0.002219,Warning
6449,45.6406,0.9941,1.7925,0.9935,240.792,0.4153,0.002075,Warning
6450,46.2244,0.995,1.7932,0.9946,240.2962,0.4162,0.001896,Warning
6451,47.6336,0.9925,1.7928,0.9936,241.8303,0.4135,0.00188,Warning
6452,45.9988,0.9933,1.7944,0.9955,239.8619,0.4169,0.001866,Warning
6453,45.451,0.9937,1.7948,0.9943,240.8292,0.4152,0.001829,Warning
6454,45.7407,0.9942,1.7959,0.9954,239.9879,0.4167,0.001876,Warning
6455,48.1463,0.9939,1.7928,0.9948,240.4896,0.4158,0.00204,Warning
6456,47.8304,0.9948,1.7937,0.9948,240.6328,0.4156,0.001825,Warning
6457,47.4066,0.9933,1.794,0.9965,240.7567,0.4154,0.001993,Warning
6458,46.2105,0.9935,1.7924,0.9954,238.6055,0.4191,0.002141,Warning
6459,47.2115,0.9936,1.793,0.9948,238.8923,0.4186,0.002112,Warning
6460,46.4969,0.9951,1.7939,0.9951,240.6308,0.4156,0.001753,Warning
6461,46.269,0.9937,1.7932,0.9943,240.0826,0.4165,0.001957,Warning
6462,48.4866,0.9932,1.7929,0.9947,241.5083,0.4141,0.002263,Warning
6463,48.1927,0.9936,1.7942,0.9938,240.0227,0.4166,0.001726,Warning
6464,47.0138,0.9936,1.7938,0.994,240.9845,0.415,0.001468,Warning
6465,46.4354,0.9934,1.7915,0.9952,240.1639,0.4164,0.002062,Warning
6466,48.2387,0.9939,1.7945,0.9962,240.6946,0.4155,0.001777,Warning
6467,45.3285,0.9939,1.7931,0.9961,239.9194,0.4168,0.001947,Warning
6468,45.7152,0.9932,1.7926,0.994,240.2557,0.4162,0.001829,Warning
6469,48.7476,0.9944,1.7946,0.9947,240.3811,0.416,0.001865,Warning
6470,48.7455,0.9934,1.7929,0.9941,240.5633,0.4157,0.002235,Warning
6471,47.5174,0.9928,1.7927,0.9961,241.9746,0.4133,0.001922,Warning
6472,47.6149,0.9921,1.7927,0.9938,240.6218,0.4156,0.001916,Warning
6473,46.8419,0.9947,1.7929,0.9949,239.2202,0.418,0.002185,Warning
6474,47.5303,0.9939,1.7936,0.9943,239.1726,0.4181,0.002013,Warning
6475,47.26,0.9955,1.7931,0.9951,241.179,0.4146,0.002181,Warning
6476,46.1588,0.9932,1.793,0.9939,241.4633,0.4141,0.001965,Warning
6477,46.5992,0.9938,1.7936,0.9946,239.6753,0.4172,0.002266,Warning
6478,46.2042,0.9926,1.7934,0.997,239.6257,0.4173,0.002095,Warning
6479,46.4651,0.9938,1.7944,0.9931,239.5644,0.4174,0.002135,Warning
6480,46.742,0.9937,1.7942,0.9939,241.1241,0.4147,0.002118,Warning
6481,46.8565,0.994,1.7947,0.9942,240.8076,0.4153,0.002303,Warning
6482,47.1801,0.9933,1.7958,0.995,241.3959,0.4143,0.00187,Warning
6483,47.5236,0.993,1.7938,0.9942,241.7964,0.4136,0.001911,Warning
6484,45.7849,0.9936,1.7941,0.9948,239.6233,0.4173,0.002163,Warning
6485,47.6803,0.9919,1.7926,0.9947,239.8478,0.4169,0.002061,Warning
6486,48.1464,0.9931,1.7951,0.9933,240.6357,0.4156,0.001837,Warning
6487,47.0585,0.9918,1.7922,0.9953,239.7655,0.4171,0.001891,Warning
6488,48.1474,0.9936,1.7944,0.9941,239.195,0.4181,0.00194,Warning
6489,45.4878,0.9928,1.7937,0.9947,240.5341,0.4157,0.002077,Warning
6490,45.7254,0.9926,1.7913,0.9944,240.8544,0.4152,0.002255,Warning
6491,46.8362,0.9949,1.7939,0.9949,239.7745,0.4171,0.00148,Warning
6492,47.6642,0.9935,1.7949,0.9939,242.2051,0.4129,0.001908,Warning
6493,46.1336,0.9933,1.7937,0.9947,239.8482,0.4169,0.001597,Warning
6494,46.0457,0.9946,1.7926,0.9931,239.4146,0.4177,0.00194,Warning
6495,46.0836,0.9932,1.7927,0.9958,240.6502,0.4155,0.002402,Warning
6496,46.3874,0.9932,1.7947,0.9952,239.5028,0.4175,0.00207,Warning
6497,47.0118,0.9917,1.7929,0.995,241.4115,0.4142,0.002099,Warning
6498,46.2452,0.9928,1.7943,0.9924,239.6069,0.4174,0.002241,Warning
6499,46.9357,0.9927,1.7923,0.9956,240.3137,0.4161,0.001916,Warning
6500,46.9992,0.9937,1.7936,0.9935,239.4289,0.4177,0.00211,Warning
6501,47.1491,0.9939,1.7929,0.9956,239.9519,0.4168,0.002221,Warning
6502,46.1061,0.993,1.7933,0.9956,240.2189,0.4163,0.001968,Warning
6503,46.3921,0.9938,1.7934,0.994,240.3473,0.4161,0.001991,Warning
6504,48.587,0.9929,1.7927,0.9951,239.4497,0.4176,0.001747,Warning
6505,45.5595,0.9927,1.7927,0.9935,240.0423,0.4166,0.001488,Warning
6506,47.1042,0.9929,1.7931,0.9954,240.5384,0.4157,0.001836,Warning
6507,47.074,0.995,1.7925,0.9955,239.349,0.4178,0.002197,Warning
6508,46.1449,0.9927,1.7946,0.9955,239.6947,0.4172,0.001988,Warning
6509,46.1482,0.9919,1.7937,0.9944,239.4798,0.4176,0.002224,Warning
6510,45.9884,0.9936,1.7946,0.9945,239.6477,0.4173,0.002023,Warning
6511,47.0844,0.9944,1.7954,0.9943,240.3902,0.416,0.001709,Warning
6512,47.2547,0.9937,1.7933,0.9942,239.9533,0.4167,0.002011,Warning
6513,45.9505,0.9932,1.7935,0.9932,239.3895,0.4177,0.001832,Warning
6514,47.9798,0.9927,1.7934,0.9937,239.6079,0.4173,0.001676,Warning
6515,47.2632,0.9922,1.7944,0.9953,240.1672,0.4164,0.002153,Warning
6516,49.2114,0.994,1.7924,0.9963,240.3749,0.416,0.002387,Warning
6517,46.3258,0.9948,1.7935,0.9974,239.9992,0.4167,0.002565,Warning
6518,47.0843,0.9943,1.7952,0.994,240.9983,0.4149,0.001907,Warning
6519,46.8551,0.9936,1.7941,0.9953,239.7613,0.4171,0.001991,Warning
6520,44.8685,0.9945,1.7952,0.995,238.9352,0.4185,0.002115,Warning
6521,46.1268,0.9937,1.7942,0.9953,241.0832,0.4148,0.001996,Warning
6522,46.8783,0.9942,1.7934,0.9941,240.5786,0.4157,0.001741,Warning
6523,46.6767,0.9921,1.7929,0.9943,239.4281,0.4177,0.002187,Warning
6524,47.5576,0.9948,1.7933,0.9943,240.8569,0.4152,0.001993,Warning
6525,46.8438,0.9909,1.7942,0.9954,240.2082,0.4163,0.002131,Warning
6526,47.2282,0.9928,1.7933,0.9938,241.3808,0.4143,0.002163,Warning
6527,46.0975,0.9941,1.7938,0.9941,240.309,0.4161,0.00214,Warning
6528,47.5023,0.9958,1.7936,0.9945,240.6577,0.4155,0.001932,Warning
6529,46.2843,0.9925,1.79,0.9955,238.8961,0.4186,0.001793,Warning
6530,46.988,0.9931,1.7956,0.9933,241.996,0.4132,0.002245,Warning
6531,47.4831,0.9949,1.7939,0.9931,240.6154,0.4156,0.001673,Warning
6532,46.3349,0.9934,1.7926,0.9957,240.031,0.4166,0.002051,Warning
6533,46.7519,0.9936,1.7926,0.9936,240.0775,0.4165,0.001777,Warning
6534,47.876,0.9921,1.7958,0.9951,240.2545,0.4162,0.001862,Warning
6535,47.2885,0.9933,1.7938,0.9956,240.7329,0.4154,0.002218,Warning
6536,47.1951,0.9925,1.7914,0.995,240.3764,0.416,0.002356,Warning
6537,46.6739,0.9938,1.7942,0.9953,240.8697,0.4152,0.001807,Warning
6538,45.9873,0.9932,1.7913,0.9947,239.6653,0.4172,0.002036,Warning
6539,46.5581,0.9924,1.7948,0.9949,240.8818,0.4151,0.002008,Warning
6540,47.1432,0.9921,1.7947,0.9956,240.1749,0.4164,0.00203,Warning
6541,47.5759,0.9931,1.7919,0.9944,240.3104,0.4161,0.001966,Warning
6542,47.8297,0.9925,1.7926,0.9937,240.53,0.4157,0.001667,Warning
6543,47.3724,0.9925,1.7927,0.9965,241.1716,0.4146,0.001997,Warning
6544,45.7304,0.9955,1.7933,0.995,240.9135,0.4151,0.001581,Warning
6545,46.269,0.9934,1.7936,0.9935,240.4436,0.4159,0.00198,Warning
6546,48.1167,0.9945,1.7932,0.9946,240.9926,0.415,0.002031,Warning
6547,45.6877,0.9955,1.7925,0.9972,240.5219,0.4158,0.001847,Warning
6548,44.8928,0.9942,1.7919,0.9951,241.7249,0.4137,0.001747,Warning
6549,47.3786,0.9926,1.7946,0.9948,240.1612,0.4164,0.002216,Warning
6550,47.2902,0.9926,1.7952,0.9932,240.3956,0.416,0.00181,Warning
6551,45.602,0.9923,1.7934,0.9951,241.0206,0.4149,0.002271,Warning
6552,47.0157,0.993,1.7945,0.9941,238.8955,0.4186,0.002163,Warning
6553,47.8545,0.9926,1.7954,0.9953,240.5177,0.4158,0.001873,Warning
6554,47.611,0.9919,1.7931,0.994,239.1219,0.4182,0.002149,Warning
6555,47.0719,0.9942,1.7932,0.9957,240.2292,0.4163,0.001882,Warning
6556,46.2897,0.9915,1.7946,0.9958,242.5079,0.4124,0.00191,Warning
6557,46.2692,0.9917,1.7944,0.9955,241.4059,0.4142,0.001794,Warning
6558,47.3775,0.9929,1.7948,0.9953,238.9184,0.4186,0.001951,Warning
6559,45.2477,0.9923,1.7923,0.9941,239.9514,0.4168,0.002011,Warning
6560,46.8996,0.9934,1.7938,0.9935,240.2185,0.4163,0.002265,Warning
6561,46.6772,0.9939,1.7938,0.9956,240.3882,0.416,0.002147,Warning
6562,47.2174,0.9941,1.7939,0.9937,239.2204,0.418,0.001908,Warning
6563,48.0547,0.9933,1.7937,0.9928,240.3105,0.4161,0.001996,Warning
6564,44.6765,0.9937,1.7918,0.994,240.9496,0.415,0.002011,Warning
6565,46.4582,0.9929,1.793,0.9949,239.192,0.4181,0.002204,Warning
6566,45.9007,0.9917,1.7944,0.9943,240.2074,0.4163,0.002111,Warning
6567,46.2451,0.9936,1.7941,0.9964,239.7407,0.4171,0.001888,Warning
6568,47.2731,0.9936,1.7933,0.9963,238.8021,0.4188,0.001696,Warning
6569,45.4875,0.9946,1.7939,0.9934,240.0481,0.4166,0.001975,Warning
6570,45.0586,0.9936,1.7923,0.9955,239.2274,0.418,0.002025,Warning
6571,47.8635,0.9944,1.7939,0.9947,238.9434,0.4185,0.001893,Warning
6572,46.6488,0.9931,1.7919,0.9952,239.1973,0.4181,0.002291,Warning
6573,46.9498,0.9944,1.7944,0.9968,240.286,0.4162,0.001904,Warning
6574,46.5366,0.9949,1.7921,0.9939,240.3286,0.4161,0.001952,Warning
6575,47.6091,0.9921,1.7934,0.9946,239.2797,0.4179,0.002158,Warning
6576,46.7634,0.9933,1.7926,0.9944,239.3187,0.4179,0.002156,Warning
6577,47.6649,0.9951,1.7939,0.9944,239.7593,0.4171,0.002081,Warning
6578,47.0011,0.9932,1.7932,0.9959,239.7875,0.417,0.002253,Warning
6579,46.9879,0.9931,1.7926,0.9946,240.5342,0.4157,0.001908,Warning
6580,47.5243,0.993,1.7933,0.9934,240.5776,0.4157,0.001931,Warning
6581,48.1089,0.9941,1.7935,0.996,240.4526,0.4159,0.002186,Warning
6582,46.1577,0.9939,1.7939,0.9932,241.3323,0.4144,0.001753,Warning
6583,45.8102,0.9906,1.7939,0.9931,239.712,0.4172,0.002152,Warning
6584,47.0048,0.9928,1.7918,0.9946,240.8082,0.4153,0.002125,Warning
6585,48.2824,0.9928,1.7921,0.995,240.2916,0.4162,0.001985,Warning
6586,46.2577,0.9908,1.7924,0.9953,240.3482,0.4161,0.002179,Warning
6587,47.1327,0.9941,1.7942,0.9948,240.1415,0.4164,0.001404,Warning
6588,46.3331,0.9928,1.7933,0.9938,240.8681,0.4152,0.00181,Warning
6589,47.7421,0.9924,1.7928,0.994,239.7195,0.4172,0.002222,Warning
6590,46.6003,0.9931,1.7927,0.9945,240.2882,0.4162,0.001944,Warning
6591,46.7436,0.9944,1.7937,0.9936,240.0453,0.4166,0.00188,Warning
6592,47.2824,0.9935,1.7945,0.994,239.9581,0.4167,0.001775,Warning
6593,46.834,0.9919,1.7937,0.9947,240.2346,0.4163,0.002146,Warning
6594,47.049,0.9921,1.7929,0.9946,239.8465,0.4169,0.001947,Warning
6595,48.1682,0.9935,1.7938,0.9927,240.7043,0.4154,0.002559,Warning
6596,47.9493,0.993,1.7957,0.9948,240.3512,0.4161,0.001935,Warning
6597,46.6399,0.9912,1.7942,0.9944,239.9541,0.4167,0.002044,Warning
6598,46.5447,0.9937,1.7946,0.9951,239.9802,0.4167,0.001965,Warning
6599,47.0387,0.9926,1.7936,0.9954,240.1715,0.4164,0.001905,Warning
6600,46.6503,0.9941,1.7923,0.9939,238.8145,0.4187,0.001997,Warning
6601,47.5713,0.9947,1.7949,0.994,240.2985,0.4161,0.00191,Warning
6602,48.2017,0.9947,1.7936,0.9941,237.3386,0.4213,0.001704,Warning
6603,45.4036,0.992,1.7953,0.9934,239.2467,0.418,0.001807,Warning
6604,48.966,0.9933,1.7944,0.9949,238.5065,0.4193,0.002298,Warning
6605,47.2099,0.9933,1.7952,0.9944,239.977,0.4167,0.001922,Warning
6606,47.7518,0.9942,1.7937,0.9937,239.7948,0.417,0.001781,Warning
6607,47.8209,0.9918,1.795,0.996,239.3547,0.4178,0.001909,Warning
6608,46.3245,0.9938,1.7948,0.9959,239.7417,0.4171,0.002243,Warning
6609,47.8337,0.9932,1.7934,0.9963,240.9332,0.4151,0.002238,Warning
6610,48.9663,0.9939,1.7937,0.9961,241.6753,0.4138,0.001871,Warning
6611,46.7383,0.9924,1.7937,0.9956,239.3244,0.4178,0.00222,Warning
6612,46.5389,0.9929,1.7945,0.9941,238.9592,0.4185,0.002142,Warning
6613,46.798,0.9946,1.7942,0.993,241.1329,0.4147,0.002374,Warning
6614,47.7321,0.9945,1.7931,0.9942,240.249,0.4162,0.002178,Warning
6615,47.6228,0.9929,1.7928,0.9932,240.595,0.4156,0.001917,Warning
6616,46.668,0.9951,1.794,0.995,240.7402,0.4154,0.002279,Warning
6617,45.6166,0.9928,1.7932,0.9937,239.8623,0.4169,0.001685,Warning
6618,47.6501,0.9929,1.7936,0.9948,240.5189,0.4158,0.001503,Warning
6619,47.2744,0.9931,1.7938,0.9935,240.4024,0.416,0.002255,Warning
6620,47.0678,0.9927,1.7927,0.9953,240.5257,0.4158,0.002067,Warning
6621,46.8878,0.9936,1.7933,0.9943,240.6745,0.4155,0.002058,Warning
6622,47.952,0.9945,1.7937,0.9953,239.3013,0.4179,0.001981,Warning
6623,47.1955,0.9918,1.7938,0.9937,239.3858,0.4177,0.001891,Warning
6624,46.8988,0.992,1.7942,0.9949,241.604,0.4139,0.002057,Warning
6625,47.3816,0.9925,1.7922,0.9953,239.1879,0.4181,0.002126,Warning
6626,48.292,0.9943,1.7939,0.995,239.7538,0.4171,0.001975,Warning
6627,46.4763,0.9921,1.7934,0.9958,239.0285,0.4184,0.002278,Warning
6628,47.9041,0.9938,1.7938,0.9945,240.0916,0.4165,0.001906,Warning
6629,46.9575,0.9935,1.7953,0.9953,239.889,0.4169,0.001979,Warning
6630,46.3634,0.9928,1.7943,0.9942,239.561,0.4174,0.00188,Warning
6631,46.3525,0.9945,1.7935,0.9944,240.0769,0.4165,0.002043,Warning
6632,46.3398,0.992,1.7947,0.9957,240.3542,0.4161,0.002183,Warning
6633,48.4709,0.9928,1.7922,0.9954,238.877,0.4186,0.002007,Warning
6634,46.7025,0.994,1.7929,0.9959,239.4515,0.4176,0.002141,Warning
6635,46.4099,0.9939,1.7924,0.9947,241.1052,0.4148,0.002024,Warning
6636,47.8913,0.9933,1.7929,0.9949,240.5407,0.4157,0.00162,Warning
6637,47.3644,0.9924,1.7922,0.9952,241.1153,0.4147,0.002044,Warning
6638,45.8641,0.9927,1.7929,0.9949,239.9855,0.4167,0.0021,Warning
6639,47.7502,0.9937,1.7943,0.9944,242.6782,0.4121,0.002112,Warning
6640,47.4992,0.9951,1.7934,0.994,241.0851,0.4148,0.002275,Warning
6641,47.0766,0.9951,1.7933,0.9956,241.2509,0.4145,0.002022,Warning
6642,47.321,0.9944,1.793,0.9939,241.1034,0.4148,0.002064,Warning
6643,46.5529,0.9935,1.7939,0.9931,240.6083,0.4156,0.002085,Warning
6644,48.2833,0.9931,1.7947,0.9946,240.1453,0.4164,0.002059,Warning
6645,48.6356,0.9921,1.7939,0.9947,240.0097,0.4166,0.00212,Warning
6646,47.8476,0.9939,1.7946,0.9944,239.9922,0.4167,0.001804,Warning
6647,48.5509,0.9932,1.7931,0.9953,240.9152,0.4151,0.001866,Warning
6648,47.9157,0.993,1.7948,0.9941,240.6164,0.4156,0.002013,Warning
6649,46.0671,0.9919,1.7926,0.9957,238.472,0.4193,0.002071,Warning
6650,47.1675,0.9917,1.7926,0.9939,240.0672,0.4166,0.002298,Warning
6651,47.8318,0.993,1.7925,0.9931,239.7206,0.4172,0.001826,Warning
6652,46.9447,0.9933,1.7929,0.9942,239.467,0.4176,0.001903,Warning
6653,48.1241,0.9939,1.7939,0.9957,240.7593,0.4154,0.002291,Warning
6654,47.4479,0.9936,1.7928,0.9939,240.7248,0.4154,0.001984,Warning
6655,45.8911,0.9913,1.7955,0.9937,239.4685,0.4176,0.002252,Warning
6656,46.0139,0.9939,1.7952,0.9968,239.658,0.4173,0.002004,Warning
6657,46.6655,0.9933,1.7946,0.9933,240.5329,0.4157,0.001968,Warning
6658,48.0792,0.9947,1.7929,0.9946,240.7272,0.4154,0.002204,Warning
6659,45.0082,0.9942,1.795,0.9949,240.7716,0.4153,0.002263,Warning
6660,47.1653,0.9942,1.7934,0.9946,239.4808,0.4176,0.002043,Warning
6661,48.4993,0.9924,1.794,0.995,241.1884,0.4146,0.002341,Warning
6662,46.2522,0.9928,1.7928,0.9942,239.6882,0.4172,0.002078,Warning
6663,46.3123,0.9926,1.7925,0.9952,239.9545,0.4167,0.001961,Warning
6664,46.3217,0.9917,1.795,0.9944,242.1724,0.4129,0.002164,Warning
6665,48.4604,0.9943,1.7935,0.9941,239.221,0.418,0.002233,Warning
6666,47.2108,0.994,1.7941,0.995,239.6235,0.4173,0.002212,Warning
6667,46.8421,0.9934,1.7941,0.9946,238.5452,0.4192,0.002218,Warning
6668,48.0063,0.9915,1.7923,0.9967,240.1836,0.4163,0.002011,Warning
6669,46.6631,0.9923,1.7931,0.9956,239.984,0.4167,0.002133,Warning
6670,48.4186,0.9927,1.7936,0.9957,239.2487,0.418,0.002047,Warning
6671,48.5057,0.993,1.7944,0.9945,241.4332,0.4142,0.001682,Warning
6672,47.0616,0.9918,1.7926,0.994,239.7784,0.4171,0.001774,Warning
6673,46.954,0.9938,1.7918,0.994,242.0233,0.4132,0.002078,Warning
6674,45.559,0.9919,1.7936,0.9948,239.519,0.4175,0.002451,Warning
6675,49.11,0.9931,1.7942,0.9956,240.8322,0.4152,0.001884,Warning
6676,48.5684,0.9933,1.7937,0.9947,239.8743,0.4169,0.002068,Warning
6677,46.0699,0.9914,1.7931,0.9938,240.4225,0.4159,0.0021,Warning
6678,47.0312,0.9948,1.7933,0.9932,239.8041,0.417,0.002248,Warning
6679,45.5148,0.9932,1.7939,0.9973,240.9481,0.415,0.00204,Warning
6680,47.4406,0.9914,1.7923,0.9953,240.1089,0.4165,0.002072,Warning
6681,47.0531,0.9933,1.7934,0.9936,239.7954,0.417,0.001765,Warning
6682,46.5319,0.9945,1.7931,0.9953,240.0692,0.4165,0.001938,Warning
6683,46.2225,0.9929,1.7935,0.9952,240.0734,0.4165,0.002145,Warning
6684,45.8151,0.9942,1.7922,0.9956,240.3759,0.416,0.001641,Warning
6685,47.6226,0.9943,1.7946,0.9939,240.116,0.4165,0.002154,Warning
6686,47.6239,0.9937,1.7929,0.9956,240.7661,0.4153,0.001985,Warning
6687,46.4098,0.9926,1.7947,0.9956,239.9535,0.4167,0.001976,Warning
6688,45.6239,0.9932,1.7921,0.9948,240.9162,0.4151,0.00182,Warning
6689,47.2311,0.9943,1.7935,0.9941,239.9748,0.4167,0.002208,Warning
6690,47.2521,0.9933,1.7945,0.9952,239.0027,0.4184,0.002143,Warning
6691,47.8034,0.9921,1.791,0.9936,239.8815,0.4169,0.002219,Warning
6692,46.3328,0.9939,1.7904,0.9948,239.6366,0.4173,0.002437,Warning
6693,45.5337,0.9933,1.7914,0.9941,238.5996,0.4191,0.002478,Warning
6694,46.7648,0.9931,1.7933,0.9935,240.8032,0.4153,0.002146,Warning
6695,47.7854,0.9921,1.7944,0.9957,239.7716,0.4171,0.002198,Warning
6696,47.2709,0.9917,1.7931,0.9942,240.0243,0.4166,0.002223,Warning
6697,45.7415,0.9929,1.7925,0.9939,239.296,0.4179,0.002033,Warning
6698,47.4749,0.9937,1.7935,0.9953,241.8573,0.4135,0.002047,Warning
6699,47.8751,0.9943,1.7951,0.9952,239.276,0.4179,0.002081,Warning
6700,47.2609,0.9941,1.7924,0.9959,239.9542,0.4167,0.002188,Warning
6701,47.3095,0.9934,1.7935,0.9953,241.5154,0.4141,0.001617,Warning
6702,47.4956,0.9933,1.7931,0.9923,240.4112,0.416,0.001996,Warning
6703,46.3979,0.9933,1.793,0.9929,240.016,0.4166,0.002137,Warning
6704,46.6278,0.9936,1.7934,0.9957,239.861,0.4169,0.002181,Warning
6705,46.8183,0.9953,1.7929,0.994,239.8621,0.4169,0.001876,Warning
6706,46.0719,0.994,1.7902,0.9939,238.8676,0.4186,0.00205,Warning
6707,45.3213,0.9938,1.7939,0.993,240.092,0.4165,0.002125,Warning
6708,47.8266,0.9918,1.7917,0.9961,239.2805,0.4179,0.001917,Warning
6709,47.5827,0.9921,1.793,0.9955,238.7996,0.4188,0.001923,Warning
6710,46.1766,0.9925,1.7945,0.996,240.1413,0.4164,0.002129,Warning
6711,47.4837,0.9926,1.7935,0.9933,239.1666,0.4181,0.002006,Warning
6712,46.2328,0.992,1.7926,0.9958,241.1777,0.4146,0.002017,Warning
6713,47.5492,0.9927,1.7912,0.9937,239.6838,0.4172,0.002052,Warning
6714,47.0044,0.993,1.7927,0.995,238.8379,0.4187,0.002185,Warning
6715,46.6179,0.9954,1.793,0.9941,239.4774,0.4176,0.00193,Warning
6716,47.5746,0.9932,1.7943,0.9951,239.9512,0.4168,0.002099,Warning
6717,48.0477,0.9939,1.7936,0.995,239.0024,0.4184,0.002539,Warning
6718,47.5149,0.9939,1.7933,0.9923,239.7107,0.4172,0.002041,Warning
6719,46.4359,0.9924,1.7929,0.9954,240.9261,0.4151,0.00206,Warning
6720,46.6421,0.9929,1.7934,0.9948,240.268,0.4162,0.001938,Warning
6721,47.5212,0.9937,1.7929,0.9929,239.2106,0.418,0.00234,Warning
6722,45.7447,0.9946,1.7915,0.9938,239.6172,0.4173,0.002383,Warning
6723,47.1223,0.9931,1.7923,0.9951,239.5053,0.4175,0.001981,Warning
6724,46.8165,0.994,1.794,0.9937,239.4122,0.4177,0.001882,Warning
6725,47.2517,0.9942,1.7935,0.9924,240.5203,0.4158,0.001758,Warning
6726,46.5346,0.9935,1.7932,0.9955,239.4224,0.4177,0.001834,Warning
6727,46.8593,0.9943,1.7939,0.9947,240.9703,0.415,0.002257,Warning
6728,47.7412,0.9921,1.7941,0.9944,239.592,0.4174,0.001892,Warning
6729,46.9748,0.9926,1.7934,0.9944,240.0829,0.4165,0.002139,Warning
6730,46.8785,0.9925,1.7913,0.9954,239.968,0.4167,0.001994,Warning
6731,48.0533,0.992,1.7933,0.9937,240.4283,0.4159,0.001584,Warning
6732,47.7608,0.994,1.7923,0.9947,239.1808,0.4181,0.002115,Warning
6733,47.7756,0.9923,1.792,0.9957,241.4534,0.4142,0.002129,Warning
6734,47.576,0.9929,1.7934,0.995,239.7529,0.4171,0.0023,Warning
6735,47.2644,0.9936,1.7931,0.9946,240.8725,0.4152,0.00206,Warning
6736,47.2602,0.9934,1.7929,0.9932,241.1541,0.4147,0.002244,Warning
6737,48.1258,0.9922,1.7947,0.9966,240.7304,0.4154,0.002361,Warning
6738,47.7667,0.9924,1.7938,0.9936,239.4151,0.4177,0.002095,Warning
6739,47.2758,0.9937,1.7915,0.9945,240.3307,0.4161,0.002181,Warning
6740,47.783,0.9935,1.7929,0.9951,239.6502,0.4173,0.002212,Warning
6741,47.4756,0.9932,1.7925,0.9957,240.3357,0.4161,0.002453,Warning
6742,47.5566,0.9939,1.7918,0.9949,239.6338,0.4173,0.002198,Warning
6743,47.4051,0.9942,1.7954,0.9938,240.6429,0.4156,0.00217,Warning
6744,48.7226,0.994,1.7939,0.9955,240.621,0.4156,0.002324,Warning
6745,46.4855,0.9929,1.795,0.9926,239.8147,0.417,0.002063,Warning
6746,47.0013,0.9948,1.7937,0.9942,239.3735,0.4178,0.00209,Warning
6747,48.0774,0.9934,1.7931,0.9939,240.1787,0.4164,0.002098,Warning
6748,46.567,0.9943,1.795,0.9947,240.1197,0.4165,0.001813,Warning
6749,47.738,0.9937,1.7929,0.9939,241.3546,0.4143,0.002111,Warning
6750,46.4159,0.9941,1.7935,0.9947,240.6578,0.4155,0.001512,Warning
6751,45.7062,0.9946,1.7931,0.9942,238.8033,0.4188,0.002074,Warning
6752,47.4074,0.9947,1.7936,0.9943,240.1965,0.4163,0.002257,Warning
6753,47.8684,0.9939,1.7935,0.994,239.0443,0.4183,0.001798,Warning
6754,47.4724,0.9937,1.7943,0.9952,240.7097,0.4154,0.00201,Warning
6755,47.7757,0.9922,1.7932,0.9928,239.8928,0.4169,0.002281,Warning
6756,47.217,0.994,1.7935,0.994,239.7167,0.4172,0.002273,Warning
6757,47.7359,0.9926,1.7919,0.9948,239.399,0.4177,0.002002,Warning
6758,46.0009,0.9943,1.7931,0.9946,239.1967,0.4181,0.001982,Warning
6759,47.2642,0.9926,1.793,0.996,238.4615,0.4194,0.002075,Warning
6760,46.5396,0.9946,1.7931,0.9935,239.6875,0.4172,0.002108,Warning
6761,49.3903,0.9911,1.792,0.9959,238.6513,0.419,0.00204,Warning
6762,46.7849,0.9926,1.7931,0.9943,240.7026,0.4155,0.002304,Warning
6763,47.5144,0.993,1.7935,0.9954,240.6569,0.4155,0.002113,Warning
6764,48.3973,0.9926,1.7944,0.9953,239.366,0.4178,0.002086,Warning
6765,47.4181,0.9931,1.7931,0.9931,239.3011,0.4179,0.001992,Warning
6766,46.7207,0.9924,1.7943,0.9945,241.5844,0.4139,0.002084,Warning
6767,48.0127,0.993,1.7926,0.9948,240.8859,0.4151,0.002022,Warning
6768,47.5398,0.9935,1.7931,0.9945,239.0492,0.4183,0.002038,Warning
6769,47.7068,0.9935,1.7934,0.9953,240.0024,0.4167,0.002043,Warning
6770,47.7741,0.9934,1.793,0.9951,239.8168,0.417,0.001985,Warning
6771,47.3121,0.9934,1.7921,0.9949,241.3207,0.4144,0.001845,Warning
6772,46.7875,0.996,1.7924,0.9959,239.659,0.4173,0.002054,Warning
6773,47.0865,0.9937,1.7916,0.9948,239.5178,0.4175,0.001669,Warning
6774,48.0899,0.9911,1.7954,0.9952,238.7502,0.4188,0.00231,Warning
6775,46.5947,0.9925,1.7914,0.9937,239.2406,0.418,0.002206,Warning
6776,48.1306,0.992,1.7935,0.9927,240.0555,0.4166,0.002475,Warning
6777,45.7748,0.9922,1.794,0.9954,239.0816,0.4183,0.002338,Warning
6778,46.5479,0.9949,1.7937,0.9958,240.1297,0.4164,0.002175,Warning
6779,47.7703,0.9944,1.7932,0.9937,239.7683,0.4171,0.00191,Warning
6780,46.7223,0.9949,1.7938,0.9952,240.6881,0.4155,0.002168,Warning
6781,48.6995,0.9911,1.7922,0.9939,238.7279,0.4189,0.002067,Warning
6782,47.3355,0.9952,1.7941,0.9941,240.2225,0.4163,0.001679,Warning
6783,47.3232,0.9933,1.7923,0.9944,239.2715,0.4179,0.001858,Warning
6784,47.7508,0.9942,1.7937,0.9941,239.294,0.4179,0.001964,Warning
6785,47.037,0.9923,1.7943,0.9944,240.4344,0.4159,0.001766,Warning
6786,46.6641,0.9941,1.7941,0.9934,240.0635,0.4166,0.002112,Warning
6787,46.65,0.9936,1.7916,0.9936,240.2987,0.4161,0.002052,Warning
6788,47.2835,0.993,1.7937,0.9952,240.4512,0.4159,0.002072,Warning
6789,46.9095,0.9927,1.7922,0.9942,239.3314,0.4178,0.002367,Warning
6790,46.3844,0.9942,1.7929,0.9944,240.136,0.4164,0.001763,Warning
6791,46.5838,0.992,1.7928,0.9937,240.8672,0.4152,0.001931,Warning
6792,45.3228,0.9929,1.794,0.9962,239.6284,0.4173,0.001944,Warning
6793,47.2158,0.9936,1.7921,0.9943,239.7709,0.4171,0.002057,Warning
6794,47.1136,0.9923,1.7935,0.9945,239.7714,0.4171,0.001832,Warning
6795,47.7432,0.9923,1.7948,0.9934,240.4173,0.4159,0.001667,Warning
6796,45.4262,0.9926,1.7909,0.9953,239.7886,0.417,0.002329,Warning
6797,47.1008,0.9934,1.7929,0.9937,239.4791,0.4176,0.001808,Warning
6798,47.5463,0.9929,1.7931,0.9974,239.4806,0.4176,0.002112,Warning
6799,47.1949,0.9944,1.7934,0.9943,241.6355,0.4138,0.001878,Warning
6800,47.0849,0.9941,1.7924,0.9953,239.4164,0.4177,0.002251,Warning
6801,48.0234,0.9931,1.7922,0.9942,239.7866,0.417,0.002228,Warning
6802,47.5001,0.9937,1.7935,0.9954,239.6367,0.4173,0.002084,Warning
6803,47.2681,0.9928,1.7942,0.9955,240.7601,0.4154,0.001898,Warning
6804,47.5278,0.9943,1.7947,0.993,239.7917,0.417,0.002013,Warning
6805,48.5217,0.991,1.7921,0.996,239.4167,0.4177,0.001791,Warning
6806,48.4604,0.9918,1.7942,0.993,238.637,0.419,0.002092,Warning
6807,46.574,0.9935,1.795,0.9944,241.0917,0.4148,0.002117,Warning
6808,48.0191,0.9908,1.7938,0.995,239.4999,0.4175,0.002432,Warning
6809,46.8616,0.9916,1.794,0.9931,239.8478,0.4169,0.002321,Warning
6810,47.6568,0.9929,1.7928,0.9958,238.8091,0.4187,0.002208,Warning
6811,49.0147,0.9937,1.793,0.9944,239.3992,0.4177,0.001923,Warning
6812,47.3558,0.9939,1.7948,0.9926,237.8308,0.4205,0.00238,Warning
6813,47.3091,0.9933,1.7937,0.9944,241.3606,0.4143,0.002152,Warning
6814,46.9071,0.9928,1.793,0.9938,241.1306,0.4147,0.002079,Warning
6815,46.3306,0.9936,1.7946,0.9956,239.1697,0.4181,0.001833,Warning
6816,48.4107,0.9916,1.7936,0.994,240.8269,0.4152,0.001844,Warning
6817,46.6334,0.9938,1.794,0.9959,240.1528,0.4164,0.002125,Warning
6818,48.1117,0.9918,1.7923,0.9933,237.6244,0.4208,0.002224,Warning
6819,48.4179,0.9937,1.7936,0.9946,239.8156,0.417,0.002395,Warning
6820,48.5153,0.9926,1.7943,0.9958,240.2903,0.4162,0.002134,Warning
6821,47.5604,0.9917,1.7916,0.9953,238.8882,0.4186,0.001778,Warning
6822,45.6192,0.9927,1.7936,0.995,240.4475,0.4159,0.001978,Warning
6823,47.3672,0.994,1.7936,0.994,240.0052,0.4167,0.00166,Warning
6824,47.2833,0.9926,1.7947,0.9936,239.8573,0.4169,0.001971,Warning
6825,46.8384,0.9936,1.7928,0.9964,238.1828,0.4198,0.002184,Warning
6826,47.219,0.9931,1.7935,0.9955,239.9731,0.4167,0.002258,Warning
6827,47.3257,0.9921,1.7931,0.9957,239.431,0.4177,0.001842,Warning
6828,47.786,0.9935,1.7924,0.9943,239.6127,0.4173,0.00206,Warning
6829,47.8095,0.9928,1.7939,0.994,241.0895,0.4148,0.002396,Warning
6830,46.6089,0.9919,1.7941,0.9948,240.1963,0.4163,0.001928,Warning
6831,47.1898,0.9928,1.7935,0.9933,239.674,0.4172,0.001808,Warning
6832,46.8851,0.9931,1.7937,0.9951,240.3607,0.416,0.001763,Warning
6833,48.3107,0.9925,1.7926,0.9948,239.4809,0.4176,0.002132,Warning
6834,47.7391,0.9924,1.793,0.9944,240.5156,0.4158,0.001967,Warning
6835,46.896,0.9921,1.7923,0.9932,239.185,0.4181,0.002379,Warning
6836,47.8575,0.9944,1.7922,0.9926,239.9991,0.4167,0.002432,Warning
6837,46.9183,0.9933,1.7916,0.9946,239.6445,0.4173,0.001642,Warning
6838,46.4785,0.992,1.7916,0.9938,240.15,0.4164,0.001935,Warning
6839,48.229,0.9928,1.7935,0.995,240.9686,0.415,0.001918,Warning
6840,47.6659,0.9922,1.7949,0.9935,240.0469,0.4166,0.002374,Warning
6841,46.3566,0.9938,1.7922,0.9969,238.2254,0.4198,0.001759,Warning
6842,46.4184,0.9921,1.7937,0.9963,240.6611,0.4155,0.002109,Warning
6843,47.3251,0.9926,1.7935,0.9943,239.887,0.4169,0.001915,Warning
6844,46.3577,0.9932,1.7932,0.9939,239.1208,0.4182,0.002175,Warning
6845,47.685,0.995,1.7945,0.9933,239.5798,0.4174,0.001791,Warning
6846,45.8514,0.9953,1.7946,0.9939,240.7257,0.4154,0.002342,Warning
6847,45.7882,0.994,1.7927,0.9949,242.1374,0.413,0.002381,Warning
6848,47.2238,0.9946,1.7912,0.995,240.15,0.4164,0.002206,Warning
6849,46.9214,0.9935,1.794,0.9922,239.4736,0.4176,0.001884,Warning
6850,47.8597,0.9945,1.7925,0.9934,239.8187,0.417,0.001834,Warning
6851,47.1507,0.9928,1.7937,0.9948,239.8526,0.4169,0.002393,Warning
6852,47.5494,0.9927,1.7929,0.9938,238.9071,0.4186,0.001788,Warning
6853,48.2428,0.9924,1.7935,0.9942,239.6971,0.4172,0.002297,Warning
6854,47.4785,0.9922,1.7926,0.9954,240.1055,0.4165,0.002251,Warning
6855,47.1482,0.9917,1.7937,0.9948,239.9407,0.4168,0.00179,Warning
6856,46.8286,0.9922,1.7935,0.9949,239.6812,0.4172,0.00226,Warning
6857,48.5352,0.9935,1.7938,0.994,239.1342,0.4182,0.002269,Warning
6858,46.6446,0.9938,1.7949,0.9952,239.6483,0.4173,0.001799,Warning
6859,47.4768,0.9942,1.793,0.9955,240.0035,0.4167,0.002126,Warning
6860,47.0946,0.9917,1.7927,0.9941,240.1704,0.4164,0.002065,Warning
6861,48.2163,0.9934,1.7926,0.9937,239.2258,0.418,0.0021,Warning
6862,47.0534,0.9921,1.7941,0.9947,239.9268,0.4168,0.001904,Warning
6863,46.5201,0.993,1.7911,0.9953,239.1423,0.4182,0.002015,Warning
6864,47.6967,0.9929,1.792,0.996,238.4779,0.4193,0.001622,Warning
6865,48.0567,0.9917,1.7944,0.9949,239.9289,0.4168,0.001956,Warning
6866,46.6985,0.9928,1.7923,0.9957,239.1068,0.4182,0.002171,Warning
6867,48.1648,0.9923,1.7935,0.9936,239.5607,0.4174,0.001978,Warning
6868,46.806,0.9933,1.7919,0.9954,238.8328,0.4187,0.001817,Warning
6869,47.1624,0.9928,1.7935,0.9946,238.3946,0.4195,0.002268,Warning
6870,47.1441,0.9934,1.7953,0.9958,239.8634,0.4169,0.001796,Warning
6871,46.2827,0.9943,1.7927,0.9943,238.7771,0.4188,0.00216,Warning
6872,48.2827,0.9947,1.7927,0.9951,239.6159,0.4173,0.002248,Warning
6873,47.3682,0.9923,1.7944,0.9946,239.4093,0.4177,0.002107,Warning
6874,46.7839,0.9935,1.7929,0.9937,241.5905,0.4139,0.001871,Warning
6875,47.6576,0.9932,1.7921,0.9942,238.6135,0.4191,0.002486,Warning
6876,47.1624,0.9929,1.7951,0.9937,240.7215,0.4154,0.002191,Warning
6877,45.7954,0.9928,1.7936,0.9945,239.7151,0.4172,0.001952,Warning
6878,46.8101,0.9928,1.7951,0.9936,239.2972,0.4179,0.002079,Warning
6879,46.2117,0.9936,1.7918,0.9934,238.7733,0.4188,0.001746,Warning
6880,48.3987,0.9936,1.794,0.9953,239.5455,0.4175,0.002068,Warning
6881,48.1968,0.9948,1.7919,0.997,238.626,0.4191,0.001982,Warning
6882,47.4469,0.9933,1.7951,0.9955,240.0073,0.4167,0.002282,Warning
6883,47.666,0.9924,1.7936,0.9946,239.0012,0.4184,0.002327,Warning
6884,47.3476,0.992,1.7922,0.995,240.5135,0.4158,0.002172,Warning
6885,47.782,0.9923,1.7932,0.9942,239.5165,0.4175,0.002053,Warning
6886,46.8669,0.9939,1.7921,0.9932,239.0428,0.4183,0.002252,Warning
6887,47.6679,0.9913,1.7937,0.9944,239.3356,0.4178,0.002028,Warning
6888,46.3315,0.9933,1.7918,0.9941,239.389,0.4177,0.00223,Warning
6889,47.432,0.9938,1.7919,0.9944,240.0908,0.4165,0.002325,Warning
6890,46.4907,0.9923,1.7936,0.9961,239.8937,0.4169,0.001855,Warning
6891,46.5314,0.9932,1.7935,0.9943,238.8002,0.4188,0.002298,Warning
6892,47.1266,0.9936,1.7913,0.9957,239.1142,0.4182,0.002347,Warning
6893,47.8976,0.9917,1.7934,0.9961,239.1822,0.4181,0.00241,Warning
6894,47.7178,0.9944,1.7933,0.9944,241.1287,0.4147,0.002222,Warning
6895,47.2227,0.9935,1.7925,0.9946,240.614,0.4156,0.002046,Warning
6896,46.7132,0.9921,1.7932,0.9937,238.5098,0.4193,0.001839,Warning
6897,48.3547,0.993,1.7932,0.9935,239.1893,0.4181,0.001956,Warning
6898,47.195,0.9914,1.7942,0.9945,239.8147,0.417,0.002262,Warning
6899,48.0884,0.9925,1.7937,0.9951,239.9043,0.4168,0.002292,Warning
6900,48.0596,0.9938,1.7945,0.9945,239.6962,0.4172,0.002244,Warning
6901,47.279,0.9936,1.7925,0.9922,240.1268,0.4164,0.001771,Warning
6902,46.8643,0.9939,1.7939,0.9957,238.0312,0.4201,0.00214,Warning
6903,47.2193,0.9941,1.7946,0.9932,239.6582,0.4173,0.002247,Warning
6904,47.1568,0.9948,1.7927,0.9942,238.7854,0.4188,0.002112,Warning
6905,45.0144,0.9928,1.7944,0.9931,238.3479,0.4196,0.002305,Warning
6906,48.4322,0.9917,1.7948,0.9949,240.48,0.4158,0.001923,Warning
6907,48.6238,0.9928,1.7928,0.995,239.3259,0.4178,0.001778,Warning
6908,47.5398,0.9928,1.7923,0.9957,241.5519,0.414,0.001899,Warning
6909,47.5942,0.9927,1.7954,0.995,240.3781,0.416,0.002319,Warning
6910,47.5421,0.9929,1.7946,0.9952,238.9583,0.4185,0.001938,Warning
6911,47.1281,0.9942,1.7946,0.9966,239.0665,0.4183,0.002111,Warning
6912,47.1214,0.9929,1.794,0.9944,240.6847,0.4155,0.00198,Warning
6913,48.0365,0.9926,1.7912,0.9934,239.7298,0.4171,0.002468,Warning
6914,47.0775,0.9929,1.7936,0.9939,239.242,0.418,0.002099,Warning
6915,47.0977,0.9913,1.7924,0.9951,240.1443,0.4164,0.002352,Warning
6916,48.4532,0.9922,1.7923,0.9938,239.5044,0.4175,0.00196,Warning
6917,47.311,0.9922,1.7939,0.9935,238.8264,0.4187,0.002189,Warning
6918,48.0302,0.9929,1.794,0.9953,241.1423,0.4147,0.002232,Warning
6919,48.82,0.9931,1.7945,0.9959,239.5074,0.4175,0.001948,Warning
6920,47.0459,0.9935,1.7919,0.994,240.5778,0.4157,0.002219,Warning
6921,45.5757,0.9917,1.7952,0.9956,239.1522,0.4181,0.001789,Warning
6922,46.46,0.9936,1.7951,0.9964,238.3565,0.4195,0.002027,Warning
6923,46.7758,0.9932,1.7917,0.9939,238.9217,0.4185,0.002192,Warning
6924,47.0513,0.9927,1.7936,0.9961,241.3066,0.4144,0.002178,Warning
6925,47.3941,0.9944,1.7942,0.9953,238.349,0.4196,0.002329,Warning
6926,47.7534,0.9922,1.7924,0.995,237.6017,0.4209,0.002063,Warning
6927,46.9445,0.9923,1.7926,0.993,240.4515,0.4159,0.001663,Warning
6928,47.6058,0.9922,1.7951,0.9945,237.9093,0.4203,0.002198,Warning
6929,46.5981,0.9941,1.7937,0.9959,239.7561,0.4171,0.002253,Warning
6930,47.5082,0.9925,1.7941,0.9932,239.576,0.4174,0.001975,Warning
6931,48.1495,0.9921,1.7927,0.9945,240.7937,0.4153,0.001983,Warning
6932,47.1569,0.9917,1.7921,0.9949,239.6277,0.4173,0.002099,Warning
6933,48.8724,0.9914,1.7954,0.9956,239.3399,0.4178,0.002168,Warning
6934,46.9349,0.9934,1.7952,0.9938,239.4134,0.4177,0.001939,Warning
6935,47.0061,0.9927,1.792,0.9942,239.6409,0.4173,0.00201,Warning
6936,45.6455,0.9929,1.793,0.9963,239.6175,0.4173,0.002278,Warning
6937,47.146,0.9944,1.7921,0.995,240.2668,0.4162,0.00223,Warning
6938,49.2197,0.9925,1.7945,0.9956,239.6326,0.4173,0.002459,Warning
6939,47.373,0.9931,1.7931,0.9932,240.2007,0.4163,0.002213,Warning
6940,47.4083,0.9948,1.7926,0.9927,241.1118,0.4147,0.002294,Warning
6941,47.9946,0.9927,1.7934,0.9932,239.4084,0.4177,0.001912,Warning
6942,47.7051,0.994,1.792,0.9952,239.7468,0.4171,0.002229,Warning
6943,47.3036,0.9938,1.7924,0.9928,238.4224,0.4194,0.001992,Warning
6944,46.2092,0.9946,1.793,0.9954,240.2137,0.4163,0.002094,Warning
6945,50.3302,0.996,1.7944,0.9935,240.7289,0.4154,0.001744,Warning
6946,48.6202,0.9905,1.7927,0.9957,239.8892,0.4169,0.001798,Warning
6947,47.6408,0.9934,1.7933,0.994,240.2636,0.4162,0.002323,Warning
6948,47.383,0.9946,1.7929,0.994,240.6635,0.4155,0.002358,Warning
6949,47.0121,0.9923,1.7948,0.9943,239.5791,0.4174,0.002044,Warning
6950,48.5673,0.9952,1.7931,0.9969,239.1314,0.4182,0.002038,Warning
6951,48.0503,0.9922,1.7937,0.9939,238.3382,0.4196,0.001747,Warning
6952,47.2546,0.9935,1.7917,0.9946,239.7171,0.4172,0.002062,Warning
6953,46.7744,0.9933,1.7929,0.9954,238.5363,0.4192,0.002119,Warning
6954,46.4997,0.9928,1.792,0.9935,239.5659,0.4174,0.001983,Warning
6955,48.6924,0.9942,1.7938,0.9952,239.6717,0.4172,0.002357,Warning
6956,47.2856,0.9952,1.7921,0.9933,238.45,0.4194,0.001853,Warning
6957,46.2191,0.9933,1.7939,0.9945,238.4563,0.4194,0.002003,Warning
6958,48.1976,0.9927,1.7922,0.9929,239.2248,0.418,0.001957,Warning
6959,47.4571,0.9935,1.7928,0.9946,239.9391,0.4168,0.001852,Warning
6960,49.0368,0.9923,1.7936,0.9933,239.6481,0.4173,0.002127,Warning
6961,48.8571,0.9928,1.7943,0.9947,241.0402,0.4149,0.001742,Warning
6962,47.9173,0.9904,1.793,0.9955,240.7135,0.4154,0.002246,Warning
6963,47.301,0.9936,1.7956,0.9945,240.3243,0.4161,0.002013,Warning
6964,48.3915,0.9939,1.7924,0.9952,240.2138,0.4163,0.002247,Warning
6965,47.5041,0.9943,1.7921,0.9944,239.6416,0.4173,0.002334,Warning
6966,46.7656,0.9933,1.7925,0.9945,239.8648,0.4169,0.001844,Warning
6967,48.5518,0.9935,1.7922,0.9941,240.7449,0.4154,0.002183,Warning
6968,46.7705,0.9922,1.7937,0.9952,239.8383,0.4169,0.002042,Warning
6969,48.1919,0.9927,1.7922,0.996,239.9375,0.4168,0.001944,Warning
6970,47.6534,0.9931,1.7927,0.9947,238.8022,0.4188,0.002276,Warning
6971,47.5429,0.9914,1.7928,0.9938,237.1512,0.4217,0.00207,Warning
6972,48.379,0.9929,1.7937,0.9944,239.1769,0.4181,0.001955,Warning
6973,46.5252,0.994,1.7938,0.9941,237.9211,0.4203,0.002196,Warning
6974,46.8294,0.9932,1.7915,0.9945,239.4339,0.4177,0.00162,Warning
6975,48.8494,0.9927,1.7928,0.995,239.497,0.4175,0.002175,Warning
6976,46.6413,0.9929,1.7911,0.9942,240.6921,0.4155,0.001802,Warning
6977,47.278,0.9909,1.793,0.9949,239.8413,0.4169,0.001983,Warning
6978,45.8451,0.9918,1.7943,0.9953,239.4599,0.4176,0.002136,Warning
6979,46.7401,0.9943,1.7923,0.9949,238.4692,0.4193,0.002068,Warning
6980,48.5627,0.9921,1.7938,0.9933,238.8085,0.4187,0.002102,Warning
6981,48.3431,0.9927,1.7936,0.9956,238.9116,0.4186,0.001799,Warning
6982,47.2832,0.9943,1.7922,0.9954,239.317,0.4179,0.002456,Warning
6983,49.3657,0.994,1.7914,0.992,239.5744,0.4174,0.002286,Warning
6984,47.972,0.9923,1.7915,0.9953,241.0109,0.4149,0.001971,Warning
6985,48.2332,0.9956,1.7928,0.9942,239.9703,0.4167,0.002049,Warning
6986,48.6462,0.9926,1.793,0.993,239.3325,0.4178,0.001904,Warning
6987,47.8535,0.9913,1.794,0.9935,240.9468,0.415,0.00238,Warning
6988,48.0069,0.9915,1.7924,0.9935,238.9011,0.4186,0.002422,Warning
6989,47.4581,0.9924,1.7923,0.9939,239.9426,0.4168,0.001781,Warning
6990,47.6605,0.9934,1.7913,0.993,239.4768,0.4176,0.002395,Warning
6991,48.546,0.9924,1.7944,0.9941,239.2509,0.418,0.002126,Warning
6992,48.2572,0.9924,1.7926,0.9932,239.7928,0.417,0.002294,Warning
6993,48.3831,0.9916,1.7926,0.9957,239.6962,0.4172,0.002115,Warning
6994,47.5976,0.9935,1.7933,0.9938,240.2138,0.4163,0.001868,Warning
6995,48.6487,0.9921,1.7936,0.9942,239.1264,0.4182,0.00238,Warning
6996,48.1871,0.9929,1.7947,0.9954,238.8616,0.4187,0.001657,Warning
6997,47.6801,0.9944,1.7936,0.996,239.0258,0.4184,0.002086,Warning
6998,47.522,0.9932,1.7938,0.996,240.9772,0.415,0.002443,Warning
6999,48.1335,0.9927,1.7932,0.9951,239.6096,0.4173,0.001927,Warning
7000,47.2301,0.9939,1.7928,0.9944,239.4373,0.4176,0.001932,Degraded
7001,47.4648,0.9925,1.7923,0.9933,239.418,0.4177,0.002234,Degraded
7002,48.5001,0.9916,1.7946,0.9947,238.5954,0.4191,0.00203,Degraded
7003,46.1035,0.9914,1.7947,0.9937,239.925,0.4168,0.002089,Degraded
7004,47.6214,0.9934,1.7909,0.9957,239.415,0.4177,0.00201,Degraded
7005,47.9834,0.9923,1.7932,0.9942,240.0613,0.4166,0.002069,Degraded
7006,46.7868,0.9934,1.7927,0.9926,239.6491,0.4173,0.002004,Degraded
7007,47.8892,0.9921,1.7918,0.9956,240.164,0.4164,0.002111,Degraded
7008,47.9646,0.9938,1.793,0.9932,239.7276,0.4171,0.002313,Degraded
7009,48.0907,0.9931,1.7936,0.9942,240.3218,0.4161,0.002382,Degraded
7010,46.5811,0.9941,1.7952,0.9949,240.272,0.4162,0.001984,Degraded
7011,47.2168,0.9928,1.7926,0.9931,239.3454,0.4178,0.002281,Degraded
7012,46.5828,0.9932,1.7931,0.9941,239.8792,0.4169,0.002194,Degraded
7013,47.3255,0.994,1.7935,0.996,239.4274,0.4177,0.00205,Degraded
7014,47.4584,0.9942,1.7928,0.9943,241.0478,0.4149,0.001845,Degraded
7015,47.9125,0.9929,1.7927,0.9934,238.9464,0.4185,0.002033,Degraded
7016,48.0254,0.9938,1.7912,0.9932,239.9143,0.4168,0.002241,Degraded
7017,46.4597,0.9939,1.793,0.9951,238.7931,0.4188,0.001837,Degraded
7018,47.3855,0.9927,1.7927,0.994,240.8273,0.4152,0.001775,Degraded
7019,46.9583,0.9926,1.793,0.9951,240.1638,0.4164,0.002331,Degraded
7020,48.0212,0.9912,1.7913,0.9955,240.3361,0.4161,0.002243,Degraded
7021,46.9816,0.9927,1.7926,0.9934,239.6757,0.4172,0.002547,Degraded
7022,47.2431,0.9943,1.7921,0.9928,240.257,0.4162,0.002073,Degraded
7023,48.6584,0.9944,1.7927,0.9957,238.7647,0.4188,0.001939,Degraded
7024,48.501,0.9914,1.793,0.9956,240.5174,0.4158,0.002031,Degraded
7025,48.4524,0.9919,1.7923,0.9946,239.7647,0.4171,0.001908,Degraded
7026,49.1366,0.9911,1.793,0.9946,238.0634,0.4201,0.002383,Degraded
7027,47.0562,0.9931,1.7933,0.9929,238.6018,0.4191,0.002431,Degraded
7028,47.5977,0.9903,1.7927,0.9943,239.6335,0.4173,0.001719,Degraded
7029,47.6288,0.9921,1.7932,0.9949,239.7765,0.4171,0.002399,Degraded
7030,49.4065,0.9918,1.7926,0.9951,239.3536,0.4178,0.001574,Degraded
7031,47.5018,0.9942,1.7916,0.9946,237.9276,0.4203,0.002293,Degraded
7032,47.8509,0.9924,1.7926,0.9929,240.2581,0.4162,0.00196,Degraded
7033,48.0596,0.992,1.7952,0.9959,241.1095,0.4147,0.002558,Degraded
7034,47.1536,0.9921,1.795,0.9942,240.1156,0.4165,0.001996,Degraded
7035,47.1796,0.9938,1.791,0.9952,239.8671,0.4169,0.002014,Degraded
7036,47.6841,0.9931,1.7932,0.9951,238.794,0.4188,0.00266,Degraded
7037,47.5021,0.9928,1.7949,0.9925,240.9919,0.415,0.00214,Degraded
7038,47.2443,0.9918,1.7917,0.994,239.6654,0.4172,0.002246,Degraded
7039,47.883,0.9925,1.7943,0.997,240.6372,0.4156,0.00205,Degraded
7040,48.0737,0.9935,1.7946,0.994,238.6681,0.419,0.002349,Degraded
7041,47.9989,0.9919,1.7937,0.9962,238.8835,0.4186,0.001944,Degraded
7042,47.6997,0.9936,1.7929,0.9955,239.6456,0.4173,0.002325,Degraded
7043,47.1007,0.9917,1.7926,0.993,239.763,0.4171,0.00172,Degraded
7044,47.317,0.9927,1.7919,0.9941,239.4374,0.4176,0.002377,Degraded
7045,46.8484,0.9933,1.7935,0.9943,239.0341,0.4184,0.001896,Degraded
7046,49.2017,0.993,1.7926,0.9965,239.6088,0.4173,0.002632,Degraded
7047,46.5515,0.9927,1.7916,0.9942,239.328,0.4178,0.002032,Degraded
7048,47.7295,0.9925,1.7928,0.9936,240.5823,0.4157,0.001903,Degraded
7049,47.8581,0.9918,1.7921,0.9936,239.3211,0.4178,0.00216,Degraded
7050,46.8046,0.9925,1.792,0.9933,240.3318,0.4161,0.001847,Degraded
7051,47.7515,0.9946,1.7942,0.9948,239.4105,0.4177,0.002273,Degraded
7052,47.9891,0.9944,1.7928,0.9954,239.1614,0.4181,0.002504,Degraded
7053,47.5659,0.9913,1.793,0.9951,240.7234,0.4154,0.001927,Degraded
7054,46.3017,0.9934,1.7934,0.9929,239.1553,0.4181,0.002069,Degraded
7055,48.3575,0.9925,1.7925,0.9945,238.315,0.4196,0.002507,Degraded
7056,48.4481,0.9922,1.7918,0.9933,239.8854,0.4169,0.001925,Degraded
7057,47.5031,0.9913,1.7935,0.9949,239.2668,0.4179,0.002166,Degraded
7058,48.341,0.9931,1.7937,0.9932,239.716,0.4172,0.002166,Degraded
7059,48.6678,0.993,1.7928,0.9938,240.6045,0.4156,0.001656,Degraded
7060,48.1169,0.9929,1.7928,0.994,239.3653,0.4178,0.002224,Degraded
7061,47.0738,0.9931,1.7933,0.9934,239.8116,0.417,0.0022,Degraded
7062,47.0724,0.9917,1.7921,0.9945,239.3463,0.4178,0.002407,Degraded
7063,47.4197,0.992,1.7936,0.9934,238.7728,0.4188,0.001973,Degraded
7064,45.3173,0.9935,1.7939,0.9953,240.9123,0.4151,0.002431,Degraded
7065,47.4498,0.994,1.7928,0.9939,238.798,0.4188,0.002076,Degraded
7066,47.982,0.9945,1.7937,0.9936,238.5657,0.4192,0.002244,Degraded
7067,48.4425,0.9942,1.7927,0.9948,240.0842,0.4165,0.00186,Degraded
7068,47.9446,0.9938,1.7934,0.9943,241.486,0.4141,0.002517,Degraded
7069,47.7317,0.9927,1.7936,0.9943,240.4137,0.4159,0.001877,Degraded
7070,47.5334,0.9936,1.7939,0.9929,238.6317,0.4191,0.001796,Degraded
7071,47.0293,0.9917,1.7935,0.9946,239.2704,0.4179,0.002137,Degraded
7072,48.685,0.9919,1.791,0.9951,239.0792,0.4183,0.001928,Degraded
7073,48.1746,0.991,1.7921,0.992,239.5978,0.4174,0.002447,Degraded
7074,47.2747,0.9921,1.7947,0.995,241.2934,0.4144,0.002164,Degraded
7075,47.9163,0.9944,1.7928,0.9946,237.4505,0.4211,0.00248,Degraded
7076,48.0495,0.9928,1.7938,0.9932,238.9449,0.4185,0.002243,Degraded
7077,47.7738,0.9934,1.7932,0.995,238.3279,0.4196,0.002389,Degraded
7078,47.3533,0.993,1.7923,0.9941,239.5663,0.4174,0.00228,Degraded
7079,48.4632,0.9934,1.7923,0.9947,239.5737,0.4174,0.002146,Degraded
7080,48.1714,0.9916,1.7909,0.9955,239.2749,0.4179,0.002217,Degraded
7081,47.0517,0.9942,1.7933,0.9942,239.6071,0.4173,0.001786,Degraded
7082,48.0461,0.9944,1.7932,0.9945,239.1234,0.4182,0.002351,Degraded
7083,48.7342,0.9925,1.7933,0.9946,239.6969,0.4172,0.00198,Degraded
7084,48.6654,0.9935,1.7941,0.9932,238.5287,0.4192,0.002547,Degraded
7085,48.6707,0.9921,1.7938,0.9939,238.0135,0.4201,0.001715,Degraded
7086,47.7372,0.9945,1.7944,0.9956,240.035,0.4166,0.002199,Degraded
7087,48.6782,0.9909,1.7939,0.9932,238.6393,0.419,0.002275,Degraded
7088,48.5014,0.9923,1.7936,0.9949,239.1195,0.4182,0.002167,Degraded
7089,49.4249,0.9926,1.7927,0.9945,239.2201,0.418,0.002295,Degraded
7090,48.9374,0.9927,1.7921,0.9963,239.4608,0.4176,0.001796,Degraded
7091,49.2536,0.994,1.7945,0.9958,241.4795,0.4141,0.00193,Degraded
7092,47.1291,0.9924,1.7924,0.9944,238.9701,0.4185,0.0019,Degraded
7093,47.0678,0.9926,1.7941,0.9938,240.0085,0.4167,0.001874,Degraded
7094,45.2101,0.9928,1.7923,0.9934,238.5599,0.4192,0.001997,Degraded
7095,46.9811,0.992,1.7915,0.9922,237.59,0.4209,0.002631,Degraded
7096,47.7222,0.9944,1.7927,0.9942,239.6013,0.4174,0.002267,Degraded
7097,46.7773,0.9925,1.7932,0.9924,240.3924,0.416,0.002352,Degraded
7098,46.095,0.992,1.793,0.9952,240.5739,0.4157,0.002012,Degraded
7099,49.6487,0.9929,1.7927,0.9949,239.6001,0.4174,0.002191,Degraded
7100,49.3769,0.9931,1.7919,0.9935,240.5281,0.4158,0.002277,Degraded
7101,46.5367,0.9913,1.7929,0.9949,238.8061,0.4187,0.001804,Degraded
7102,46.8835,0.9945,1.7934,0.9953,240.279,0.4162,0.002015,Degraded
7103,47.487,0.9927,1.7933,0.9954,240.8414,0.4152,0.002304,Degraded
7104,48.4445,0.9948,1.7927,0.9955,239.8066,0.417,0.002264,Degraded
7105,47.6174,0.9915,1.7932,0.9947,238.8821,0.4186,0.002122,Degraded
7106,47.0853,0.992,1.7924,0.993,238.8742,0.4186,0.002285,Degraded
7107,48.9575,0.995,1.7925,0.9955,239.6084,0.4173,0.002095,Degraded
7108,48.1162,0.994,1.7924,0.9938,239.0102,0.4184,0.002017,Degraded
7109,48.7553,0.9921,1.7923,0.9946,239.5208,0.4175,0.002061,Degraded
7110,49.1449,0.9923,1.7927,0.9924,239.091,0.4183,0.001878,Degraded
7111,47.0668,0.9909,1.792,0.9942,239.1382,0.4182,0.00206,Degraded
7112,47.5417,0.9924,1.7929,0.9942,239.552,0.4174,0.002103,Degraded
7113,47.4565,0.9937,1.7935,0.9943,240.2866,0.4162,0.00216,Degraded
7114,47.6763,0.9928,1.7931,0.9934,237.8301,0.4205,0.0022,Degraded
7115,48.4742,0.9919,1.794,0.9927,238.8805,0.4186,0.002486,Degraded
7116,48.0935,0.9926,1.7931,0.9955,238.1699,0.4199,0.002408,Degraded
7117,47.4186,0.9936,1.7923,0.996,239.2996,0.4179,0.001879,Degraded
7118,48.1885,0.9942,1.7941,0.9944,239.9727,0.4167,0.002061,Degraded
7119,48.287,0.9932,1.79,0.9933,239.4878,0.4176,0.002179,Degraded
7120,47.7927,0.993,1.7941,0.9947,237.4539,0.4211,0.002536,Degraded
7121,46.2926,0.9938,1.7913,0.9957,239.0961,0.4182,0.002223,Degraded
7122,46.2307,0.9936,1.7933,0.9949,240.0767,0.4165,0.002182,Degraded
7123,47.6528,0.9921,1.7924,0.9955,238.6453,0.419,0.001778,Degraded
7124,47.0332,0.9935,1.7926,0.9949,237.7136,0.4207,0.001551,Degraded
7125,48.0363,0.9939,1.7912,0.9948,240.2647,0.4162,0.002147,Degraded
7126,48.5477,0.9931,1.7926,0.9951,240.8412,0.4152,0.002036,Degraded
7127,47.7584,0.9919,1.793,0.9941,240.2363,0.4163,0.002432,Degraded
7128,48.4608,0.9939,1.7922,0.9933,239.6575,0.4173,0.002152,Degraded
7129,49.4316,0.9909,1.7935,0.9949,238.6969,0.4189,0.001955,Degraded
7130,47.5626,0.9912,1.7943,0.997,239.032,0.4184,0.002021,Degraded
7131,46.7871,0.9918,1.7923,0.9955,241.8579,0.4135,0.002005,Degraded
7132,47.116,0.9917,1.7933,0.9946,239.3827,0.4177,0.002061,Degraded
7133,48.9268,0.9936,1.7936,0.9947,239.149,0.4181,0.002007,Degraded
7134,48.2571,0.9933,1.7934,0.9927,239.5704,0.4174,0.002088,Degraded
7135,47.1401,0.9936,1.793,0.9966,239.6851,0.4172,0.002091,Degraded
7136,47.7582,0.9917,1.7941,0.9946,239.5617,0.4174,0.001938,Degraded
7137,48.4698,0.9919,1.7923,0.9944,238.8297,0.4187,0.001993,Degraded
7138,47.8083,0.9939,1.7938,0.995,239.682,0.4172,0.002056,Degraded
7139,48.7469,0.9911,1.7933,0.9951,239.2193,0.418,0.002007,Degraded
7140,47.8224,0.9921,1.7934,0.9952,239.6474,0.4173,0.002229,Degraded
7141,48.4621,0.9937,1.7921,0.9927,239.5108,0.4175,0.002337,Degraded
7142,46.5909,0.9929,1.794,0.9942,240.5039,0.4158,0.002419,Degraded
7143,47.7112,0.9925,1.7925,0.9944,238.3467,0.4196,0.001881,Degraded
7144,46.042,0.9928,1.7949,0.9923,239.1367,0.4182,0.00211,Degraded
7145,47.7393,0.9941,1.792,0.9923,238.8551,0.4187,0.00202,Degraded
7146,46.0781,0.9931,1.7917,0.9942,238.9907,0.4184,0.001939,Degraded
7147,48.5771,0.9926,1.7929,0.9949,239.5103,0.4175,0.002183,Degraded
7148,47.207,0.9917,1.793,0.9933,239.9136,0.4168,0.002128,Degraded
7149,48.3871,0.9919,1.7917,0.996,239.1569,0.4181,0.002337,Degraded
7150,46.7405,0.9926,1.7942,0.9927,241.0953,0.4148,0.002196,Degraded
7151,47.2167,0.9932,1.794,0.9935,238.7279,0.4189,0.002205,Degraded
7152,48.244,0.9926,1.7933,0.9951,239.4106,0.4177,0.002017,Degraded
7153,47.8587,0.9946,1.7932,0.9955,238.859,0.4187,0.002208,Degraded
7154,48.5127,0.9943,1.7941,0.9932,240.1905,0.4163,0.002493,Degraded
7155,47.4191,0.992,1.7928,0.9945,238.9874,0.4184,0.001919,Degraded
7156,49.0587,0.992,1.7923,0.9944,238.088,0.42,0.001847,Degraded
7157,47.5373,0.9937,1.793,0.9922,240.3761,0.416,0.002317,Degraded
7158,48.0372,0.993,1.7935,0.9966,239.9674,0.4167,0.002217,Degraded
7159,46.9045,0.993,1.7936,0.9942,238.8433,0.4187,0.002268,Degraded
7160,47.0976,0.9937,1.7924,0.9921,238.8962,0.4186,0.002147,Degraded
7161,48.3318,0.9933,1.7915,0.9944,238.8313,0.4187,0.002086,Degraded
7162,47.093,0.9928,1.796,0.9961,238.458,0.4194,0.002172,Degraded
7163,47.6422,0.993,1.7938,0.9941,238.6857,0.419,0.00239,Degraded
7164,46.908,0.993,1.7913,0.9932,239.8498,0.4169,0.002023,Degraded
7165,46.3958,0.9921,1.792,0.993,239.6926,0.4172,0.00185,Degraded
7166,47.4285,0.993,1.7925,0.9939,238.6728,0.419,0.001916,Degraded
7167,47.3912,0.9935,1.7924,0.9944,240.1432,0.4164,0.00228,Degraded
7168,46.8814,0.9933,1.7939,0.9937,237.9795,0.4202,0.002072,Degraded
7169,48.0546,0.9934,1.7923,0.9922,238.2254,0.4198,0.002233,Degraded
7170,49.4985,0.9928,1.7941,0.9932,238.7269,0.4189,0.001693,Degraded
7171,48.2035,0.9919,1.7934,0.9938,240.861,0.4152,0.00252,Degraded
7172,46.0669,0.9934,1.7921,0.9949,238.167,0.4199,0.00245,Degraded
7173,48.736,0.9914,1.7926,0.9944,239.816,0.417,0.00216,Degraded
7174,48.5423,0.9928,1.7934,0.9929,239.2182,0.418,0.002392,Degraded
7175,49.0439,0.993,1.7927,0.9956,239.1568,0.4181,0.002391,Degraded
7176,47.8315,0.9929,1.7917,0.993,240.0185,0.4166,0.002507,Degraded
7177,48.0032,0.9927,1.7938,0.9946,237.3158,0.4214,0.002362,Degraded
7178,46.8509,0.9928,1.7924,0.9936,239.2706,0.4179,0.002342,Degraded
7179,47.9473,0.9942,1.7944,0.9958,239.1868,0.4181,0.002068,Degraded
7180,47.897,0.9939,1.7939,0.9917,239.4747,0.4176,0.00169,Degraded
7181,47.9105,0.9923,1.792,0.9951,238.7107,0.4189,0.002162,Degraded
7182,47.1817,0.9929,1.7938,0.9934,239.7389,0.4171,0.002176,Degraded
7183,47.9673,0.9925,1.7936,0.9949,239.1188,0.4182,0.002205,Degraded
7184,48.5256,0.9934,1.7925,0.9954,239.9153,0.4168,0.002587,Degraded
7185,46.6773,0.9935,1.794,0.9953,239.0203,0.4184,0.001893,Degraded
7186,49.1665,0.9923,1.7925,0.9963,238.2025,0.4198,0.00233,Degraded
7187,47.3336,0.992,1.793,0.9949,239.9797,0.4167,0.002382,Degraded
7188,47.3731,0.9917,1.7925,0.9946,239.0535,0.4183,0.00144,Degraded
7189,46.4785,0.9926,1.7937,0.9933,239.803,0.417,0.001867,Degraded
7190,48.1465,0.9931,1.7933,0.9932,237.9769,0.4202,0.002312,Degraded
7191,46.7229,0.992,1.7942,0.9944,239.5085,0.4175,0.002292,Degraded
7192,48.4169,0.9928,1.7919,0.9969,238.9779,0.4184,0.002234,Degraded
7193,48.2995,0.9923,1.7924,0.9957,238.6193,0.4191,0.00225,Degraded
7194,48.6659,0.9926,1.7927,0.9952,239.0991,0.4182,0.001753,Degraded
7195,49.1541,0.9918,1.793,0.9929,238.7988,0.4188,0.002081,Degraded
7196,48.0921,0.9919,1.7948,0.9943,239.9108,0.4168,0.002167,Degraded
7197,48.7524,0.9907,1.7921,0.9937,238.7806,0.4188,0.002273,Degraded
7198,48.4261,0.9927,1.7928,0.9967,239.4627,0.4176,0.001724,Degraded
7199,48.5743,0.9934,1.794,0.9948,238.4777,0.4193,0.002348,Degraded
7200,48.0394,0.9938,1.7943,0.9941,239.9006,0.4168,0.002377,Degraded
7201,48.0888,0.9948,1.7938,0.9937,239.4066,0.4177,0.002342,Degraded
7202,49.4997,0.9934,1.7931,0.9955,239.0214,0.4184,0.001973,Degraded
7203,48.5284,0.9924,1.7955,0.9945,239.7634,0.4171,0.002045,Degraded
7204,48.9789,0.9928,1.7927,0.9941,238.1609,0.4199,0.002121,Degraded
7205,48.4059,0.9912,1.7938,0.994,239.3883,0.4177,0.001725,Degraded
7206,48.1508,0.9918,1.7924,0.9927,238.4855,0.4193,0.002139,Degraded
7207,47.7552,0.9937,1.7909,0.9942,239.1102,0.4182,0.002081,Degraded
7208,47.2438,0.9939,1.7948,0.9925,238.4487,0.4194,0.001972,Degraded
7209,47.751,0.994,1.7933,0.9941,239.1996,0.4181,0.002109,Degraded
7210,48.5689,0.9937,1.7934,0.992,239.1955,0.4181,0.002136,Degraded
7211,48.7728,0.993,1.7933,0.9937,239.935,0.4168,0.00242,Degraded
7212,46.68,0.9915,1.7936,0.9941,240.005,0.4167,0.002222,Degraded
7213,48.5377,0.992,1.7931,0.9946,238.6294,0.4191,0.002374,Degraded
7214,46.4689,0.993,1.7915,0.9932,239.9678,0.4167,0.001954,Degraded
7215,47.0733,0.9934,1.7917,0.9952,239.6932,0.4172,0.002019,Degraded
7216,48.7731,0.9908,1.7933,0.993,238.7574,0.4188,0.002083,Degraded
7217,49.0157,0.9923,1.7927,0.9938,238.3884,0.4195,0.001969,Degraded
7218,48.2394,0.9928,1.7935,0.994,239.0053,0.4184,0.002329,Degraded
7219,47.6965,0.9913,1.7936,0.9935,239.225,0.418,0.00205,Degraded
7220,47.218,0.9909,1.7931,0.9908,240.2087,0.4163,0.002382,Degraded
7221,47.2702,0.9944,1.7948,0.9939,239.4973,0.4175,0.002204,Degraded
7222,49.2105,0.9914,1.7926,0.9951,239.8178,0.417,0.002168,Degraded
7223,49.1152,0.993,1.7929,0.9949,239.1168,0.4182,0.002187,Degraded
7224,47.3734,0.9957,1.7923,0.995,240.691,0.4155,0.001909,Degraded
7225,48.4939,0.9928,1.7946,0.9933,238.5607,0.4192,0.002168,Degraded
7226,47.612,0.9923,1.7948,0.9943,238.5333,0.4192,0.0021,Degraded
7227,48.3325,0.9931,1.7922,0.9926,239.1191,0.4182,0.002163,Degraded
7228,47.4935,0.9941,1.7933,0.9944,238.8694,0.4186,0.002525,Degraded
7229,47.0886,0.9923,1.7923,0.9945,239.6852,0.4172,0.001911,Degraded
7230,47.4663,0.9932,1.7921,0.9938,239.2931,0.4179,0.001983,Degraded
7231,48.2379,0.9934,1.7928,0.9956,239.7338,0.4171,0.002171,Degraded
7232,47.7605,0.9945,1.7921,0.9939,238.8241,0.4187,0.002259,Degraded
7233,49.8235,0.993,1.7924,0.9944,238.1002,0.42,0.002142,Degraded
7234,49.3845,0.9934,1.794,0.9952,238.582,0.4191,0.002563,Degraded
7235,46.6022,0.9931,1.7907,0.9925,239.896,0.4168,0.002042,Degraded
7236,49.0207,0.9906,1.7927,0.993,238.8832,0.4186,0.00249,Degraded
7237,49.46,0.9933,1.7912,0.993,239.2725,0.4179,0.00202,Degraded
7238,48.5548,0.9944,1.7918,0.9933,238.1987,0.4198,0.002131,Degraded
7239,48.072,0.9928,1.7937,0.9946,239.0945,0.4182,0.00219,Degraded
7240,48.1004,0.9927,1.7921,0.993,239.2538,0.418,0.002082,Degraded
7241,48.4539,0.9928,1.7928,0.9952,238.0148,0.4201,0.002536,Degraded
7242,46.2876,0.9942,1.793,0.9937,237.9597,0.4202,0.002063,Degraded
7243,47.9065,0.993,1.7942,0.9943,239.3912,0.4177,0.002253,Degraded
7244,47.7772,0.9926,1.7926,0.9948,238.4037,0.4195,0.002082,Degraded
7245,48.3261,0.9917,1.7929,0.9937,239.5367,0.4175,0.002458,Degraded
7246,47.6071,0.9935,1.793,0.9938,239.1363,0.4182,0.002443,Degraded
7247,47.9071,0.9941,1.7926,0.9928,239.0121,0.4184,0.001886,Degraded
7248,47.7922,0.9924,1.7946,0.9958,239.1963,0.4181,0.002427,Degraded
7249,47.73,0.9913,1.7933,0.9946,238.3765,0.4195,0.002006,Degraded
7250,48.8017,0.9911,1.7933,0.9939,239.5727,0.4174,0.002383,Degraded
7251,47.3523,0.9916,1.7942,0.9941,239.3857,0.4177,0.002367,Degraded
7252,47.2846,0.9936,1.7934,0.9957,240.2841,0.4162,0.002198,Degraded
7253,48.6578,0.9928,1.7929,0.9931,238.9409,0.4185,0.001827,Degraded
7254,47.9472,0.9941,1.7935,0.9943,238.9574,0.4185,0.002078,Degraded
7255,47.3242,0.9936,1.7912,0.9926,239.841,0.4169,0.002228,Degraded
7256,48.0967,0.993,1.7948,0.9943,239.3506,0.4178,0.002598,Degraded
7257,48.0117,0.9945,1.7906,0.993,238.5801,0.4191,0.002304,Degraded
7258,49.4836,0.9922,1.7937,0.9964,240.3648,0.416,0.002107,Degraded
7259,48.7611,0.9931,1.7921,0.9946,238.7325,0.4189,0.002213,Degraded
7260,46.9653,0.991,1.7925,0.9945,238.2077,0.4198,0.002293,Degraded
7261,48.104,0.9934,1.7937,0.9955,239.5911,0.4174,0.002129,Degraded
7262,48.2227,0.9951,1.7937,0.9943,238.9866,0.4184,0.002069,Degraded
7263,47.1236,0.9944,1.7932,0.9929,239.0052,0.4184,0.002443,Degraded
7264,47.7176,0.9919,1.7931,0.9948,238.7475,0.4189,0.002069,Degraded
7265,48.4455,0.9916,1.7922,0.9941,239.6937,0.4172,0.002104,Degraded
7266,48.5294,0.9939,1.7922,0.9974,240.2367,0.4163,0.002244,Degraded
7267,47.9352,0.9922,1.7944,0.9944,237.9484,0.4203,0.001848,Degraded
7268,48.1724,0.9929,1.7918,0.9927,237.5275,0.421,0.002039,Degraded
7269,47.794,0.9934,1.7926,0.9952,239.5806,0.4174,0.002293,Degraded
7270,48.8694,0.9913,1.7922,0.9966,237.57,0.4209,0.002131,Degraded
7271,48.4687,0.9909,1.792,0.9962,239.2299,0.418,0.002076,Degraded
7272,48.258,0.9922,1.7944,0.9932,238.6738,0.419,0.001893,Degraded
7273,47.855,0.9926,1.7939,0.9932,239.4774,0.4176,0.002209,Degraded
7274,46.5792,0.992,1.792,0.9959,239.5256,0.4175,0.002221,Degraded
7275,44.6587,0.9908,1.7935,0.995,238.4937,0.4193,0.002198,Degraded
7276,48.0622,0.9929,1.7924,0.995,239.9709,0.4167,0.002001,Degraded
7277,47.1431,0.9919,1.7928,0.9945,239.7153,0.4172,0.002387,Degraded
7278,48.3904,0.993,1.7944,0.9942,239.555,0.4174,0.002257,Degraded
7279,47.9637,0.9926,1.794,0.9941,238.7994,0.4188,0.002046,Degraded
7280,48.442,0.9922,1.7931,0.9944,238.7381,0.4189,0.001915,Degraded
7281,47.2824,0.9918,1.7917,0.9946,240.7818,0.4153,0.002092,Degraded
7282,47.8002,0.9921,1.7936,0.9946,239.0637,0.4183,0.001952,Degraded
7283,47.3352,0.9929,1.7929,0.9942,239.6074,0.4173,0.00195,Degraded
7284,48.3541,0.993,1.7918,0.9936,239.6285,0.4173,0.001967,Degraded
7285,50.084,0.9933,1.7927,0.9939,239.7031,0.4172,0.002113,Degraded
7286,47.8185,0.9942,1.7922,0.9943,238.4628,0.4194,0.002248,Degraded
7287,48.5811,0.9944,1.7918,0.9927,238.8561,0.4187,0.002073,Degraded
7288,48.106,0.9932,1.795,0.9937,237.2997,0.4214,0.002149,Degraded
7289,48.4006,0.9917,1.7929,0.9943,239.2744,0.4179,0.002355,Degraded
7290,48.0558,0.9933,1.7909,0.9932,238.7918,0.4188,0.001996,Degraded
7291,48.1291,0.9924,1.7923,0.9951,239.1306,0.4182,0.001981,Degraded
7292,47.6429,0.9935,1.7929,0.9954,239.7393,0.4171,0.00212,Degraded
7293,49.2758,0.9942,1.7909,0.9942,238.6206,0.4191,0.002146,Degraded
7294,47.4763,0.9918,1.7936,0.993,239.1337,0.4182,0.001928,Degraded
7295,49.1465,0.9927,1.7935,0.9944,238.8549,0.4187,0.002212,Degraded
7296,49.3387,0.9918,1.7902,0.9934,238.0887,0.42,0.002392,Degraded
7297,47.994,0.9935,1.7927,0.9942,239.1857,0.4181,0.002495,Degraded
7298,48.2856,0.9938,1.7937,0.994,238.9939,0.4184,0.002124,Degraded
7299,49.1647,0.9918,1.792,0.9939,238.133,0.4199,0.002081,Degraded
7300,49.0489,0.9934,1.7923,0.995,240.7155,0.4154,0.002263,Degraded
7301,49.2781,0.9936,1.7924,0.9944,239.4695,0.4176,0.002051,Degraded
7302,46.0562,0.9919,1.7905,0.9934,237.681,0.4207,0.002377,Degraded
7303,47.1993,0.9932,1.7935,0.9949,237.5508,0.421,0.002425,Degraded
7304,48.4835,0.9935,1.7945,0.995,238.0979,0.42,0.002332,Degraded
7305,46.9461,0.9926,1.7922,0.9942,237.8349,0.4205,0.001923,Degraded
7306,47.7913,0.9925,1.7923,0.9956,239.3799,0.4177,0.002281,Degraded
7307,47.8468,0.9913,1.7927,0.996,239.219,0.418,0.002425,Degraded
7308,49.1459,0.9933,1.7929,0.9932,238.8712,0.4186,0.00213,Degraded
7309,48.4202,0.9913,1.7922,0.9946,238.4748,0.4193,0.00202,Degraded
7310,47.5249,0.9924,1.7903,0.9934,239.7972,0.417,0.002268,Degraded
7311,48.4958,0.9909,1.7923,0.994,239.405,0.4177,0.002425,Degraded
7312,48.9254,0.9921,1.7921,0.9956,238.7439,0.4189,0.001987,Degraded
7313,47.9977,0.994,1.7918,0.9937,238.3397,0.4196,0.002395,Degraded
7314,48.3955,0.9936,1.7943,0.9926,238.4217,0.4194,0.002117,Degraded
7315,48.2221,0.9932,1.7922,0.9935,239.7928,0.417,0.002314,Degraded
7316,48.4215,0.9905,1.7939,0.9943,238.8964,0.4186,0.002041,Degraded
7317,47.6643,0.9918,1.7907,0.9933,237.7453,0.4206,0.002193,Degraded
7318,47.2518,0.9934,1.791,0.9953,239.6923,0.4172,0.001992,Degraded
7319,48.0988,0.9918,1.7933,0.9959,239.9664,0.4167,0.002068,Degraded
7320,48.2677,0.9942,1.7932,0.9952,239.541,0.4175,0.002221,Degraded
7321,48.1222,0.9915,1.7919,0.9932,238.7374,0.4189,0.002226,Degraded
7322,48.0933,0.9929,1.7933,0.9937,239.6074,0.4173,0.002434,Degraded
7323,48.5135,0.9921,1.7936,0.9946,239.5106,0.4175,0.002514,Degraded
7324,48.7508,0.9943,1.7925,0.9937,239.9331,0.4168,0.00201,Degraded
7325,49.6957,0.994,1.7928,0.9953,239.5424,0.4175,0.001949,Degraded
7326,47.5338,0.993,1.7928,0.9954,239.2526,0.418,0.001954,Degraded
7327,47.7523,0.9934,1.7909,0.9927,238.7114,0.4189,0.002393,Degraded
7328,48.017,0.9931,1.7927,0.994,238.485,0.4193,0.002376,Degraded
7329,47.1888,0.9924,1.7938,0.9934,237.7614,0.4206,0.001785,Degraded
7330,48.727,0.9934,1.7923,0.9929,238.8881,0.4186,0.002445,Degraded
7331,47.1804,0.9937,1.791,0.993,239.0909,0.4183,0.002399,Degraded
7332,49.3749,0.9937,1.7942,0.9943,238.5047,0.4193,0.002446,Degraded
7333,49.2902,0.9936,1.7933,0.9955,239.2741,0.4179,0.002206,Degraded
7334,48.7816,0.9931,1.7936,0.994,239.7264,0.4171,0.002382,Degraded
7335,48.3737,0.9919,1.7939,0.9929,238.2313,0.4198,0.002244,Degraded
7336,46.1985,0.9942,1.7927,0.9957,240.4392,0.4159,0.00218,Degraded
7337,49.2856,0.9916,1.7931,0.9937,239.5517,0.4174,0.002388,Degraded
7338,48.0805,0.9932,1.7936,0.9943,241.0242,0.4149,0.002184,Degraded
7339,49.5349,0.9938,1.7908,0.9956,239.8507,0.4169,0.002235,Degraded
7340,48.5071,0.9932,1.794,0.9937,240.2588,0.4162,0.001995,Degraded
7341,46.8057,0.9933,1.7939,0.9939,237.1771,0.4216,0.001914,Degraded
7342,48.5646,0.9926,1.7939,0.9942,238.3945,0.4195,0.002274,Degraded
7343,49.0299,0.994,1.7925,0.9942,239.6089,0.4173,0.002063,Degraded
7344,48.8086,0.9924,1.7926,0.9941,239.0877,0.4183,0.002596,Degraded
7345,47.8458,0.9922,1.7941,0.9946,239.5965,0.4174,0.002007,Degraded
7346,48.4199,0.9935,1.792,0.9948,238.8175,0.4187,0.002085,Degraded
7347,49.0352,0.9938,1.7928,0.9946,240.0392,0.4166,0.002135,Degraded
7348,48.5053,0.9923,1.7916,0.9937,238.078,0.42,0.0023,Degraded
7349,47.6105,0.9913,1.7934,0.9948,238.7123,0.4189,0.002355,Degraded
7350,47.5851,0.9923,1.7931,0.9952,238.669,0.419,0.002096,Degraded
7351,49.0178,0.9933,1.7928,0.9953,240.5311,0.4157,0.002288,Degraded
7352,47.7617,0.9931,1.7918,0.9954,238.4107,0.4194,0.002177,Degraded
7353,47.5653,0.9928,1.7929,0.9949,239.0662,0.4183,0.002225,Degraded
7354,47.7781,0.9924,1.7913,0.9955,238.8936,0.4186,0.002544,Degraded
7355,48.1422,0.9907,1.7922,0.9941,239.0198,0.4184,0.002352,Degraded
7356,48.3799,0.9923,1.7917,0.9937,239.4496,0.4176,0.002388,Degraded
7357,47.7035,0.9936,1.7932,0.9932,239.1619,0.4181,0.002291,Degraded
7358,47.3928,0.9913,1.7931,0.9937,240.1727,0.4164,0.002562,Degraded
7359,48.6238,0.9936,1.7916,0.9928,238.8484,0.4187,0.00196,Degraded
7360,48.4941,0.9919,1.7928,0.9939,239.4699,0.4176,0.002283,Degraded
7361,47.9267,0.9913,1.7928,0.9924,239.9554,0.4167,0.002324,Degraded
7362,48.9258,0.9917,1.793,0.9934,239.0763,0.4183,0.002019,Degraded
7363,48.1866,0.9913,1.7925,0.9925,240.3532,0.4161,0.002251,Degraded
7364,48.2597,0.9933,1.7913,0.9933,239.3788,0.4177,0.002251,Degraded
7365,47.6813,0.9933,1.7929,0.9946,239.2643,0.4179,0.002083,Degraded
7366,48.1981,0.9908,1.7921,0.9939,239.4524,0.4176,0.002322,Degraded
7367,47.6589,0.9919,1.7939,0.9938,239.0409,0.4183,0.002377,Degraded
7368,48.1988,0.9925,1.7923,0.9936,239.0623,0.4183,0.001856,Degraded
7369,47.9753,0.9932,1.7931,0.9955,239.6164,0.4173,0.002302,Degraded
7370,48.2889,0.9922,1.7931,0.9944,238.6456,0.419,0.002048,Degraded
7371,48.2253,0.9938,1.7927,0.9941,239.282,0.4179,0.002318,Degraded
7372,48.4687,0.9926,1.7921,0.9951,238.6004,0.4191,0.002536,Degraded
7373,48.3949,0.9927,1.7934,0.9934,239.3996,0.4177,0.002245,Degraded
7374,48.6019,0.9919,1.7919,0.9923,238.5732,0.4192,0.00212,Degraded
7375,47.7411,0.9925,1.7927,0.9946,239.3901,0.4177,0.002353,Degraded
7376,48.8306,0.9929,1.7927,0.995,239.4906,0.4176,0.001926,Degraded
7377,48.1404,0.9908,1.7908,0.9936,238.8321,0.4187,0.002138,Degraded
7378,46.8595,0.9934,1.7919,0.9946,238.3894,0.4195,0.002124,Degraded
7379,48.6291,0.9923,1.7928,0.9944,237.7898,0.4205,0.002319,Degraded
7380,47.5339,0.9915,1.7919,0.9949,237.6497,0.4208,0.002354,Degraded
7381,48.5574,0.9927,1.7929,0.9938,239.4743,0.4176,0.002139,Degraded
7382,46.9877,0.9925,1.7934,0.9946,240.3785,0.416,0.002174,Degraded
7383,48.1608,0.9924,1.7918,0.9936,238.0944,0.42,0.001766,Degraded
7384,47.827,0.9926,1.7932,0.9935,238.4728,0.4193,0.002431,Degraded
7385,47.2281,0.9925,1.7936,0.9934,237.6957,0.4207,0.002567,Degraded
7386,48.9342,0.9934,1.7925,0.9947,236.9287,0.4221,0.002138,Degraded
7387,49.0547,0.9912,1.7923,0.9944,238.2921,0.4197,0.002228,Degraded
7388,48.6069,0.9929,1.7922,0.9933,239.2349,0.418,0.002294,Degraded
7389,48.5322,0.9927,1.793,0.995,239.1645,0.4181,0.002246,Degraded
7390,47.8805,0.994,1.7915,0.9939,238.5077,0.4193,0.001862,Degraded
7391,48.5869,0.9924,1.7926,0.9939,239.5161,0.4175,0.002404,Degraded
7392,47.4246,0.9944,1.7924,0.9947,239.0563,0.4183,0.002249,Degraded
7393,48.7529,0.9939,1.7934,0.9938,238.8431,0.4187,0.002115,Degraded
7394,48.8814,0.9932,1.7923,0.9954,239.768,0.4171,0.002593,Degraded
7395,47.6791,0.9925,1.7924,0.9967,238.9154,0.4186,0.002482,Degraded
7396,49.1406,0.9925,1.7927,0.9946,239.9123,0.4168,0.002194,Degraded
7397,47.9077,0.9935,1.7915,0.9943,239.7526,0.4171,0.002315,Degraded
7398,47.8628,0.9916,1.7938,0.9939,238.1819,0.4198,0.002457,Degraded
7399,48.959,0.9915,1.7951,0.9935,239.5287,0.4175,0.002627,Degraded
7400,49.0306,0.9929,1.7912,0.9961,239.5921,0.4174,0.001947,Degraded
7401,49.5575,0.9927,1.7923,0.9935,239.0354,0.4183,0.002392,Degraded
7402,47.9278,0.9927,1.796,0.9946,239.6697,0.4172,0.002039,Degraded
7403,47.2395,0.9941,1.7938,0.9958,238.8318,0.4187,0.002482,Degraded
7404,46.2838,0.9931,1.7936,0.9934,239.7387,0.4171,0.002195,Degraded
7405,48.2652,0.9923,1.7942,0.9936,238.4312,0.4194,0.00206,Degraded
7406,48.0359,0.9928,1.7932,0.9933,239.1893,0.4181,0.002354,Degraded
7407,47.5864,0.9927,1.7925,0.9941,238.4655,0.4193,0.002205,Degraded
7408,48.3593,0.9945,1.7926,0.9954,240.0193,0.4166,0.001969,Degraded
7409,48.1032,0.994,1.7928,0.994,239.4865,0.4176,0.002446,Degraded
7410,48.3145,0.9923,1.7902,0.9941,238.5801,0.4191,0.002032,Degraded
7411,48.1755,0.9922,1.7928,0.9938,239.2411,0.418,0.002268,Degraded
7412,49.3604,0.9921,1.7944,0.9951,240.0714,0.4165,0.002284,Degraded
7413,48.1183,0.992,1.7943,0.9952,238.074,0.42,0.002429,Degraded
7414,47.6849,0.9929,1.7934,0.9955,239.069,0.4183,0.002207,Degraded
7415,48.3823,0.9937,1.7934,0.9941,237.3868,0.4213,0.001748,Degraded
7416,48.5291,0.9914,1.7921,0.9938,240.5372,0.4157,0.002259,Degraded
7417,48.9266,0.9931,1.7902,0.9937,237.8985,0.4203,0.002581,Degraded
7418,46.8969,0.9922,1.7923,0.9931,238.9541,0.4185,0.002227,Degraded
7419,48.4846,0.9931,1.7928,0.9944,239.7613,0.4171,0.001906,Degraded
7420,48.916,0.9915,1.7919,0.9942,239.1991,0.4181,0.002342,Degraded
7421,47.6017,0.9942,1.7922,0.9933,237.851,0.4204,0.001962,Degraded
7422,47.2398,0.9929,1.7932,0.9932,237.9535,0.4203,0.002194,Degraded
7423,48.4392,0.9928,1.7916,0.9939,240.1192,0.4165,0.001998,Degraded
7424,48.3399,0.9931,1.7916,0.9947,237.7926,0.4205,0.002364,Degraded
7425,48.3997,0.9912,1.7933,0.9932,238.7399,0.4189,0.002364,Degraded
7426,47.5952,0.992,1.7937,0.992,239.9959,0.4167,0.001945,Degraded
7427,47.8092,0.9929,1.7932,0.9944,238.8973,0.4186,0.002151,Degraded
7428,49.6194,0.9933,1.7937,0.9936,236.9954,0.4219,0.002442,Degraded
7429,48.6573,0.9928,1.792,0.9937,238.3773,0.4195,0.002248,Degraded
7430,47.4655,0.9933,1.7946,0.9935,237.5808,0.4209,0.002219,Degraded
7431,48.628,0.993,1.7942,0.9949,237.4042,0.4212,0.001992,Degraded
7432,48.7021,0.9921,1.7941,0.9931,239.6206,0.4173,0.00211,Degraded
7433,48.5892,0.9917,1.7931,0.9951,239.0529,0.4183,0.002622,Degraded
7434,47.8049,0.9927,1.7934,0.9931,238.8988,0.4186,0.002373,Degraded
7435,49.1264,0.9937,1.7917,0.9943,237.7956,0.4205,0.002096,Degraded
7436,48.2455,0.9937,1.7931,0.9941,239.2049,0.4181,0.002345,Degraded
7437,48.6818,0.992,1.7916,0.9938,238.2094,0.4198,0.002365,Degraded
7438,49.6116,0.9931,1.7908,0.9934,238.8575,0.4187,0.001954,Degraded
7439,48.4152,0.993,1.794,0.9959,237.8883,0.4204,0.002218,Degraded
7440,48.3088,0.9918,1.7927,0.994,239.331,0.4178,0.002513,Degraded
7441,48.4997,0.9921,1.7915,0.9961,239.564,0.4174,0.002322,Degraded
7442,48.2628,0.9942,1.7924,0.9923,239.049,0.4183,0.001997,Degraded
7443,48.6124,0.9939,1.7909,0.9931,239.5273,0.4175,0.002143,Degraded
7444,48.7313,0.993,1.7934,0.9934,236.7925,0.4223,0.002323,Degraded
7445,47.1458,0.9935,1.7925,0.9937,239.3849,0.4177,0.001895,Degraded
7446,48.2426,0.993,1.7928,0.9936,238.448,0.4194,0.002552,Degraded
7447,49.1347,0.9919,1.7939,0.9948,239.2202,0.418,0.002349,Degraded
7448,47.4895,0.9941,1.7935,0.9943,239.0229,0.4184,0.002226,Degraded
7449,47.9532,0.9931,1.7918,0.9942,238.9044,0.4186,0.002322,Degraded
7450,49.163,0.993,1.7932,0.9921,239.1933,0.4181,0.00226,Degraded
7451,48.7092,0.992,1.7937,0.9943,238.2276,0.4198,0.002132,Degraded
7452,49.1358,0.9925,1.7925,0.9938,239.6309,0.4173,0.002342,Degraded
7453,47.4657,0.9916,1.7926,0.9934,237.0921,0.4218,0.002097,Degraded
7454,48.1944,0.9921,1.7933,0.9918,238.2011,0.4198,0.002405,Degraded
7455,47.8849,0.9913,1.7919,0.9945,238.6148,0.4191,0.002102,Degraded
7456,48.8062,0.9929,1.7913,0.9941,237.7764,0.4206,0.002481,Degraded
7457,49.4076,0.9923,1.7936,0.9933,238.7026,0.4189,0.00213,Degraded
7458,48.4047,0.9926,1.7925,0.9939,238.9148,0.4186,0.002498,Degraded
7459,46.8175,0.9945,1.7922,0.994,239.8749,0.4169,0.002369,Degraded
7460,48.856,0.9938,1.7924,0.995,237.8016,0.4205,0.002332,Degraded
7461,48.8793,0.9937,1.7932,0.9942,238.5544,0.4192,0.002183,Degraded
7462,48.1754,0.9912,1.7943,0.995,239.0106,0.4184,0.002412,Degraded
7463,49.0358,0.9915,1.7932,0.9953,238.2632,0.4197,0.001942,Degraded
7464,47.5056,0.9924,1.7913,0.9939,238.2802,0.4197,0.002249,Degraded
7465,48.0293,0.9925,1.7931,0.9931,239.0276,0.4184,0.002079,Degraded
7466,48.4342,0.9925,1.7929,0.9942,239.7921,0.417,0.002245,Degraded
7467,47.9386,0.9935,1.7929,0.9949,238.7035,0.4189,0.001988,Degraded
7468,50.2375,0.9919,1.7914,0.9947,238.0419,0.4201,0.002172,Degraded
7469,48.5439,0.9924,1.7922,0.9956,238.7073,0.4189,0.002071,Degraded
7470,49.2276,0.9918,1.7924,0.9931,238.9641,0.4185,0.002259,Degraded
7471,48.4246,0.9927,1.7933,0.9947,237.962,0.4202,0.002116,Degraded
7472,49.1891,0.9917,1.793,0.9949,237.4787,0.4211,0.00217,Degraded
7473,49.1034,0.9924,1.7921,0.9949,239.6736,0.4172,0.002116,Degraded
7474,49.8669,0.9907,1.791,0.9936,238.5214,0.4192,0.002194,Degraded
7475,48.0274,0.9918,1.7923,0.9934,239.333,0.4178,0.002259,Degraded
7476,48.2799,0.9925,1.7936,0.9935,237.7673,0.4206,0.002057,Degraded
7477,48.2722,0.993,1.7934,0.9957,239.3758,0.4178,0.002077,Degraded
7478,48.2978,0.9904,1.7922,0.9934,236.9326,0.4221,0.002675,Degraded
7479,48.1598,0.9904,1.7922,0.9957,240.3072,0.4161,0.002265,Degraded
7480,48.5411,0.9937,1.7924,0.9945,239.4517,0.4176,0.002039,Degraded
7481,49.6952,0.9916,1.7919,0.9941,239.5302,0.4175,0.00239,Degraded
7482,48.4281,0.9928,1.7936,0.994,238.1274,0.4199,0.002134,Degraded
7483,49.1968,0.9917,1.7909,0.9937,238.7152,0.4189,0.002427,Degraded
7484,47.305,0.9929,1.7937,0.9932,238.8393,0.4187,0.001825,Degraded
7485,49.1715,0.9933,1.7925,0.9927,239.306,0.4179,0.002207,Degraded
7486,46.2505,0.9933,1.7937,0.9954,237.7494,0.4206,0.001872,Degraded
7487,48.1483,0.993,1.7916,0.9924,239.3492,0.4178,0.002187,Degraded
7488,48.9765,0.9925,1.7923,0.9939,238.4812,0.4193,0.002165,Degraded
7489,47.5992,0.993,1.7938,0.9935,240.2594,0.4162,0.002332,Degraded
7490,48.6885,0.9932,1.7935,0.9936,239.2089,0.418,0.002466,Degraded
7491,48.1803,0.9925,1.7917,0.9935,238.4837,0.4193,0.002076,Degraded
7492,48.4352,0.9928,1.7929,0.9932,238.2769,0.4197,0.002428,Degraded
7493,48.0004,0.9933,1.7918,0.9944,239.3624,0.4178,0.001728,Degraded
7494,49.184,0.9938,1.7922,0.9944,238.0877,0.42,0.002331,Degraded
7495,50.4598,0.9903,1.792,0.9948,239.7668,0.4171,0.001982,Degraded
7496,47.9822,0.9919,1.7919,0.9939,237.613,0.4209,0.002208,Degraded
7497,47.7457,0.9924,1.7918,0.9938,237.9254,0.4203,0.00245,Degraded
7498,48.2359,0.9925,1.7924,0.994,238.7548,0.4188,0.00242,Degraded
7499,48.2693,0.9918,1.7925,0.9934,238.6916,0.419,0.002049,Degraded
7500,49.3398,0.9917,1.7937,0.9939,239.4349,0.4177,0.002107,Degraded
7501,46.9283,0.9909,1.795,0.9934,239.6254,0.4173,0.002001,Degraded
7502,48.6467,0.9928,1.7953,0.9937,238.178,0.4199,0.002331,Degraded
7503,47.7656,0.9929,1.7924,0.9932,239.141,0.4182,0.002283,Degraded
7504,49.1155,0.9941,1.792,0.9936,237.6675,0.4208,0.002365,Degraded
7505,47.9932,0.9928,1.7937,0.9933,238.3631,0.4195,0.002464,Degraded
7506,49.0767,0.9931,1.7921,0.9926,238.1715,0.4199,0.00206,Degraded
7507,48.9778,0.9928,1.7919,0.9936,239.12,0.4182,0.002198,Degraded
7508,48.0495,0.9945,1.7919,0.9947,239.0521,0.4183,0.001958,Degraded
7509,47.973,0.9933,1.7924,0.9925,239.0521,0.4183,0.002146,Degraded
7510,48.8667,0.9952,1.7929,0.9946,238.5318,0.4192,0.002039,Degraded
7511,49.3389,0.9919,1.7923,0.9958,238.4633,0.4194,0.002506,Degraded
7512,48.8316,0.9919,1.7928,0.9933,239.4558,0.4176,0.002513,Degraded
7513,48.5626,0.9938,1.7926,0.9949,241.0915,0.4148,0.002759,Degraded
7514,48.3792,0.9928,1.7914,0.9948,239.0404,0.4183,0.002109,Degraded
7515,49.4765,0.9922,1.792,0.9944,238.3554,0.4195,0.002258,Degraded
7516,49.9258,0.9919,1.7932,0.9934,237.9474,0.4203,0.002248,Degraded
7517,50.6781,0.9933,1.7929,0.9935,238.4168,0.4194,0.001968,Degraded
7518,49.9684,0.9928,1.7927,0.9942,240.3951,0.416,0.002325,Degraded
7519,48.3802,0.9943,1.7924,0.9923,237.4999,0.4211,0.002227,Degraded
7520,48.7693,0.9933,1.7916,0.9938,238.0723,0.42,0.002489,Degraded
7521,49.5637,0.9944,1.7928,0.9958,238.1642,0.4199,0.002309,Degraded
7522,47.6909,0.9931,1.7928,0.9915,239.6047,0.4174,0.002438,Degraded
7523,48.0969,0.9928,1.791,0.9932,240.0508,0.4166,0.002036,Degraded
7524,48.5508,0.9911,1.7928,0.9945,239.2933,0.4179,0.002361,Degraded
7525,49.6865,0.9919,1.7914,0.9934,237.6355,0.4208,0.002283,Degraded
7526,48.4351,0.993,1.7909,0.994,239.6826,0.4172,0.002382,Degraded
7527,47.0322,0.9925,1.7917,0.994,238.405,0.4195,0.002616,Degraded
7528,48.619,0.9928,1.7924,0.9945,238.5345,0.4192,0.002423,Degraded
7529,48.2387,0.9938,1.793,0.9938,239.3802,0.4177,0.002367,Degraded
7530,49.2159,0.9926,1.7922,0.9941,238.3047,0.4196,0.002465,Degraded
7531,49.7311,0.993,1.7939,0.9951,238.4889,0.4193,0.002436,Degraded
7532,47.5312,0.9927,1.7913,0.9939,237.5502,0.421,0.002488,Degraded
7533,48.2435,0.9934,1.7924,0.9921,238.3132,0.4196,0.002164,Degraded
7534,48.5494,0.994,1.7941,0.9937,237.6908,0.4207,0.002121,Degraded
7535,48.9467,0.9924,1.7909,0.9935,239.7468,0.4171,0.002329,Degraded
7536,48.6026,0.9921,1.792,0.9945,238.8096,0.4187,0.002425,Degraded
7537,49.0039,0.9925,1.7928,0.9934,238.656,0.419,0.002539,Degraded
7538,48.577,0.9922,1.7927,0.9928,238.8697,0.4186,0.002611,Degraded
7539,47.9233,0.9927,1.7924,0.9939,238.6378,0.419,0.002415,Degraded
7540,47.6935,0.9931,1.7925,0.9922,238.9939,0.4184,0.002295,Degraded
7541,47.8764,0.9926,1.7911,0.9933,238.7181,0.4189,0.001935,Degraded
7542,47.6545,0.9915,1.7925,0.9944,237.9728,0.4202,0.002083,Degraded
7543,48.6879,0.9926,1.7918,0.9958,238.833,0.4187,0.002239,Degraded
7544,48.2703,0.9935,1.793,0.9922,238.1274,0.4199,0.002184,Degraded
7545,48.5714,0.9931,1.7914,0.9939,240.0419,0.4166,0.002279,Degraded
7546,48.0274,0.9911,1.792,0.9929,238.3653,0.4195,0.002382,Degraded
7547,48.6142,0.992,1.7907,0.9948,238.3975,0.4195,0.002296,Degraded
7548,47.857,0.992,1.7919,0.9926,237.9516,0.4203,0.002271,Degraded
7549,48.8271,0.9918,1.7912,0.9936,239.3002,0.4179,0.002087,Degraded
7550,48.6003,0.9918,1.7936,0.9935,239.2046,0.4181,0.002478,Degraded
7551,49.825,0.9911,1.7911,0.9951,239.4747,0.4176,0.002152,Degraded
7552,46.004,0.9925,1.7909,0.9931,238.817,0.4187,0.002339,Degraded
7553,49.8605,0.9921,1.7915,0.9949,238.9722,0.4185,0.002203,Degraded
7554,48.6226,0.9921,1.7931,0.9956,238.0886,0.42,0.00236,Degraded
7555,47.3752,0.9914,1.793,0.9939,237.7802,0.4206,0.002278,Degraded
7556,49.3039,0.991,1.7942,0.9945,239.1404,0.4182,0.002277,Degraded
7557,50.0003,0.9934,1.7921,0.9947,238.078,0.42,0.002221,Degraded
7558,49.7777,0.9928,1.7931,0.9951,239.1016,0.4182,0.002115,Degraded
7559,49.9352,0.993,1.793,0.994,239.5501,0.4174,0.002661,Degraded
7560,48.3077,0.9935,1.7925,0.992,237.5368,0.421,0.002363,Degraded
7561,49.4181,0.993,1.7932,0.9965,239.0812,0.4183,0.002225,Degraded
7562,48.5103,0.9941,1.7912,0.9952,238.6699,0.419,0.002112,Degraded
7563,47.4533,0.9939,1.7916,0.994,237.8757,0.4204,0.002672,Degraded
7564,48.6937,0.9911,1.792,0.9953,237.8725,0.4204,0.002207,Degraded
7565,49.5667,0.9928,1.7912,0.9942,238.5303,0.4192,0.00229,Degraded
7566,49.376,0.9927,1.7923,0.9938,239.5124,0.4175,0.002136,Degraded
7567,46.8863,0.9922,1.7928,0.9935,238.2292,0.4198,0.002207,Degraded
7568,48.6028,0.9911,1.7931,0.9913,239.08,0.4183,0.002343,Degraded
7569,49.0218,0.9905,1.7927,0.9934,239.9283,0.4168,0.002353,Degraded
7570,47.6846,0.9907,1.7918,0.9948,239.567,0.4174,0.002317,Degraded
7571,48.6918,0.9921,1.7924,0.9952,238.3662,0.4195,0.002413,Degraded
7572,48.2069,0.9934,1.793,0.9949,240.1477,0.4164,0.001765,Degraded
7573,49.2344,0.9929,1.7929,0.9942,238.8324,0.4187,0.002349,Degraded
7574,49.358,0.9933,1.7924,0.9938,238.6551,0.419,0.0022,Degraded
7575,50.0592,0.9912,1.7932,0.9947,238.2132,0.4198,0.002342,Degraded
7576,49.6472,0.9921,1.7937,0.9951,238.0681,0.42,0.002061,Degraded
7577,48.7709,0.9912,1.7895,0.9934,240.3739,0.416,0.002194,Degraded
7578,48.944,0.9931,1.7924,0.9936,239.616,0.4173,0.002291,Degraded
7579,48.5691,0.9932,1.7914,0.9927,237.3316,0.4214,0.002397,Degraded
7580,48.5131,0.9932,1.7925,0.9926,238.3455,0.4196,0.002463,Degraded
7581,48.4361,0.9936,1.792,0.9947,237.2024,0.4216,0.002239,Degraded
7582,48.3379,0.991,1.7935,0.9933,238.0324,0.4201,0.002545,Degraded
7583,48.7786,0.9932,1.7907,0.9931,240.2946,0.4162,0.002456,Degraded
7584,47.7925,0.9926,1.7914,0.9953,236.8082,0.4223,0.00234,Degraded
7585,48.8612,0.9913,1.7921,0.9943,237.2,0.4216,0.00203,Degraded
7586,48.5307,0.9916,1.792,0.9939,237.8926,0.4204,0.00228,Degraded
7587,48.895,0.9932,1.7912,0.9933,239.0903,0.4183,0.00199,Degraded
7588,48.7434,0.9924,1.7898,0.9934,238.8826,0.4186,0.002244,Degraded
7589,48.2808,0.9926,1.7934,0.9945,238.0118,0.4201,0.001995,Degraded
7590,49.0776,0.9912,1.7919,0.9941,239.5322,0.4175,0.002544,Degraded
7591,48.7123,0.9919,1.7912,0.9959,238.3816,0.4195,0.002423,Degraded
7592,48.823,0.9919,1.7919,0.9925,239.5099,0.4175,0.002263,Degraded
7593,49.8111,0.992,1.7921,0.9928,238.3613,0.4195,0.00204,Degraded
7594,48.9913,0.9925,1.7939,0.9925,239.5818,0.4174,0.002093,Degraded
7595,48.9464,0.9913,1.7926,0.9914,238.071,0.42,0.00231,Degraded
7596,50.0772,0.9903,1.7924,0.9934,237.0732,0.4218,0.002064,Degraded
7597,48.2977,0.9929,1.7925,0.9926,237.1373,0.4217,0.002373,Degraded
7598,48.5202,0.994,1.792,0.9951,239.0381,0.4183,0.002454,Degraded
7599,49.0241,0.9929,1.7901,0.9937,238.0706,0.42,0.002544,Degraded
7600,47.8787,0.9921,1.7932,0.9942,238.7338,0.4189,0.002512,Degraded
7601,48.8899,0.9919,1.7911,0.9944,237.9824,0.4202,0.002242,Degraded
7602,49.5463,0.9922,1.792,0.9936,238.3949,0.4195,0.002092,Degraded
7603,50.0273,0.9918,1.7932,0.9929,239.0351,0.4183,0.002325,Degraded
7604,48.7072,0.9926,1.7928,0.9937,238.4524,0.4194,0.002407,Degraded
7605,47.7754,0.9911,1.7926,0.9919,237.2462,0.4215,0.002653,Degraded
7606,49.9303,0.9918,1.7934,0.9949,238.9679,0.4185,0.002276,Degraded
7607,49.1938,0.9932,1.793,0.9924,240.216,0.4163,0.002773,Degraded
7608,47.167,0.9929,1.7944,0.9949,239.3983,0.4177,0.002005,Degraded
7609,49.3291,0.9926,1.7932,0.9929,237.7293,0.4206,0.002264,Degraded
7610,48.3947,0.9922,1.7919,0.9937,238.0521,0.4201,0.002283,Degraded
7611,47.5609,0.9929,1.7926,0.9926,239.6446,0.4173,0.002128,Degraded
7612,49.6528,0.9927,1.7934,0.9941,239.0355,0.4183,0.002492,Degraded
7613,50.2292,0.9935,1.7928,0.9926,236.6478,0.4226,0.002268,Degraded
7614,48.1336,0.9917,1.7923,0.9946,238.0823,0.42,0.002473,Degraded
7615,48.7338,0.9924,1.7943,0.9941,238.5342,0.4192,0.002399,Degraded
7616,50.1465,0.9923,1.7928,0.9938,238.4936,0.4193,0.002197,Degraded
7617,48.2625,0.9941,1.7918,0.9924,238.6748,0.419,0.002499,Degraded
7618,49.7064,0.9912,1.7935,0.996,238.0257,0.4201,0.002261,Degraded
7619,47.729,0.9942,1.7909,0.9935,239.1993,0.4181,0.002159,Degraded
7620,47.9247,0.9923,1.7948,0.9936,238.4043,0.4195,0.002073,Degraded
7621,49.0259,0.9933,1.7918,0.9944,238.0897,0.42,0.001918,Degraded
7622,49.0855,0.9945,1.7912,0.9941,239.6148,0.4173,0.002276,Degraded
7623,47.5799,0.9924,1.7939,0.9934,238.7513,0.4188,0.002086,Degraded
7624,48.6436,0.9928,1.7925,0.9935,238.9184,0.4186,0.002431,Degraded
7625,49.3135,0.9921,1.7918,0.9959,238.6726,0.419,0.002246,Degraded
7626,47.5451,0.9914,1.7917,0.9943,238.276,0.4197,0.002301,Degraded
7627,47.582,0.9938,1.7916,0.9941,238.1351,0.4199,0.002234,Degraded
7628,48.0952,0.9927,1.7914,0.9942,238.4629,0.4194,0.002424,Degraded
7629,49.3151,0.9921,1.7927,0.9934,239.6094,0.4173,0.002227,Degraded
7630,48.5726,0.9919,1.7916,0.9959,238.9441,0.4185,0.002313,Degraded
7631,48.3548,0.9935,1.7918,0.994,240.3159,0.4161,0.002108,Degraded
7632,49.1693,0.9927,1.7929,0.9936,238.0782,0.42,0.002345,Degraded
7633,48.3746,0.99,1.7915,0.9936,237.6882,0.4207,0.00233,Degraded
7634,48.1351,0.9923,1.7945,0.9951,239.0222,0.4184,0.002662,Degraded
7635,48.6849,0.9923,1.7913,0.9952,240.1131,0.4165,0.002482,Degraded
7636,49.8835,0.9896,1.7947,0.9938,240.4308,0.4159,0.002647,Degraded
7637,49.3645,0.992,1.7925,0.992,239.2891,0.4179,0.00179,Degraded
7638,48.5094,0.9939,1.7931,0.9924,237.4708,0.4211,0.002182,Degraded
7639,48.8129,0.9932,1.793,0.9928,239.0365,0.4183,0.002447,Degraded
7640,49.1428,0.9948,1.7931,0.9949,240.0407,0.4166,0.002472,Degraded
7641,48.313,0.9936,1.792,0.9929,237.8209,0.4205,0.002549,Degraded
7642,49.2518,0.9934,1.793,0.9941,238.7914,0.4188,0.002421,Degraded
7643,48.2754,0.9911,1.7919,0.9944,238.0172,0.4201,0.002729,Degraded
7644,49.1122,0.9925,1.7917,0.9948,237.5644,0.4209,0.002366,Degraded
7645,48.4126,0.9925,1.7928,0.9927,237.1958,0.4216,0.002117,Degraded
7646,49.4662,0.9927,1.792,0.9959,239.5591,0.4174,0.002512,Degraded
7647,48.1852,0.9934,1.7927,0.9932,238.4462,0.4194,0.002096,Degraded
7648,48.1956,0.9912,1.7933,0.9938,237.7747,0.4206,0.002408,Degraded
7649,48.7694,0.9934,1.7925,0.9924,238.1291,0.4199,0.002073,Degraded
7650,49.2204,0.9934,1.7908,0.9938,239.4472,0.4176,0.001993,Degraded
7651,48.4238,0.9923,1.7934,0.9944,239.1227,0.4182,0.002426,Degraded
7652,48.4751,0.994,1.7917,0.9911,237.0816,0.4218,0.002282,Degraded
7653,48.5102,0.9918,1.7925,0.9951,238.8837,0.4186,0.002436,Degraded
7654,47.9134,0.9918,1.793,0.994,238.9006,0.4186,0.002429,Degraded
7655,48.912,0.9939,1.7918,0.9931,237.1055,0.4218,0.002456,Degraded
7656,48.3248,0.9936,1.7926,0.9935,237.6723,0.4207,0.002476,Degraded
7657,48.7395,0.9926,1.7929,0.9941,237.8346,0.4205,0.002411,Degraded
7658,49.4406,0.9927,1.793,0.9946,238.1961,0.4198,0.002221,Degraded
7659,50.5676,0.9937,1.7923,0.9946,237.7614,0.4206,0.002188,Degraded
7660,47.7905,0.9926,1.7926,0.995,238.3404,0.4196,0.002521,Degraded
7661,49.3121,0.9948,1.794,0.9954,239.177,0.4181,0.002129,Degraded
7662,49.0258,0.9946,1.7928,0.993,238.7758,0.4188,0.002111,Degraded
7663,48.1084,0.9927,1.7931,0.9931,238.0579,0.4201,0.002024,Degraded
7664,48.6918,0.9904,1.792,0.9939,237.0994,0.4218,0.002108,Degraded
7665,48.7489,0.9921,1.7922,0.9942,237.1652,0.4216,0.002451,Degraded
7666,48.5438,0.9917,1.7905,0.9936,238.9106,0.4186,0.002338,Degraded
7667,48.9373,0.992,1.7923,0.9928,238.4957,0.4193,0.002212,Degraded
7668,47.9026,0.9931,1.7908,0.9944,238.9677,0.4185,0.002205,Degraded
7669,49.6285,0.9918,1.7917,0.9927,238.4897,0.4193,0.002119,Degraded
7670,48.1727,0.9923,1.7923,0.9951,239.2398,0.418,0.002421,Degraded
7671,48.6906,0.9919,1.7923,0.9933,237.9328,0.4203,0.002296,Degraded
7672,48.1069,0.9915,1.7933,0.9925,237.6602,0.4208,0.002566,Degraded
7673,48.4977,0.9937,1.7912,0.9939,239.108,0.4182,0.002131,Degraded
7674,50.1527,0.9919,1.7928,0.9932,239.6823,0.4172,0.002373,Degraded
7675,50.4928,0.9935,1.7932,0.9929,238.5546,0.4192,0.002249,Degraded
7676,48.8378,0.9925,1.7914,0.9937,238.4089,0.4194,0.002111,Degraded
7677,49.4589,0.9925,1.7931,0.9943,237.1136,0.4217,0.002146,Degraded
7678,50.143,0.9931,1.7907,0.9943,237.8175,0.4205,0.001894,Degraded
7679,50.148,0.9924,1.7925,0.9926,237.559,0.4209,0.001995,Degraded
7680,49.9576,0.9907,1.7939,0.9929,237.4977,0.4211,0.002303,Degraded
7681,48.2784,0.9924,1.7914,0.9935,237.8718,0.4204,0.002487,Degraded
7682,49.2377,0.9926,1.7934,0.9941,238.62,0.4191,0.002291,Degraded
7683,48.2564,0.9916,1.7925,0.9949,238.9318,0.4185,0.002428,Degraded
7684,47.9463,0.9928,1.7919,0.994,238.9156,0.4186,0.002084,Degraded
7685,48.9589,0.9926,1.7933,0.9933,238.4235,0.4194,0.002349,Degraded
7686,48.4214,0.9918,1.7917,0.9937,239.8687,0.4169,0.002297,Degraded
7687,49.2266,0.9923,1.792,0.9938,239.085,0.4183,0.002305,Degraded
7688,48.7097,0.9921,1.7913,0.9949,238.1105,0.42,0.00261,Degraded
7689,49.036,0.9937,1.7921,0.9931,239.3011,0.4179,0.002204,Degraded
7690,49.8704,0.9929,1.7938,0.9929,239.2302,0.418,0.002168,Degraded
7691,46.9267,0.9932,1.7923,0.9948,238.5371,0.4192,0.002322,Degraded
7692,50.0438,0.9924,1.7918,0.9938,238.5881,0.4191,0.001749,Degraded
7693,49.2403,0.9937,1.7923,0.9934,238.7707,0.4188,0.002667,Degraded
7694,49.2246,0.9925,1.7919,0.9928,238.4777,0.4193,0.002327,Degraded
7695,47.3053,0.9916,1.7935,0.9936,236.4928,0.4228,0.002639,Degraded
7696,48.1396,0.9918,1.7934,0.9931,236.88,0.4222,0.002362,Degraded
7697,49.4921,0.9918,1.7922,0.9927,237.6581,0.4208,0.002255,Degraded
7698,49.3753,0.9924,1.7933,0.9955,239.1623,0.4181,0.002001,Degraded
7699,48.6312,0.9932,1.7922,0.9922,238.0099,0.4202,0.001865,Degraded
7700,48.638,0.9916,1.7919,0.995,237.3849,0.4213,0.002176,Degraded
7701,47.9484,0.9934,1.7934,0.9942,238.6951,0.4189,0.00208,Degraded
7702,49.023,0.9912,1.7923,0.9935,237.9717,0.4202,0.002326,Degraded
7703,49.4072,0.9941,1.7928,0.9961,238.6062,0.4191,0.002678,Degraded
7704,49.2157,0.9925,1.7921,0.9941,238.7893,0.4188,0.002038,Degraded
7705,49.429,0.9908,1.793,0.9944,239.5795,0.4174,0.002149,Degraded
7706,48.0811,0.9934,1.7912,0.9927,238.6079,0.4191,0.002312,Degraded
7707,48.9969,0.9928,1.7928,0.9938,238.478,0.4193,0.002309,Degraded
7708,48.9026,0.9909,1.793,0.9949,238.9479,0.4185,0.002435,Degraded
7709,48.0837,0.9909,1.7931,0.9939,238.5721,0.4192,0.002366,Degraded
7710,49.0836,0.9929,1.7922,0.9919,238.9857,0.4184,0.002439,Degraded
7711,47.8441,0.9911,1.7932,0.995,236.3026,0.4232,0.002411,Degraded
7712,48.7051,0.9924,1.7924,0.9931,238.9541,0.4185,0.002186,Degraded
7713,49.481,0.9933,1.7914,0.993,238.5214,0.4192,0.002625,Degraded
7714,48.411,0.9919,1.7926,0.9945,238.8506,0.4187,0.002331,Degraded
7715,48.6426,0.9926,1.7891,0.9957,238.2789,0.4197,0.002361,Degraded
7716,50.5683,0.9915,1.7946,0.9946,238.7832,0.4188,0.002454,Degraded
7717,48.2174,0.9906,1.7911,0.9949,237.676,0.4207,0.001994,Degraded
7718,48.8289,0.9929,1.7923,0.9944,239.347,0.4178,0.00244,Degraded
7719,48.771,0.9917,1.7931,0.9941,237.7329,0.4206,0.002586,Degraded
7720,49.1057,0.9929,1.7919,0.995,237.1517,0.4217,0.002661,Degraded
7721,47.3467,0.9909,1.7925,0.9933,238.1558,0.4199,0.00222,Degraded
7722,48.2731,0.9926,1.7922,0.9947,238.4811,0.4193,0.002243,Degraded
7723,49.521,0.9904,1.7897,0.9922,238.1407,0.4199,0.002405,Degraded
7724,46.7663,0.9923,1.7919,0.994,236.8879,0.4221,0.00285,Degraded
7725,48.931,0.9911,1.7924,0.9953,237.3832,0.4213,0.002029,Degraded
7726,48.8124,0.9922,1.793,0.9953,239.035,0.4183,0.00205,Degraded
7727,48.0518,0.9915,1.7931,0.9944,239.4187,0.4177,0.00244,Degraded
7728,48.4084,0.9921,1.7908,0.9944,237.9072,0.4203,0.002573,Degraded
7729,49.3924,0.9942,1.7927,0.9942,238.2605,0.4197,0.002252,Degraded
7730,48.7071,0.9933,1.7909,0.9939,237.0719,0.4218,0.002404,Degraded
7731,48.549,0.9928,1.7915,0.9936,238.9094,0.4186,0.002354,Degraded
7732,50.1518,0.9918,1.7917,0.9951,238.1083,0.42,0.002247,Degraded
7733,49.2259,0.9921,1.792,0.9931,239.4904,0.4176,0.0023,Degraded
7734,48.4715,0.992,1.7926,0.9953,238.2637,0.4197,0.002158,Degraded
7735,50.4581,0.9924,1.7922,0.9939,237.4011,0.4212,0.002321,Degraded
7736,49.5325,0.9935,1.7919,0.994,239.3864,0.4177,0.002338,Degraded
7737,49.5022,0.9927,1.7916,0.9929,239.242,0.418,0.001796,Degraded
7738,48.3935,0.9909,1.7933,0.9952,237.8135,0.4205,0.002884,Degraded
7739,50.032,0.9925,1.7938,0.9932,238.1702,0.4199,0.002424,Degraded
7740,48.3784,0.991,1.7913,0.9936,238.7655,0.4188,0.002264,Degraded
7741,47.6219,0.9927,1.7935,0.9931,239.7187,0.4172,0.002506,Degraded
7742,48.0923,0.9916,1.7919,0.9936,236.4363,0.4229,0.002182,Degraded
7743,48.4945,0.9941,1.7925,0.993,238.0347,0.4201,0.002418,Degraded
7744,48.6368,0.9917,1.7917,0.9943,237.2786,0.4214,0.002116,Degraded
7745,48.1989,0.9912,1.7914,0.9947,239.2116,0.418,0.002388,Degraded
7746,49.1147,0.9916,1.7902,0.9939,238.6192,0.4191,0.002199,Degraded
7747,48.0837,0.991,1.7924,0.9939,239.3351,0.4178,0.002173,Degraded
7748,48.7161,0.9923,1.7917,0.9946,239.3685,0.4178,0.002113,Degraded
7749,48.5817,0.9936,1.7926,0.9939,238.6495,0.419,0.002466,Degraded
7750,49.2613,0.9925,1.7923,0.9951,238.162,0.4199,0.002335,Degraded
7751,50.1934,0.9926,1.7922,0.9944,238.5553,0.4192,0.002187,Degraded
7752,49.1497,0.9914,1.7941,0.994,237.6214,0.4208,0.002257,Degraded
7753,49.5631,0.9912,1.795,0.9923,239.111,0.4182,0.002239,Degraded
7754,48.3101,0.9928,1.7918,0.9954,237.248,0.4215,0.002449,Degraded
7755,48.7388,0.9925,1.7928,0.9921,238.5547,0.4192,0.002554,Degraded
7756,49.3339,0.9919,1.7908,0.9943,239.8669,0.4169,0.002469,Degraded
7757,49.8888,0.9932,1.7918,0.9939,239.0593,0.4183,0.002021,Degraded
7758,49.4858,0.9935,1.7922,0.9946,237.9195,0.4203,0.002345,Degraded
7759,48.7477,0.9927,1.7921,0.9921,237.787,0.4205,0.002726,Degraded
7760,49.422,0.9901,1.7934,0.9926,239.0747,0.4183,0.002596,Degraded
7761,49.0512,0.9912,1.7915,0.9944,237.4501,0.4211,0.002222,Degraded
7762,49.3819,0.9916,1.7937,0.9928,235.7265,0.4242,0.002183,Degraded
7763,49.2215,0.9931,1.7918,0.9935,238.3308,0.4196,0.002687,Degraded
7764,49.2782,0.9917,1.7943,0.9938,236.6937,0.4225,0.002062,Degraded
7765,49.4236,0.9905,1.7927,0.993,239.2947,0.4179,0.002373,Degraded
7766,47.6692,0.9931,1.7936,0.9925,237.7088,0.4207,0.00244,Degraded
7767,49.526,0.9946,1.7931,0.9962,238.365,0.4195,0.002417,Degraded
7768,48.5279,0.9917,1.7924,0.9932,236.2967,0.4232,0.002207,Degraded
7769,49.8456,0.9923,1.7923,0.993,238.6129,0.4191,0.002672,Degraded
7770,50.1066,0.9926,1.7914,0.9956,239.1924,0.4181,0.002045,Degraded
7771,47.5824,0.9908,1.7917,0.9947,239.0459,0.4183,0.002409,Degraded
7772,48.8772,0.9946,1.7923,0.9937,237.9359,0.4203,0.002784,Degraded
7773,49.5681,0.9912,1.7911,0.9921,238.2631,0.4197,0.002042,Degraded
7774,48.0591,0.9933,1.7931,0.9953,237.1627,0.4217,0.002142,Degraded
7775,48.4921,0.9939,1.7923,0.9956,238.8395,0.4187,0.00232,Degraded
7776,49.4559,0.9905,1.7902,0.994,238.3475,0.4196,0.00273,Degraded
7777,47.8954,0.9926,1.7929,0.9941,239.2137,0.418,0.002217,Degraded
7778,49.6662,0.9928,1.7934,0.9933,237.384,0.4213,0.002218,Degraded
7779,48.1518,0.9917,1.7919,0.9929,238.3377,0.4196,0.002108,Degraded
7780,48.9454,0.9917,1.7921,0.9942,237.9954,0.4202,0.002188,Degraded
7781,48.4822,0.9932,1.7935,0.9933,238.2049,0.4198,0.002003,Degraded
7782,48.862,0.9908,1.7917,0.9949,237.1255,0.4217,0.002164,Degraded
7783,48.2917,0.9905,1.7931,0.9941,239.7726,0.4171,0.002146,Degraded
7784,47.5935,0.9932,1.7919,0.9933,239.5064,0.4175,0.002379,Degraded
7785,49.7364,0.9916,1.7915,0.9934,238.8588,0.4187,0.002356,Degraded
7786,49.3892,0.9896,1.7903,0.9916,238.0176,0.4201,0.002066,Degraded
7787,50.3683,0.9922,1.7924,0.9927,237.4227,0.4212,0.002656,Degraded
7788,50.4443,0.9926,1.7902,0.9933,238.5686,0.4192,0.002301,Degraded
7789,47.3241,0.9941,1.7914,0.9924,238.2918,0.4197,0.002584,Degraded
7790,49.4324,0.9909,1.7907,0.9916,238.0817,0.42,0.002252,Degraded
7791,49.4349,0.9915,1.7932,0.9944,237.7304,0.4206,0.002426,Degraded
7792,50.0888,0.9912,1.792,0.9935,238.0258,0.4201,0.002508,Degraded
7793,49.7323,0.9926,1.7926,0.9932,238.5749,0.4192,0.002091,Degraded
7794,51.012,0.9936,1.7932,0.9942,238.6363,0.419,0.00201,Degraded
7795,48.0241,0.9911,1.7923,0.9935,238.9566,0.4185,0.002155,Degraded
7796,49.8541,0.9914,1.7918,0.9947,238.7097,0.4189,0.002099,Degraded
7797,49.8858,0.9923,1.7901,0.9929,237.9768,0.4202,0.002115,Degraded
7798,50.1106,0.9918,1.7927,0.994,238.8676,0.4186,0.002684,Degraded
7799,49.5788,0.9939,1.7929,0.9939,238.5587,0.4192,0.001825,Degraded
7800,48.6759,0.9921,1.7926,0.9937,238.5671,0.4192,0.002085,Degraded
7801,47.7767,0.991,1.7938,0.9925,237.6676,0.4208,0.002371,Degraded
7802,47.7703,0.9913,1.7929,0.9933,239.6438,0.4173,0.002011,Degraded
7803,48.7689,0.9918,1.7922,0.9925,237.8311,0.4205,0.002509,Degraded
7804,48.8317,0.9911,1.7943,0.9938,238.7847,0.4188,0.002504,Degraded
7805,48.9924,0.9914,1.7924,0.9931,238.5898,0.4191,0.002319,Degraded
7806,49.8743,0.9911,1.7929,0.9944,238.0998,0.42,0.002498,Degraded
7807,49.3877,0.9929,1.7928,0.9938,237.8125,0.4205,0.002231,Degraded
7808,48.8827,0.993,1.7928,0.9948,239.173,0.4181,0.002309,Degraded
7809,50.6261,0.9921,1.7917,0.9941,238.6735,0.419,0.002204,Degraded
7810,48.9311,0.9917,1.7923,0.9945,238.0723,0.42,0.002468,Degraded
7811,47.9487,0.9931,1.7917,0.9933,238.6038,0.4191,0.002444,Degraded
7812,48.9718,0.9913,1.7917,0.9938,238.6739,0.419,0.002189,Degraded
7813,48.5513,0.9924,1.7921,0.9939,236.1889,0.4234,0.002295,Degraded
7814,49.7478,0.9916,1.7927,0.9925,237.0288,0.4219,0.002438,Degraded
7815,49.0234,0.9918,1.793,0.9934,237.7714,0.4206,0.002206,Degraded
7816,48.3069,0.9927,1.7919,0.9949,235.9141,0.4239,0.002539,Degraded
7817,49.3583,0.9921,1.7909,0.9921,238.8754,0.4186,0.002404,Degraded
7818,49.251,0.9921,1.793,0.9932,238.0039,0.4202,0.00232,Degraded
7819,48.9033,0.9935,1.7909,0.9918,237.1083,0.4217,0.002492,Degraded
7820,48.9954,0.9906,1.7923,0.9934,238.7176,0.4189,0.002515,Degraded
7821,51.0923,0.991,1.7903,0.9943,239.0579,0.4183,0.002101,Degraded
7822,48.0598,0.9925,1.7939,0.9929,238.3367,0.4196,0.001977,Degraded
7823,48.9225,0.9921,1.7936,0.993,238.8146,0.4187,0.002203,Degraded
7824,49.1555,0.9943,1.794,0.9957,238.5821,0.4191,0.002315,Degraded
7825,49.3129,0.9926,1.7926,0.993,237.6613,0.4208,0.002238,Degraded
7826,49.9431,0.9934,1.7954,0.9942,237.6303,0.4208,0.002262,Degraded
7827,48.9626,0.9937,1.7929,0.9924,238.214,0.4198,0.002064,Degraded
7828,49.5644,0.9915,1.7916,0.9919,238.8635,0.4186,0.0026,Degraded
7829,48.5378,0.992,1.7917,0.9935,237.6008,0.4209,0.002139,Degraded
7830,50.1889,0.9895,1.7927,0.994,239.5781,0.4174,0.002312,Degraded
7831,48.7988,0.9914,1.7925,0.993,237.3505,0.4213,0.002212,Degraded
7832,48.3401,0.9912,1.7923,0.9935,238.6917,0.419,0.002389,Degraded
7833,48.1372,0.99,1.7911,0.9945,238.8434,0.4187,0.002557,Degraded
7834,49.7716,0.9933,1.7926,0.9955,238.4839,0.4193,0.00276,Degraded
7835,48.6019,0.9915,1.792,0.9937,237.9905,0.4202,0.002468,Degraded
7836,49.0229,0.9916,1.7918,0.9949,238.4997,0.4193,0.002026,Degraded
7837,50.3151,0.9926,1.7928,0.9947,239.0291,0.4184,0.002177,Degraded
7838,48.2522,0.9946,1.7915,0.9941,239.5482,0.4175,0.002273,Degraded
7839,48.8221,0.9931,1.7924,0.9942,238.1772,0.4199,0.002256,Degraded
7840,48.8456,0.9934,1.7919,0.9942,237.465,0.4211,0.00277,Degraded
7841,49.3689,0.9925,1.7931,0.9932,239.1935,0.4181,0.002059,Degraded
7842,48.6241,0.9914,1.7903,0.9932,238.1954,0.4198,0.002145,Degraded
7843,48.1299,0.9922,1.7921,0.9935,237.2226,0.4215,0.002284,Degraded
7844,48.5862,0.9922,1.7916,0.9937,237.1853,0.4216,0.002084,Degraded
7845,49.567,0.9929,1.7918,0.9938,237.8727,0.4204,0.002583,Degraded
7846,48.9603,0.9917,1.7931,0.9929,238.3563,0.4195,0.002154,Degraded
7847,49.6562,0.993,1.7909,0.9923,238.4603,0.4194,0.002752,Degraded
7848,49.8336,0.9919,1.7913,0.9925,238.8017,0.4188,0.002549,Degraded
7849,48.6233,0.9919,1.7922,0.9955,238.2786,0.4197,0.002169,Degraded
7850,48.2047,0.9912,1.7934,0.9942,237.9486,0.4203,0.00178,Degraded
7851,48.4497,0.9925,1.7925,0.9941,237.1457,0.4217,0.002401,Degraded
7852,48.3529,0.9921,1.7914,0.9948,238.492,0.4193,0.002337,Degraded
7853,50.2397,0.9918,1.7907,0.9948,238.4223,0.4194,0.002302,Degraded
7854,48.6222,0.9927,1.793,0.993,238.6713,0.419,0.002416,Degraded
7855,48.4755,0.9921,1.7916,0.995,237.6984,0.4207,0.002668,Degraded
7856,49.2459,0.9904,1.79,0.9935,239.2829,0.4179,0.002613,Degraded
7857,49.2757,0.9914,1.7917,0.9939,239.0843,0.4183,0.002481,Degraded
7858,49.919,0.9928,1.7931,0.9915,237.499,0.4211,0.002146,Degraded
7859,48.1863,0.9921,1.7907,0.9928,238.1325,0.4199,0.002047,Degraded
7860,48.7591,0.9928,1.7909,0.9945,237.5651,0.4209,0.002422,Degraded
7861,48.2648,0.9926,1.7918,0.9942,237.7723,0.4206,0.00248,Degraded
7862,49.8291,0.9923,1.7917,0.9935,237.1956,0.4216,0.002409,Degraded
7863,49.6518,0.9937,1.7934,0.9927,238.3752,0.4195,0.002342,Degraded
7864,50.1296,0.9914,1.793,0.9927,238.1192,0.42,0.002192,Degraded
7865,47.585,0.9912,1.7919,0.9951,237.3326,0.4213,0.002248,Degraded
7866,48.0065,0.9933,1.7917,0.9934,237.9228,0.4203,0.00198,Degraded
7867,47.9873,0.9912,1.7927,0.9912,238.6325,0.4191,0.002439,Degraded
7868,47.7105,0.9918,1.7933,0.9926,237.7564,0.4206,0.002923,Degraded
7869,49.4249,0.9919,1.7917,0.9941,238.7444,0.4189,0.00194,Degraded
7870,47.3789,0.9911,1.792,0.9938,236.8322,0.4222,0.00233,Degraded
7871,49.1103,0.9913,1.7916,0.993,238.5649,0.4192,0.002373,Degraded
7872,48.2558,0.9931,1.7908,0.992,237.9959,0.4202,0.002322,Degraded
7873,49.2296,0.9909,1.793,0.9954,238.1732,0.4199,0.002435,Degraded
7874,47.4811,0.9917,1.7914,0.9928,237.663,0.4208,0.002261,Degraded
7875,48.0111,0.9916,1.7911,0.9945,238.4518,0.4194,0.002439,Degraded
7876,49.9582,0.9913,1.7924,0.9948,237.4691,0.4211,0.001967,Degraded
7877,48.626,0.9931,1.7912,0.9932,237.5607,0.4209,0.002335,Degraded
7878,48.3416,0.9906,1.7917,0.9934,239.0762,0.4183,0.002387,Degraded
7879,48.2448,0.9914,1.7928,0.9933,237.307,0.4214,0.00239,Degraded
7880,48.5521,0.9926,1.7925,0.9925,239.608,0.4173,0.002349,Degraded
7881,47.0548,0.9925,1.7895,0.9947,238.2241,0.4198,0.002345,Degraded
7882,49.1199,0.9926,1.7916,0.9936,238.2037,0.4198,0.001781,Degraded
7883,49.5968,0.9928,1.7925,0.994,239.3847,0.4177,0.002349,Degraded
7884,49.1155,0.9914,1.7901,0.9941,237.6706,0.4208,0.001973,Degraded
7885,49.0648,0.9919,1.7918,0.9937,236.8557,0.4222,0.002557,Degraded
7886,49.4736,0.9933,1.7915,0.994,236.6081,0.4226,0.002192,Degraded
7887,48.0309,0.9923,1.7909,0.9932,238.0983,0.42,0.002278,Degraded
7888,48.0775,0.9937,1.7921,0.9953,237.2746,0.4215,0.002284,Degraded
7889,49.2019,0.9936,1.7937,0.9932,237.5149,0.421,0.002359,Degraded
7890,50.0943,0.9922,1.7923,0.9948,238.9209,0.4185,0.002574,Degraded
7891,49.7014,0.9935,1.7909,0.9959,239.0118,0.4184,0.002345,Degraded
7892,50.0934,0.9918,1.7926,0.9943,238.8517,0.4187,0.002286,Degraded
7893,49.9141,0.9917,1.7928,0.9937,236.7013,0.4225,0.002231,Degraded
7894,49.8877,0.9918,1.7933,0.9925,238.7159,0.4189,0.002369,Degraded
7895,49.0136,0.9909,1.7923,0.9927,237.6487,0.4208,0.00235,Degraded
7896,48.9202,0.9931,1.7895,0.9935,237.8658,0.4204,0.002377,Degraded
7897,48.7792,0.9931,1.7918,0.9938,238.8683,0.4186,0.00239,Degraded
7898,48.201,0.9917,1.792,0.992,237.5836,0.4209,0.002366,Degraded
7899,50.828,0.9925,1.7923,0.9954,238.6218,0.4191,0.002525,Degraded
7900,48.8945,0.9908,1.7924,0.9955,239.3604,0.4178,0.002512,Degraded
7901,48.6725,0.9905,1.7913,0.9939,237.7717,0.4206,0.002581,Degraded
7902,48.0322,0.992,1.7913,0.9947,238.5811,0.4191,0.002214,Degraded
7903,49.9088,0.9905,1.7903,0.9928,236.5592,0.4227,0.002358,Degraded
7904,49.1626,0.9917,1.7926,0.993,237.1059,0.4218,0.002222,Degraded
7905,48.2527,0.9915,1.7927,0.9919,237.8707,0.4204,0.002573,Degraded
7906,50.0882,0.9914,1.7943,0.9926,237.9582,0.4202,0.002148,Degraded
7907,49.5791,0.9949,1.7939,0.9945,237.6535,0.4208,0.002349,Degraded
7908,50.1272,0.9928,1.7922,0.9938,238.9826,0.4184,0.002643,Degraded
7909,48.0356,0.9923,1.7927,0.9931,239.1597,0.4181,0.002325,Degraded
7910,50.2834,0.9917,1.7923,0.9939,239.4651,0.4176,0.002531,Degraded
7911,48.8737,0.9918,1.7918,0.9937,237.3779,0.4213,0.002367,Degraded
7912,50.3361,0.9934,1.7905,0.9919,237.6575,0.4208,0.002028,Degraded
7913,48.2327,0.9924,1.792,0.9919,239.0665,0.4183,0.0023,Degraded
7914,48.8306,0.9931,1.7925,0.9936,237.7333,0.4206,0.002498,Degraded
7915,48.9007,0.9919,1.7909,0.9948,239.3696,0.4178,0.002427,Degraded
7916,48.8599,0.993,1.7927,0.9932,239.0469,0.4183,0.0023,Degraded
7917,48.2217,0.992,1.7932,0.9938,237.1864,0.4216,0.002304,Degraded
7918,50.2095,0.9924,1.7921,0.9935,238.9869,0.4184,0.002588,Degraded
7919,48.1333,0.993,1.7926,0.9953,238.0662,0.4201,0.002613,Degraded
7920,49.6311,0.991,1.7931,0.9945,237.6001,0.4209,0.002444,Degraded
7921,50.944,0.9916,1.7928,0.9926,237.6623,0.4208,0.002548,Degraded
7922,49.4649,0.9919,1.7938,0.9927,238.0002,0.4202,0.002485,Degraded
7923,48.5642,0.9926,1.7932,0.9935,237.5673,0.4209,0.002324,Degraded
7924,47.1205,0.9931,1.7923,0.9935,236.7806,0.4223,0.002609,Degraded
7925,48.9149,0.9926,1.7921,0.992,239.1273,0.4182,0.002603,Degraded
7926,49.878,0.9924,1.7909,0.9945,239.875,0.4169,0.002411,Degraded
7927,49.3772,0.991,1.79,0.9933,239.2948,0.4179,0.002657,Degraded
7928,49.2181,0.9925,1.7909,0.9938,237.6885,0.4207,0.002399,Degraded
7929,49.0525,0.9918,1.7931,0.9956,237.9709,0.4202,0.002672,Degraded
7930,48.2807,0.992,1.7908,0.9933,238.6776,0.419,0.002613,Degraded
7931,48.653,0.9925,1.7933,0.9947,238.3107,0.4196,0.002271,Degraded
7932,48.7265,0.9912,1.792,0.9928,238.6444,0.419,0.002435,Degraded
7933,49.4258,0.9902,1.7921,0.9932,239.8336,0.417,0.002134,Degraded
7934,49.1169,0.9924,1.7911,0.9956,239.658,0.4173,0.002219,Degraded
7935,48.8096,0.9942,1.7935,0.9933,238.4426,0.4194,0.002113,Degraded
7936,51.0422,0.9921,1.7926,0.9927,237.1871,0.4216,0.002481,Degraded
7937,50.8196,0.9915,1.7911,0.994,239.4043,0.4177,0.002263,Degraded
7938,49.0885,0.9929,1.793,0.9934,238.9703,0.4185,0.002497,Degraded
7939,49.3032,0.993,1.7928,0.9926,239.2783,0.4179,0.002461,Degraded
7940,50.3925,0.9921,1.7923,0.994,238.5275,0.4192,0.002698,Degraded
7941,49.667,0.992,1.7931,0.9941,240.4529,0.4159,0.002451,Degraded
7942,50.2857,0.9929,1.79,0.9929,237.7355,0.4206,0.002093,Degraded
7943,48.9812,0.9907,1.7909,0.9939,239.621,0.4173,0.00212,Degraded
7944,48.3268,0.9915,1.7919,0.9921,237.5247,0.421,0.002235,Degraded
7945,49.5557,0.9925,1.7919,0.9933,237.5147,0.421,0.002404,Degraded
7946,48.5219,0.9936,1.7906,0.993,238.7756,0.4188,0.002314,Degraded
7947,49.8422,0.9938,1.7929,0.9924,237.1561,0.4217,0.002357,Degraded
7948,49.6608,0.9933,1.7913,0.9932,237.8775,0.4204,0.00234,Degraded
7949,50.5047,0.9919,1.7922,0.9946,239.3494,0.4178,0.002388,Degraded
7950,50.3174,0.9939,1.7919,0.9931,239.8247,0.417,0.002619,Degraded
7951,49.3218,0.9927,1.791,0.9947,236.6335,0.4226,0.002609,Degraded
7952,48.7362,0.9904,1.79,0.9932,238.6409,0.419,0.002118,Degraded
7953,48.3269,0.9916,1.7929,0.9946,238.1824,0.4198,0.002593,Degraded
7954,49.8673,0.9916,1.793,0.9924,238.4582,0.4194,0.002163,Degraded
7955,49.4332,0.9933,1.7923,0.9936,238.2483,0.4197,0.002529,Degraded
7956,51.028,0.9927,1.7915,0.9934,237.3451,0.4213,0.002149,Degraded
7957,47.3766,0.9916,1.7906,0.9937,237.6569,0.4208,0.00218,Degraded
7958,47.6416,0.9917,1.7903,0.9943,238.2669,0.4197,0.002352,Degraded
7959,50.4868,0.9921,1.7924,0.9943,237.648,0.4208,0.002295,Degraded
7960,49.3612,0.9907,1.7938,0.9938,237.8992,0.4203,0.002815,Degraded
7961,48.4486,0.9936,1.7929,0.9947,237.9181,0.4203,0.002409,Degraded
7962,49.057,0.993,1.7924,0.9931,237.647,0.4208,0.002396,Degraded
7963,49.0676,0.9935,1.7928,0.9944,238.2426,0.4197,0.002234,Degraded
7964,49.8921,0.9899,1.7922,0.9928,237.3427,0.4213,0.002307,Degraded
7965,49.2699,0.992,1.7928,0.9935,237.9711,0.4202,0.00212,Degraded
7966,48.3265,0.9923,1.7927,0.9934,238.7974,0.4188,0.002118,Degraded
7967,49.6594,0.9912,1.7911,0.9929,237.9849,0.4202,0.002488,Degraded
7968,49.6328,0.9917,1.7927,0.9953,237.9525,0.4203,0.002419,Degraded
7969,48.8548,0.9916,1.7933,0.9949,237.8856,0.4204,0.002499,Degraded
7970,50.0824,0.9916,1.7907,0.9943,238.7621,0.4188,0.002551,Degraded
7971,49.0485,0.9936,1.7923,0.9925,236.7666,0.4224,0.002342,Degraded
7972,49.5294,0.9917,1.794,0.994,237.2635,0.4215,0.001948,Degraded
7973,49.5394,0.993,1.7939,0.9934,239.4181,0.4177,0.00213,Degraded
7974,49.0781,0.991,1.7928,0.9923,238.3604,0.4195,0.002154,Degraded
7975,50.7612,0.9917,1.7924,0.9918,236.8417,0.4222,0.002248,Degraded
7976,50.0372,0.9927,1.7931,0.9921,238.4415,0.4194,0.002291,Degraded
7977,48.7121,0.9915,1.7919,0.9943,238.9327,0.4185,0.002507,Degraded
7978,49.867,0.9938,1.7927,0.9934,238.4979,0.4193,0.002745,Degraded
7979,48.6659,0.9916,1.7935,0.9933,238.6429,0.419,0.002662,Degraded
7980,48.3593,0.9916,1.7932,0.9935,236.4151,0.423,0.002302,Degraded
7981,50.0014,0.9933,1.7921,0.9941,237.7333,0.4206,0.002585,Degraded
7982,50.5078,0.9928,1.7919,0.994,238.789,0.4188,0.00241,Degraded
7983,50.0098,0.9924,1.7934,0.9943,237.6267,0.4208,0.002686,Degraded
7984,49.7392,0.9919,1.7907,0.9938,239.4919,0.4176,0.001859,Degraded
7985,47.2212,0.9928,1.7923,0.9943,237.6014,0.4209,0.001977,Degraded
7986,48.7092,0.9936,1.7916,0.9932,235.9175,0.4239,0.002045,Degraded
7987,50.2647,0.9918,1.793,0.9929,236.8453,0.4222,0.002354,Degraded
7988,48.92,0.9912,1.7912,0.9935,237.6247,0.4208,0.00222,Degraded
7989,50.824,0.9925,1.7922,0.9935,238.549,0.4192,0.002513,Degraded
7990,48.5546,0.9905,1.7897,0.9954,237.6588,0.4208,0.002525,Degraded
7991,49.5454,0.9929,1.7919,0.9923,237.1838,0.4216,0.002337,Degraded
7992,48.1174,0.9912,1.7908,0.9933,237.6152,0.4208,0.002431,Degraded
7993,50.071,0.9918,1.7905,0.9916,238.1404,0.4199,0.002275,Degraded
7994,49.2633,0.9923,1.7934,0.9919,237.199,0.4216,0.002391,Degraded
7995,48.4788,0.9905,1.7933,0.9926,236.9602,0.422,0.002179,Degraded
7996,50.2616,0.9913,1.7906,0.9928,237.9675,0.4202,0.002587,Degraded
7997,50.0408,0.9912,1.7915,0.9957,238.801,0.4188,0.002359,Degraded
7998,47.5603,0.9915,1.7907,0.9927,237.2307,0.4215,0.002363,Degraded
7999,49.454,0.9913,1.7907,0.9934,237.6029,0.4209,0.00203,Degraded
8000,49.8861,0.9913,1.7917,0.9934,237.9876,0.4202,0.002439,Degraded
8001,48.3581,0.9923,1.7917,0.9947,238.6505,0.419,0.002675,Degraded
8002,48.6529,0.9933,1.7921,0.9943,238.5365,0.4192,0.002502,Degraded
8003,48.5348,0.993,1.7923,0.9921,237.6086,0.4209,0.002168,Degraded
8004,48.2662,0.9928,1.7905,0.9923,239.5766,0.4174,0.002322,Degraded
8005,49.9351,0.9931,1.7928,0.9937,237.9627,0.4202,0.002519,Degraded
8006,49.2311,0.9927,1.7917,0.9934,239.4964,0.4175,0.002316,Degraded
8007,49.428,0.9924,1.7925,0.9939,236.9892,0.422,0.002445,Degraded
8008,49.6087,0.9931,1.7927,0.9948,237.1854,0.4216,0.002213,Degraded
8009,49.6787,0.9931,1.7918,0.9929,236.7053,0.4225,0.002485,Degraded
8010,49.3277,0.9916,1.7929,0.9935,237.9857,0.4202,0.002593,Degraded
8011,51.1724,0.9915,1.7911,0.9926,238.365,0.4195,0.002195,Degraded
8012,49.123,0.9917,1.7935,0.9948,236.7526,0.4224,0.002731,Degraded
8013,48.4505,0.9921,1.7912,0.9932,237.1962,0.4216,0.002749,Degraded
8014,49.3131,0.9922,1.7909,0.9922,237.6237,0.4208,0.002518,Degraded
8015,49.3298,0.993,1.7921,0.9936,238.4056,0.4195,0.002435,Degraded
8016,50.184,0.9925,1.7929,0.9943,239.0642,0.4183,0.002581,Degraded
8017,50.8287,0.9914,1.7928,0.9922,238.7322,0.4189,0.002426,Degraded
8018,50.1818,0.9937,1.7928,0.9932,237.1026,0.4218,0.002523,Degraded
8019,49.2055,0.9926,1.7915,0.9927,237.7781,0.4206,0.002516,Degraded
8020,49.5338,0.9912,1.7938,0.9934,236.1605,0.4234,0.002602,Degraded
8021,49.4289,0.9918,1.7918,0.9934,239.3037,0.4179,0.002509,Degraded
8022,49.6479,0.9917,1.7937,0.9944,238.7582,0.4188,0.002472,Degraded
8023,50.2414,0.9924,1.7916,0.994,239.6432,0.4173,0.002458,Degraded
8024,50.4593,0.9932,1.7925,0.9952,236.2257,0.4233,0.00205,Degraded
8025,50.8273,0.9913,1.7921,0.9953,238.1222,0.42,0.002755,Degraded
8026,49.1362,0.9926,1.792,0.9951,237.7517,0.4206,0.002225,Degraded
8027,49.0745,0.9915,1.7913,0.9929,238.8569,0.4187,0.0027,Degraded
8028,49.7639,0.9913,1.7914,0.9915,238.2617,0.4197,0.002282,Degraded
8029,50.6291,0.9906,1.7914,0.9935,238.3287,0.4196,0.002779,Degraded
8030,48.3577,0.9917,1.7905,0.9944,237.4375,0.4212,0.002398,Degraded
8031,49.318,0.9921,1.7918,0.9926,238.0214,0.4201,0.00226,Degraded
8032,50.1093,0.992,1.7909,0.996,239.2791,0.4179,0.002908,Degraded
8033,49.1851,0.9911,1.7928,0.9947,238.1079,0.42,0.001999,Degraded
8034,48.6763,0.9924,1.7913,0.9922,237.7429,0.4206,0.001771,Degraded
8035,48.9804,0.9915,1.7923,0.9941,238.2497,0.4197,0.0026,Degraded
8036,49.3304,0.9905,1.792,0.9927,236.8605,0.4222,0.002537,Degraded
8037,48.3363,0.9926,1.7907,0.9933,237.4933,0.4211,0.002648,Degraded
8038,49.9439,0.9911,1.7918,0.9949,239.1374,0.4182,0.002148,Degraded
8039,50.5232,0.9932,1.7921,0.9935,237.5012,0.4211,0.002171,Degraded
8040,49.7432,0.9918,1.7924,0.994,239.9543,0.4167,0.002661,Degraded
8041,49.9113,0.9898,1.7924,0.9951,237.5969,0.4209,0.00286,Degraded
8042,49.9107,0.9923,1.791,0.9951,237.2725,0.4215,0.00231,Degraded
8043,47.9725,0.9929,1.7925,0.9936,238.5277,0.4192,0.002552,Degraded
8044,49.1868,0.9912,1.7902,0.9934,236.8875,0.4221,0.002456,Degraded
8045,49.3527,0.9916,1.793,0.9926,236.4541,0.4229,0.002378,Degraded
8046,48.8908,0.9921,1.791,0.994,237.1527,0.4217,0.002227,Degraded
8047,49.9777,0.9919,1.7908,0.9926,237.6312,0.4208,0.002196,Degraded
8048,49.2561,0.9917,1.791,0.9942,237.1117,0.4217,0.002674,Degraded
8049,49.3134,0.9913,1.7925,0.9936,238.5344,0.4192,0.002024,Degraded
8050,49.9035,0.9914,1.792,0.9935,239.0023,0.4184,0.002053,Degraded
8051,50.7831,0.9927,1.7921,0.9921,236.5858,0.4227,0.002313,Degraded
8052,50.0017,0.9919,1.7925,0.9921,237.9575,0.4202,0.002645,Degraded
8053,50.6569,0.9907,1.7916,0.9932,237.4194,0.4212,0.002607,Degraded
8054,51.7944,0.9908,1.7924,0.9939,238.1726,0.4199,0.002693,Degraded
8055,49.7976,0.9898,1.7905,0.9925,237.3186,0.4214,0.002399,Degraded
8056,49.329,0.9901,1.7903,0.9914,236.6728,0.4225,0.002625,Degraded
8057,49.2862,0.991,1.79,0.9925,238.4002,0.4195,0.002522,Degraded
8058,49.3024,0.9917,1.7902,0.9928,238.3575,0.4195,0.002292,Degraded
8059,50.805,0.9931,1.7915,0.9933,239.69,0.4172,0.002597,Degraded
8060,49.5642,0.9921,1.7921,0.9935,237.0532,0.4218,0.002348,Degraded
8061,48.361,0.9927,1.7918,0.9943,236.889,0.4221,0.002713,Degraded
8062,50.5498,0.9904,1.7914,0.9932,236.7567,0.4224,0.002377,Degraded
8063,49.9599,0.9915,1.7902,0.9943,237.2721,0.4215,0.002292,Degraded
8064,50.8602,0.9923,1.7911,0.9924,238.6767,0.419,0.002609,Degraded
8065,49.1116,0.9907,1.7923,0.9941,237.6043,0.4209,0.002209,Degraded
8066,49.5386,0.9924,1.7914,0.9938,238.1898,0.4198,0.002659,Degraded
8067,49.1841,0.9908,1.7919,0.9952,236.489,0.4229,0.001967,Degraded
8068,49.436,0.9916,1.7917,0.9933,238.7025,0.4189,0.002422,Degraded
8069,50.1799,0.9895,1.7914,0.9927,236.0688,0.4236,0.002451,Degraded
8070,49.4458,0.9915,1.7918,0.9936,238.7055,0.4189,0.00256,Degraded
8071,49.7906,0.9942,1.7912,0.9922,238.8328,0.4187,0.002805,Degraded
8072,49.0214,0.9933,1.7914,0.9941,238.4042,0.4195,0.002305,Degraded
8073,51.0088,0.9939,1.7909,0.9937,238.6221,0.4191,0.002055,Degraded
8074,49.5542,0.9903,1.7926,0.9936,237.59,0.4209,0.002119,Degraded
8075,49.0561,0.9924,1.7919,0.9947,238.7897,0.4188,0.00265,Degraded
8076,49.1066,0.9922,1.791,0.9923,238.8315,0.4187,0.002195,Degraded
8077,48.5034,0.992,1.7917,0.9934,239.729,0.4171,0.002234,Degraded
8078,49.9364,0.992,1.7929,0.9928,237.7034,0.4207,0.002456,Degraded
8079,48.3951,0.9901,1.7919,0.9949,237.5997,0.4209,0.002391,Degraded
8080,50.4646,0.9918,1.7927,0.9962,237.4183,0.4212,0.002399,Degraded
8081,49.8628,0.9934,1.7918,0.9943,238.1568,0.4199,0.00242,Degraded
8082,49.2113,0.9913,1.795,0.992,236.72,0.4224,0.002484,Degraded
8083,49.712,0.9923,1.791,0.9925,237.6471,0.4208,0.002616,Degraded
8084,48.737,0.9921,1.7914,0.992,236.8489,0.4222,0.002617,Degraded
8085,49.0699,0.9932,1.7919,0.9922,238.2543,0.4197,0.002275,Degraded
8086,49.2533,0.993,1.7906,0.9931,237.0042,0.4219,0.002198,Degraded
8087,49.178,0.9911,1.7916,0.9942,237.2688,0.4215,0.002142,Degraded
8088,50.0716,0.9912,1.7937,0.9931,237.7592,0.4206,0.001976,Degraded
8089,48.6308,0.9896,1.7922,0.9934,238.3706,0.4195,0.002598,Degraded
8090,50.3312,0.9917,1.792,0.9941,237.2292,0.4215,0.002249,Degraded
8091,50.7959,0.9901,1.7924,0.9939,236.9648,0.422,0.002304,Degraded
8092,49.2801,0.9921,1.7923,0.9935,238.0127,0.4201,0.002569,Degraded
8093,50.058,0.9934,1.793,0.9935,238.373,0.4195,0.002523,Degraded
8094,49.7007,0.991,1.7921,0.9915,238.7169,0.4189,0.002508,Degraded
8095,49.4437,0.9915,1.7926,0.9954,238.1576,0.4199,0.002819,Degraded
8096,50.2003,0.9911,1.7924,0.9939,237.2112,0.4216,0.002357,Degraded
8097,49.2326,0.992,1.7916,0.9938,238.199,0.4198,0.002693,Degraded
8098,50.0157,0.9912,1.794,0.9928,237.5429,0.421,0.002559,Degraded
8099,51.8944,0.9923,1.7913,0.9919,236.4868,0.4229,0.002442,Degraded
8100,50.0158,0.9905,1.7921,0.9922,237.1105,0.4217,0.002566,Degraded
8101,48.9837,0.9932,1.7913,0.9946,239.6607,0.4173,0.002291,Degraded
8102,51.5564,0.9919,1.7913,0.9932,237.5242,0.421,0.002721,Degraded
8103,50.6397,0.9932,1.7906,0.9937,236.6057,0.4226,0.002643,Degraded
8104,49.2003,0.9924,1.7914,0.9918,238.5521,0.4192,0.002634,Degraded
8105,49.7005,0.9898,1.7926,0.9928,238.2558,0.4197,0.002343,Degraded
8106,49.2804,0.9924,1.7911,0.9933,238.2487,0.4197,0.002875,Degraded
8107,49.533,0.9927,1.7907,0.9952,237.1931,0.4216,0.002416,Degraded
8108,50.0034,0.9911,1.793,0.9929,238.5025,0.4193,0.002656,Degraded
8109,50.0589,0.9926,1.7944,0.9939,237.9244,0.4203,0.00251,Degraded
8110,50.6151,0.9942,1.7917,0.9926,238.765,0.4188,0.00217,Degraded
8111,49.806,0.9922,1.7918,0.9935,236.5115,0.4228,0.00227,Degraded
8112,50.3513,0.9898,1.7918,0.9932,236.238,0.4233,0.002782,Degraded
8113,48.7792,0.9924,1.7914,0.9927,237.6417,0.4208,0.002373,Degraded
8114,49.4558,0.9911,1.7909,0.9945,237.8345,0.4205,0.002432,Degraded
8115,48.8938,0.9935,1.7918,0.9916,238.0482,0.4201,0.002292,Degraded
8116,50.3375,0.9929,1.7928,0.993,237.7357,0.4206,0.002495,Degraded
8117,50.3247,0.9908,1.792,0.9954,237.3962,0.4212,0.00244,Degraded
8118,51.7032,0.9916,1.7903,0.9934,239.1613,0.4181,0.002657,Degraded
8119,48.8304,0.9923,1.7917,0.9943,237.3292,0.4214,0.002545,Degraded
8120,51.1442,0.9893,1.7925,0.9948,236.5749,0.4227,0.002302,Degraded
8121,49.3028,0.9911,1.7911,0.9931,238.4999,0.4193,0.002744,Degraded
8122,50.6617,0.9929,1.7937,0.9955,237.9498,0.4203,0.002733,Degraded
8123,49.9605,0.9917,1.7918,0.9945,238.988,0.4184,0.002563,Degraded
8124,49.3064,0.9914,1.79,0.9939,238.0483,0.4201,0.002238,Degraded
8125,50.0035,0.9923,1.7904,0.9932,238.9397,0.4185,0.002321,Degraded
8126,49.6409,0.992,1.7918,0.9942,238.5592,0.4192,0.002701,Degraded
8127,49.3778,0.9924,1.7927,0.9934,237.2342,0.4215,0.002477,Degraded
8128,49.1458,0.9912,1.7921,0.9933,237.9484,0.4203,0.002138,Degraded
8129,49.4918,0.9896,1.7908,0.9934,238.777,0.4188,0.002556,Degraded
8130,49.7062,0.9915,1.7916,0.9948,236.9199,0.4221,0.002304,Degraded
8131,50.4892,0.9915,1.7938,0.9942,238.7275,0.4189,0.002124,Degraded
8132,50.4851,0.991,1.7926,0.9931,237.9802,0.4202,0.002228,Degraded
8133,48.2629,0.992,1.7916,0.9926,236.4549,0.4229,0.001915,Degraded
8134,50.06,0.9916,1.7913,0.9937,238.6105,0.4191,0.002504,Degraded
8135,49.2885,0.994,1.7912,0.9921,237.8774,0.4204,0.002399,Degraded
8136,50.4025,0.9913,1.7917,0.9926,238.4421,0.4194,0.00248,Degraded
8137,49.4265,0.9917,1.7918,0.9921,238.7247,0.4189,0.002672,Degraded
8138,49.6809,0.9918,1.7909,0.9952,238.9814,0.4184,0.00253,Degraded
8139,50.3062,0.9931,1.7929,0.9926,237.5426,0.421,0.002545,Degraded
8140,49.8147,0.9926,1.7925,0.9937,235.707,0.4243,0.002687,Degraded
8141,50.325,0.9939,1.7914,0.9916,237.6441,0.4208,0.002544,Degraded
8142,49.302,0.9932,1.7912,0.9934,237.5902,0.4209,0.003007,Degraded
8143,48.9325,0.9924,1.7907,0.9938,237.0219,0.4219,0.002673,Degraded
8144,50.3857,0.9921,1.7905,0.9934,237.5407,0.421,0.002619,Degraded
8145,48.939,0.993,1.7928,0.9921,237.6068,0.4209,0.002443,Degraded
8146,50.4676,0.9912,1.7921,0.9946,237.982,0.4202,0.002082,Degraded
8147,49.269,0.9928,1.7926,0.9912,237.9401,0.4203,0.002643,Degraded
8148,50.0975,0.9925,1.7939,0.9934,238.0218,0.4201,0.002267,Degraded
8149,49.1605,0.9915,1.7927,0.9927,238.7642,0.4188,0.002236,Degraded
8150,50.1817,0.9924,1.7921,0.9945,237.181,0.4216,0.002362,Degraded
8151,48.9011,0.9919,1.7917,0.9943,238.0829,0.42,0.002593,Degraded
8152,49.5159,0.9923,1.7937,0.9921,236.3007,0.4232,0.002583,Degraded
8153,48.9966,0.9905,1.7924,0.9925,239.0017,0.4184,0.002487,Degraded
8154,49.5151,0.991,1.7921,0.9919,235.7944,0.4241,0.002145,Degraded
8155,50.5888,0.9909,1.7904,0.9934,239.5473,0.4175,0.002675,Degraded
8156,49.0404,0.991,1.791,0.9926,238.201,0.4198,0.00239,Degraded
8157,48.7921,0.9905,1.7941,0.9942,237.0796,0.4218,0.0027,Degraded
8158,48.7625,0.9917,1.7916,0.9937,237.0093,0.4219,0.002483,Degraded
8159,48.2875,0.9915,1.7932,0.9945,237.2047,0.4216,0.002153,Degraded
8160,47.9415,0.9925,1.7921,0.9939,239.1125,0.4182,0.002489,Degraded
8161,49.8723,0.9904,1.7935,0.9933,237.105,0.4218,0.0025,Degraded
8162,51.2918,0.994,1.7909,0.9946,238.0256,0.4201,0.002656,Degraded
8163,49.9148,0.9925,1.7932,0.9917,238.0438,0.4201,0.002225,Degraded
8164,49.3243,0.9918,1.7908,0.9929,236.6334,0.4226,0.002341,Degraded
8165,50.1065,0.9927,1.7911,0.9948,238.2144,0.4198,0.002746,Degraded
8166,48.2822,0.9921,1.7924,0.9917,239.6824,0.4172,0.002332,Degraded
8167,50.1357,0.9928,1.7919,0.9949,239.3457,0.4178,0.002238,Degraded
8168,49.7953,0.9927,1.7902,0.9945,239.1132,0.4182,0.002717,Degraded
8169,50.055,0.9934,1.7922,0.9921,237.329,0.4214,0.00241,Degraded
8170,49.6548,0.9917,1.7915,0.9937,238.9484,0.4185,0.002504,Degraded
8171,50.2108,0.9896,1.792,0.9946,238.741,0.4189,0.00269,Degraded
8172,49.9523,0.9922,1.7912,0.9943,237.2081,0.4216,0.002598,Degraded
8173,49.7446,0.9918,1.7928,0.994,237.9666,0.4202,0.002362,Degraded
8174,50.9951,0.9922,1.7926,0.9935,237.184,0.4216,0.002533,Degraded
8175,49.2384,0.9923,1.7886,0.9931,237.726,0.4207,0.002272,Degraded
8176,50.0078,0.9914,1.7918,0.9929,238.5135,0.4193,0.002572,Degraded
8177,49.9569,0.9919,1.7944,0.9933,237.177,0.4216,0.002228,Degraded
8178,50.4447,0.9935,1.791,0.9932,237.4455,0.4211,0.002439,Degraded
8179,48.308,0.9926,1.793,0.9916,239.1378,0.4182,0.002787,Degraded
8180,47.2681,0.9896,1.7917,0.9948,237.9618,0.4202,0.002468,Degraded
8181,50.1847,0.991,1.7931,0.9934,236.4221,0.423,0.002305,Degraded
8182,50.0228,0.9915,1.7914,0.9937,238.0139,0.4201,0.002219,Degraded
8183,50.7082,0.9917,1.7922,0.9936,237.3974,0.4212,0.002647,Degraded
8184,49.7961,0.9919,1.7893,0.9943,237.5876,0.4209,0.002616,Degraded
8185,51.049,0.9926,1.7919,0.9932,239.7431,0.4171,0.002562,Degraded
8186,49.9025,0.9916,1.7909,0.9915,238.9379,0.4185,0.00231,Degraded
8187,49.5843,0.9917,1.7932,0.9927,237.9254,0.4203,0.002569,Degraded
8188,48.6308,0.9903,1.7911,0.9937,237.8112,0.4205,0.002443,Degraded
8189,50.2621,0.991,1.7916,0.9933,237.0527,0.4218,0.002927,Degraded
8190,48.0136,0.9931,1.7926,0.9943,237.7917,0.4205,0.002734,Degraded
8191,49.3851,0.9922,1.7919,0.9932,237.811,0.4205,0.002278,Degraded
8192,49.2144,0.9934,1.7947,0.994,238.3788,0.4195,0.002518,Degraded
8193,50.1114,0.9924,1.7928,0.995,237.003,0.4219,0.003033,Degraded
8194,49.8598,0.9919,1.7914,0.993,238.2021,0.4198,0.002596,Degraded
8195,50.2032,0.9914,1.7891,0.9916,237.7181,0.4207,0.002536,Degraded
8196,49.417,0.9911,1.7921,0.9933,237.3248,0.4214,0.002146,Degraded
8197,49.0795,0.9927,1.7908,0.9941,238.8136,0.4187,0.002311,Degraded
8198,49.4007,0.9928,1.793,0.9928,236.4059,0.423,0.00272,Degraded
8199,50.2253,0.9922,1.7927,0.9923,238.0145,0.4201,0.002413,Degraded
8200,50.2422,0.9926,1.7928,0.994,237.9005,0.4203,0.002527,Degraded
8201,50.0552,0.9912,1.7914,0.9938,238.2189,0.4198,0.00234,Degraded
8202,48.9023,0.9901,1.7905,0.9929,237.3397,0.4213,0.002414,Degraded
8203,48.8014,0.99,1.7919,0.9936,238.1926,0.4198,0.002634,Degraded
8204,50.0811,0.9919,1.7927,0.9949,237.1527,0.4217,0.002625,Degraded
8205,49.2697,0.992,1.7929,0.9932,236.9308,0.4221,0.00238,Degraded
8206,49.0084,0.9907,1.793,0.994,237.1154,0.4217,0.002275,Degraded
8207,49.0403,0.9911,1.7929,0.9933,239.3948,0.4177,0.002464,Degraded
8208,49.3139,0.9927,1.7901,0.9936,236.7183,0.4224,0.002036,Degraded
8209,49.6821,0.9926,1.792,0.9935,235.6075,0.4244,0.002442,Degraded
8210,49.6618,0.9924,1.7907,0.9943,237.2775,0.4214,0.002413,Degraded
8211,50.2022,0.9906,1.7926,0.9921,238.2076,0.4198,0.002426,Degraded
8212,49.6586,0.9887,1.7912,0.9932,238.9209,0.4185,0.002466,Degraded
8213,49.261,0.9926,1.7913,0.9945,237.8896,0.4204,0.002294,Degraded
8214,50.5355,0.9924,1.7927,0.9932,238.1599,0.4199,0.002858,Degraded
8215,49.9241,0.9914,1.7933,0.9941,237.3171,0.4214,0.002822,Degraded
8216,48.8261,0.9923,1.7929,0.9945,236.956,0.422,0.002227,Degraded
8217,49.9742,0.9925,1.7907,0.9937,236.5085,0.4228,0.002687,Degraded
8218,49.3354,0.9916,1.7926,0.9942,238.0522,0.4201,0.002681,Degraded
8219,50.1214,0.9932,1.7901,0.9934,237.5898,0.4209,0.002432,Degraded
8220,50.1939,0.992,1.7926,0.9922,239.5038,0.4175,0.002398,Degraded
8221,50.0272,0.9916,1.7919,0.9929,237.8331,0.4205,0.002592,Degraded
8222,47.8782,0.9914,1.7914,0.9957,238.3551,0.4195,0.002777,Degraded
8223,50.2479,0.9919,1.7921,0.9945,239.0656,0.4183,0.002537,Degraded
8224,49.3049,0.9927,1.7909,0.9938,238.2091,0.4198,0.002456,Degraded
8225,49.0811,0.9913,1.7915,0.9924,237.3536,0.4213,0.002187,Degraded
8226,50.2797,0.9921,1.792,0.993,237.4594,0.4211,0.002312,Degraded
8227,50.2127,0.9904,1.7919,0.9928,239.0653,0.4183,0.002583,Degraded
8228,49.81,0.9907,1.7904,0.9939,239.097,0.4182,0.00256,Degraded
8229,49.9524,0.992,1.7919,0.9936,237.1084,0.4217,0.002284,Degraded
8230,49.9014,0.9933,1.7925,0.9922,237.4508,0.4211,0.002625,Degraded
8231,51.0293,0.9936,1.7916,0.9942,237.8529,0.4204,0.002455,Degraded
8232,49.8675,0.9918,1.7929,0.992,238.0265,0.4201,0.002787,Degraded
8233,50.9648,0.9923,1.791,0.9942,238.7105,0.4189,0.002377,Degraded
8234,50.1073,0.9916,1.7912,0.9931,237.7518,0.4206,0.002297,Degraded
8235,48.9573,0.9909,1.7921,0.9919,235.8739,0.424,0.002755,Degraded
8236,49.0142,0.9916,1.7927,0.992,236.4944,0.4228,0.002354,Degraded
8237,50.5956,0.9917,1.7918,0.9931,238.0942,0.42,0.002767,Degraded
8238,52.2156,0.9916,1.7933,0.9944,237.8566,0.4204,0.002039,Degraded
8239,49.5279,0.9914,1.7921,0.9932,237.1909,0.4216,0.002888,Degraded
8240,50.8785,0.9897,1.7915,0.994,238.7047,0.4189,0.002398,Degraded
8241,49.6615,0.9919,1.7924,0.9919,236.0262,0.4237,0.002733,Degraded
8242,49.0435,0.9939,1.7909,0.9932,237.9319,0.4203,0.002056,Degraded
8243,52.1289,0.9914,1.7909,0.9922,237.9249,0.4203,0.002541,Degraded
8244,48.9331,0.9904,1.7928,0.9927,236.2572,0.4233,0.002454,Degraded
8245,49.5196,0.9937,1.7912,0.9931,237.8081,0.4205,0.002369,Degraded
8246,50.1956,0.9907,1.7915,0.9938,238.5411,0.4192,0.002367,Degraded
8247,49.3661,0.9933,1.7912,0.9933,238.9997,0.4184,0.002498,Degraded
8248,49.6482,0.9916,1.791,0.9939,236.8888,0.4221,0.00264,Degraded
8249,49.8604,0.992,1.7935,0.992,237.646,0.4208,0.002612,Degraded
8250,49.357,0.9927,1.7912,0.9937,237.5262,0.421,0.002517,Degraded
8251,49.911,0.9917,1.7913,0.9927,237.8763,0.4204,0.002496,Degraded
8252,49.2999,0.9921,1.7913,0.995,239.6133,0.4173,0.002763,Degraded
8253,50.9221,0.9926,1.7915,0.9915,236.8005,0.4223,0.002351,Degraded
8254,50.8234,0.992,1.7911,0.9916,239.4735,0.4176,0.002593,Degraded
8255,50.5858,0.9912,1.7916,0.9931,237.669,0.4208,0.002856,Degraded
8256,48.8974,0.9917,1.7921,0.9933,238.4123,0.4194,0.00214,Degraded
8257,51.3696,0.9904,1.7906,0.9929,237.0964,0.4218,0.002572,Degraded
8258,50.1114,0.9919,1.7903,0.9933,237.6288,0.4208,0.002734,Degraded
8259,50.0258,0.9921,1.7937,0.9922,237.301,0.4214,0.002261,Degraded
8260,51.1532,0.9934,1.7933,0.9939,237.9144,0.4203,0.002396,Degraded
8261,50.4853,0.9905,1.7905,0.993,239.1181,0.4182,0.002386,Degraded
8262,49.5689,0.992,1.7926,0.9946,236.7107,0.4225,0.002469,Degraded
8263,50.053,0.9921,1.7926,0.9942,237.6259,0.4208,0.002719,Degraded
8264,50.6502,0.9926,1.7912,0.9941,238.5669,0.4192,0.002386,Degraded
8265,49.9822,0.9933,1.7921,0.9933,238.7718,0.4188,0.002395,Degraded
8266,48.5219,0.991,1.7929,0.9939,237.6555,0.4208,0.002702,Degraded
8267,50.0141,0.9915,1.7926,0.993,237.9917,0.4202,0.002331,Degraded
8268,49.0388,0.9909,1.7917,0.9927,237.1021,0.4218,0.00246,Degraded
8269,49.8264,0.9902,1.7892,0.9938,237.7079,0.4207,0.002217,Degraded
8270,50.235,0.9922,1.7914,0.9953,238.6104,0.4191,0.002411,Degraded
8271,49.5835,0.9903,1.793,0.9936,238.2519,0.4197,0.002065,Degraded
8272,50.5116,0.9912,1.7923,0.9939,237.5755,0.4209,0.002352,Degraded
8273,50.2105,0.9909,1.7928,0.9927,237.6087,0.4209,0.002343,Degraded
8274,50.0202,0.9907,1.7909,0.9957,238.2644,0.4197,0.002566,Degraded
8275,50.3063,0.992,1.7916,0.9941,236.9259,0.4221,0.002812,Degraded
8276,49.9931,0.9925,1.7933,0.9939,236.9376,0.4221,0.002737,Degraded
8277,51.2556,0.9898,1.7916,0.9937,237.3733,0.4213,0.002244,Degraded
8278,49.194,0.9899,1.7927,0.9948,238.6707,0.419,0.002487,Degraded
8279,50.1197,0.9928,1.7915,0.9924,237.1249,0.4217,0.002529,Degraded
8280,49.3331,0.9922,1.7904,0.9931,237.9044,0.4203,0.002521,Degraded
8281,49.3177,0.9925,1.792,0.9913,237.9428,0.4203,0.00241,Degraded
8282,49.4876,0.9909,1.7907,0.9936,238.0138,0.4201,0.002525,Degraded
8283,50.669,0.9923,1.7897,0.9925,238.5262,0.4192,0.002241,Degraded
8284,47.7232,0.9935,1.792,0.9927,236.8953,0.4221,0.002621,Degraded
8285,50.2954,0.992,1.7915,0.9921,237.5437,0.421,0.002709,Degraded
8286,49.4812,0.9923,1.7913,0.9942,236.787,0.4223,0.002499,Degraded
8287,50.2818,0.991,1.7921,0.9933,237.5342,0.421,0.002361,Degraded
8288,50.7163,0.9908,1.792,0.9925,237.5151,0.421,0.002625,Degraded
8289,49.6891,0.9886,1.7904,0.9912,237.6208,0.4208,0.002496,Degraded
8290,49.6415,0.9911,1.7919,0.9919,238.3298,0.4196,0.002512,Degraded
8291,49.168,0.9913,1.7916,0.992,238.1002,0.42,0.00269,Degraded
8292,50.0195,0.9926,1.7944,0.9915,237.6035,0.4209,0.002229,Degraded
8293,51.176,0.992,1.791,0.9931,238.6295,0.4191,0.002588,Degraded
8294,50.3923,0.9932,1.7927,0.9945,237.4579,0.4211,0.002047,Degraded
8295,50.0139,0.991,1.7925,0.9916,238.2201,0.4198,0.002536,Degraded
8296,50.2158,0.9923,1.7917,0.993,238.464,0.4194,0.002617,Degraded
8297,50.4857,0.9916,1.7918,0.9933,236.1592,0.4234,0.002223,Degraded
8298,49.8379,0.9898,1.7916,0.9925,237.4922,0.4211,0.002533,Degraded
8299,48.4516,0.992,1.7913,0.991,237.1828,0.4216,0.002576,Degraded
8300,49.6155,0.9912,1.7919,0.9929,237.3363,0.4213,0.002235,Degraded
8301,49.5272,0.9936,1.7919,0.9936,237.0344,0.4219,0.002421,Degraded
8302,49.7608,0.9926,1.7929,0.9929,237.5283,0.421,0.002454,Degraded
8303,50.5553,0.9922,1.7916,0.9944,237.96,0.4202,0.002347,Degraded
8304,49.9538,0.9915,1.7907,0.9931,238.4553,0.4194,0.00272,Degraded
8305,50.6796,0.9925,1.7919,0.9928,237.9935,0.4202,0.002172,Degraded
8306,49.4133,0.9928,1.7912,0.994,237.2506,0.4215,0.002612,Degraded
8307,48.7205,0.993,1.7906,0.992,238.5139,0.4193,0.002502,Degraded
8308,49.7094,0.9933,1.7924,0.9929,237.4305,0.4212,0.002717,Degraded
8309,49.1853,0.9931,1.7912,0.9925,238.406,0.4195,0.00265,Degraded
8310,48.5367,0.9916,1.7906,0.9942,238.9107,0.4186,0.002611,Degraded
8311,49.3521,0.9926,1.7916,0.9933,237.1453,0.4217,0.002524,Degraded
8312,49.9048,0.9893,1.7917,0.9932,237.8095,0.4205,0.002102,Degraded
8313,50.373,0.9917,1.7922,0.9917,236.5427,0.4228,0.002129,Degraded
8314,50.0823,0.9913,1.7915,0.992,236.5611,0.4227,0.002005,Degraded
8315,48.8906,0.991,1.7911,0.9933,238.1368,0.4199,0.002367,Degraded
8316,50.3598,0.9925,1.7928,0.9938,237.5846,0.4209,0.002289,Degraded
8317,50.1886,0.9913,1.7931,0.9934,237.3965,0.4212,0.002788,Degraded
8318,49.5865,0.9917,1.7937,0.9936,238.4231,0.4194,0.002806,Degraded
8319,49.5327,0.9926,1.7913,0.9954,238.6764,0.419,0.002654,Degraded
8320,50.8117,0.991,1.7934,0.9924,237.8456,0.4204,0.002363,Degraded
8321,50.6661,0.9934,1.7921,0.9937,237.4276,0.4212,0.002526,Degraded
8322,49.711,0.9933,1.7925,0.993,237.5653,0.4209,0.00309,Degraded
8323,50.1991,0.9931,1.7911,0.9938,237.0159,0.4219,0.0024,Degraded
8324,50.6182,0.9908,1.7905,0.994,237.1234,0.4217,0.002451,Degraded
8325,48.5441,0.9904,1.7919,0.9931,238.2398,0.4197,0.002328,Degraded
8326,49.854,0.9917,1.7915,0.9939,236.6424,0.4226,0.00261,Degraded
8327,50.8999,0.9908,1.7921,0.9937,237.9805,0.4202,0.002508,Degraded
8328,51.125,0.9938,1.7923,0.9937,237.519,0.421,0.002246,Degraded
8329,48.8503,0.9905,1.7919,0.9931,238.7282,0.4189,0.002008,Degraded
8330,50.0266,0.9921,1.7926,0.9935,237.7968,0.4205,0.002544,Degraded
8331,50.3476,0.9916,1.7938,0.9939,237.6614,0.4208,0.002362,Degraded
8332,49.7238,0.9932,1.7892,0.9934,237.4821,0.4211,0.00261,Degraded
8333,50.2116,0.9932,1.7918,0.9933,238.2619,0.4197,0.002816,Degraded
8334,50.5507,0.9927,1.7914,0.9935,238.6876,0.419,0.002616,Degraded
8335,49.8094,0.9917,1.7927,0.9945,236.8238,0.4223,0.002583,Degraded
8336,49.9985,0.9916,1.793,0.9931,237.0355,0.4219,0.002348,Degraded
8337,49.867,0.9909,1.7908,0.9924,236.8301,0.4222,0.002359,Degraded
8338,50.3276,0.9897,1.791,0.9932,238.4119,0.4194,0.002462,Degraded
8339,49.8875,0.9916,1.7898,0.994,237.9854,0.4202,0.002675,Degraded
8340,52.0167,0.9904,1.7902,0.994,237.22,0.4215,0.002315,Degraded
8341,49.7878,0.991,1.7934,0.9956,236.1801,0.4234,0.002217,Degraded
8342,49.4081,0.991,1.7909,0.9931,237.1295,0.4217,0.002242,Degraded
8343,49.196,0.9932,1.7913,0.9929,236.2692,0.4232,0.00242,Degraded
8344,50.7879,0.9923,1.7925,0.9921,236.5083,0.4228,0.00274,Degraded
8345,50.682,0.9914,1.7925,0.9921,236.4869,0.4229,0.00219,Degraded
8346,50.312,0.9919,1.7911,0.9925,239.4126,0.4177,0.002462,Degraded
8347,51.1351,0.9915,1.7912,0.9947,238.1115,0.42,0.002509,Degraded
8348,50.9334,0.9942,1.7909,0.9938,237.1506,0.4217,0.002327,Degraded
8349,49.2584,0.9932,1.7898,0.9938,236.8163,0.4223,0.002869,Degraded
8350,49.8115,0.9913,1.7932,0.9942,237.9184,0.4203,0.002676,Degraded
8351,49.1652,0.9924,1.7914,0.9937,237.8611,0.4204,0.002293,Degraded
8352,50.5087,0.9915,1.7904,0.9932,237.488,0.4211,0.002634,Degraded
8353,48.1248,0.992,1.7911,0.9941,237.469,0.4211,0.002449,Degraded
8354,49.8952,0.992,1.7926,0.9924,237.1941,0.4216,0.00281,Degraded
8355,49.7501,0.992,1.7904,0.9916,236.6353,0.4226,0.002379,Degraded
8356,50.8727,0.9928,1.7897,0.9928,238.0242,0.4201,0.002496,Degraded
8357,51.2462,0.9923,1.7914,0.9931,237.4191,0.4212,0.002348,Degraded
8358,50.7958,0.9924,1.7921,0.9936,236.6484,0.4226,0.002618,Degraded
8359,50.1495,0.9936,1.7903,0.9926,236.1922,0.4234,0.002474,Degraded
8360,48.6553,0.9928,1.7927,0.9932,236.649,0.4226,0.002213,Degraded
8361,49.4867,0.9923,1.7909,0.9952,238.6511,0.419,0.002518,Degraded
8362,49.6821,0.9911,1.7932,0.9927,238.2045,0.4198,0.002523,Degraded
8363,50.6242,0.9908,1.7913,0.9933,236.9504,0.422,0.002769,Degraded
8364,49.4438,0.9911,1.793,0.9945,238.7244,0.4189,0.002138,Degraded
8365,50.2176,0.9917,1.7911,0.9936,237.1953,0.4216,0.002552,Degraded
8366,52.7803,0.992,1.792,0.9941,237.5955,0.4209,0.0023,Degraded
8367,48.7432,0.9916,1.7914,0.9913,238.753,0.4188,0.002542,Degraded
8368,51.2139,0.9894,1.7931,0.9928,238.4553,0.4194,0.002563,Degraded
8369,50.4268,0.9921,1.7912,0.9927,237.1576,0.4217,0.002226,Degraded
8370,49.6814,0.9909,1.7901,0.9938,237.4512,0.4211,0.00257,Degraded
8371,50.6258,0.9914,1.7907,0.9936,235.1057,0.4253,0.0025,Degraded
8372,50.6817,0.9927,1.7911,0.9911,235.3354,0.4249,0.002649,Degraded
8373,49.7882,0.9936,1.7902,0.9936,238.7704,0.4188,0.002563,Degraded
8374,48.7997,0.9944,1.7932,0.9931,238.0942,0.42,0.002688,Degraded
8375,50.5884,0.9902,1.7919,0.9948,237.8411,0.4204,0.002602,Degraded
8376,49.6473,0.9907,1.7901,0.9941,237.2593,0.4215,0.002255,Degraded
8377,50.8597,0.991,1.7908,0.9928,237.28,0.4214,0.002615,Degraded
8378,49.3801,0.9926,1.7921,0.9928,237.3052,0.4214,0.002439,Degraded
8379,50.1349,0.9931,1.7912,0.9935,236.8726,0.4222,0.00263,Degraded
8380,50.3051,0.9929,1.7908,0.994,238.4413,0.4194,0.002436,Degraded
8381,49.9842,0.9918,1.7914,0.9935,237.9672,0.4202,0.002502,Degraded
8382,49.9902,0.9919,1.7912,0.9929,236.7079,0.4225,0.002516,Degraded
8383,50.4476,0.9913,1.7908,0.9932,237.7432,0.4206,0.00255,Degraded
8384,51.8748,0.991,1.7915,0.9941,236.8683,0.4222,0.002911,Degraded
8385,50.0967,0.9922,1.7916,0.9943,236.5722,0.4227,0.00284,Degraded
8386,50.2802,0.9923,1.7909,0.9936,236.6466,0.4226,0.002761,Degraded
8387,49.0648,0.9918,1.7912,0.9917,236.6712,0.4225,0.002616,Degraded
8388,49.3812,0.9909,1.792,0.9942,237.9466,0.4203,0.002517,Degraded
8389,50.2743,0.9917,1.7906,0.9936,236.5803,0.4227,0.00265,Degraded
8390,50.2101,0.9894,1.7926,0.9928,236.9312,0.4221,0.002718,Degraded
8391,49.9732,0.9922,1.791,0.9941,237.5713,0.4209,0.002608,Degraded
8392,49.9628,0.9932,1.7935,0.9911,238.1531,0.4199,0.002312,Degraded
8393,50.5151,0.9898,1.792,0.9924,237.0434,0.4219,0.002441,Degraded
8394,49.5216,0.9909,1.7912,0.9931,237.6675,0.4208,0.0029,Degraded
8395,49.3535,0.9917,1.7924,0.9926,235.6017,0.4244,0.002147,Degraded
8396,48.3364,0.9931,1.7922,0.994,238.1911,0.4198,0.002414,Degraded
8397,51.957,0.9919,1.7915,0.9944,237.9383,0.4203,0.002796,Degraded
8398,51.2315,0.9912,1.7918,0.9924,236.1004,0.4235,0.002697,Degraded
8399,50.8838,0.9896,1.7909,0.9933,237.5226,0.421,0.002939,Degraded
8400,49.6184,0.9914,1.7922,0.9929,236.996,0.4219,0.002413,Degraded
8401,50.3082,0.9914,1.7923,0.9936,235.0662,0.4254,0.00218,Degraded
8402,49.723,0.9926,1.7909,0.9937,237.8758,0.4204,0.002639,Degraded
8403,49.6875,0.9904,1.7903,0.9962,237.7598,0.4206,0.002899,Degraded
8404,49.4607,0.9928,1.7911,0.9932,237.1649,0.4216,0.002355,Degraded
8405,49.4376,0.9916,1.791,0.9934,236.7222,0.4224,0.002673,Degraded
8406,49.7628,0.9932,1.7915,0.9932,238.6738,0.419,0.002433,Degraded
8407,49.8071,0.9909,1.7918,0.9925,238.0108,0.4201,0.002523,Degraded
8408,50.8055,0.9923,1.7911,0.9925,237.1253,0.4217,0.002534,Degraded
8409,50.4034,0.992,1.7916,0.9926,236.9172,0.4221,0.002636,Degraded
8410,49.6179,0.9922,1.7922,0.9948,237.0003,0.4219,0.002468,Degraded
8411,48.2896,0.9906,1.7906,0.9938,238.8294,0.4187,0.002649,Degraded
8412,50.9342,0.9909,1.7904,0.993,236.883,0.4221,0.002361,Degraded
8413,50.318,0.9904,1.7924,0.9929,237.3443,0.4213,0.002554,Degraded
8414,49.7718,0.9929,1.79,0.9946,237.1014,0.4218,0.002718,Degraded
8415,50.308,0.9924,1.7915,0.9935,238.2558,0.4197,0.002554,Degraded
8416,51.2129,0.9919,1.7909,0.9929,238.0865,0.42,0.002287,Degraded
8417,50.7849,0.9912,1.7903,0.9935,236.8143,0.4223,0.002421,Degraded
8418,49.6518,0.9917,1.7912,0.9937,238.1829,0.4198,0.002644,Degraded
8419,51.5984,0.9936,1.7913,0.9921,237.1402,0.4217,0.002559,Degraded
8420,51.9366,0.9912,1.7919,0.9926,237.0927,0.4218,0.002293,Degraded
8421,48.9876,0.9929,1.7926,0.9929,238.2192,0.4198,0.002275,Degraded
8422,50.0209,0.9918,1.7928,0.9935,237.8028,0.4205,0.002443,Degraded
8423,50.3726,0.9928,1.79,0.9944,237.1975,0.4216,0.002256,Degraded
8424,49.9495,0.9929,1.7911,0.9936,236.0735,0.4236,0.002172,Degraded
8425,49.3036,0.9926,1.7915,0.9944,238.289,0.4197,0.002386,Degraded
8426,51.4204,0.991,1.7926,0.9942,237.413,0.4212,0.002551,Degraded
8427,50.425,0.9917,1.7912,0.9928,237.0538,0.4218,0.002782,Degraded
8428,48.8997,0.9911,1.7912,0.993,237.5954,0.4209,0.002269,Degraded
8429,50.9925,0.9925,1.7922,0.993,236.7658,0.4224,0.002474,Degraded
8430,50.2227,0.9922,1.7915,0.9936,237.0079,0.4219,0.002596,Degraded
8431,49.9764,0.9918,1.7898,0.9937,237.7855,0.4205,0.002645,Degraded
8432,49.3876,0.9909,1.7907,0.9936,237.8786,0.4204,0.0024,Degraded
8433,51.2319,0.9929,1.7917,0.9936,236.0069,0.4237,0.002434,Degraded
8434,49.1793,0.9907,1.7921,0.994,237.9873,0.4202,0.002589,Degraded
8435,50.6017,0.99,1.7903,0.993,237.8255,0.4205,0.002451,Degraded
8436,49.0962,0.9909,1.7906,0.9915,239.1255,0.4182,0.002787,Degraded
8437,48.6061,0.9896,1.7908,0.9918,239.2506,0.418,0.002381,Degraded
8438,50.4776,0.9911,1.7904,0.9943,237.8669,0.4204,0.002529,Degraded
8439,52.0957,0.9918,1.7911,0.9952,237.6646,0.4208,0.002867,Degraded
8440,50.1607,0.9885,1.79,0.9943,236.8687,0.4222,0.002593,Degraded
8441,51.1009,0.9917,1.7907,0.9932,237.424,0.4212,0.002461,Degraded
8442,49.0876,0.9912,1.7915,0.9918,236.6025,0.4226,0.002399,Degraded
8443,48.7091,0.9917,1.7918,0.9927,236.2406,0.4233,0.002624,Degraded
8444,50.6361,0.9917,1.7916,0.9938,237.2576,0.4215,0.00236,Degraded
8445,50.1448,0.9912,1.7915,0.9941,236.3708,0.4231,0.002579,Degraded
8446,49.2007,0.9906,1.7931,0.9937,237.4598,0.4211,0.002212,Degraded
8447,50.016,0.9895,1.7916,0.992,237.7758,0.4206,0.002576,Degraded
8448,49.2335,0.9919,1.7936,0.993,238.0322,0.4201,0.002124,Degraded
8449,50.5824,0.991,1.7913,0.9938,237.1317,0.4217,0.002221,Degraded
8450,51.4318,0.9901,1.7907,0.9934,237.4349,0.4212,0.002631,Degraded
8451,50.3184,0.9927,1.792,0.9921,235.245,0.4251,0.002576,Degraded
8452,51.3865,0.9903,1.7905,0.9936,237.7084,0.4207,0.00277,Degraded
8453,51.5283,0.9918,1.7906,0.9923,236.8856,0.4221,0.002752,Degraded
8454,49.8171,0.9925,1.79,0.9935,236.7181,0.4224,0.002651,Degraded
8455,50.014,0.9923,1.7911,0.9932,237.964,0.4202,0.002526,Degraded
8456,50.2674,0.9923,1.7915,0.9917,236.8592,0.4222,0.002162,Degraded
8457,50.0226,0.992,1.7917,0.9946,238.3406,0.4196,0.002598,Degraded
8458,48.3107,0.9922,1.7908,0.9941,237.5631,0.4209,0.002679,Degraded
8459,50.6275,0.9939,1.7921,0.992,238.1685,0.4199,0.002462,Degraded
8460,51.3042,0.9931,1.7922,0.992,236.9417,0.422,0.002816,Degraded
8461,51.829,0.9916,1.7913,0.9921,236.3749,0.4231,0.002595,Degraded
8462,50.7922,0.9901,1.7924,0.9946,237.8115,0.4205,0.002879,Degraded
8463,50.5178,0.9919,1.7919,0.9946,237.7356,0.4206,0.002443,Degraded
8464,50.5739,0.992,1.7913,0.9943,237.3772,0.4213,0.00269,Degraded
8465,50.6448,0.9908,1.7906,0.9925,237.2376,0.4215,0.002868,Degraded
8466,50.2009,0.9919,1.7924,0.9929,236.9693,0.422,0.00276,Degraded
8467,50.6951,0.991,1.7911,0.9933,237.5632,0.4209,0.002799,Degraded
8468,50.668,0.9905,1.7907,0.9935,237.4122,0.4212,0.002382,Degraded
8469,51.0865,0.9893,1.7919,0.9917,238.0011,0.4202,0.002498,Degraded
8470,50.8442,0.9911,1.7929,0.9914,237.9986,0.4202,0.002429,Degraded
8471,50.5479,0.9919,1.7901,0.9942,237.6085,0.4209,0.002575,Degraded
8472,50.5577,0.9917,1.7924,0.9928,237.9609,0.4202,0.002666,Degraded
8473,50.1138,0.9934,1.792,0.9934,237.7497,0.4206,0.002531,Degraded
8474,51.2141,0.9915,1.7923,0.9922,235.8523,0.424,0.002633,Degraded
8475,49.948,0.9913,1.7892,0.9949,237.3711,0.4213,0.002819,Degraded
8476,49.1427,0.9916,1.7919,0.9934,237.4728,0.4211,0.002275,Degraded
8477,50.5122,0.9907,1.7909,0.9932,237.003,0.4219,0.002494,Degraded
8478,51.1596,0.9914,1.7911,0.9931,236.3938,0.423,0.002586,Degraded
8479,50.8397,0.9918,1.7916,0.9938,236.8382,0.4222,0.002562,Degraded
8480,51.3826,0.9912,1.7921,0.9938,236.6739,0.4225,0.002692,Degraded
8481,49.7803,0.9919,1.7909,0.9935,237.3819,0.4213,0.002577,Degraded
8482,50.4852,0.991,1.7904,0.9933,238.1592,0.4199,0.002671,Degraded
8483,50.6272,0.991,1.7917,0.9924,236.9366,0.4221,0.002626,Degraded
8484,48.8179,0.9932,1.7902,0.9951,236.6029,0.4226,0.002385,Degraded
8485,49.9549,0.9911,1.7909,0.9928,237.3459,0.4213,0.002376,Degraded
8486,50.9474,0.9929,1.7896,0.9951,237.889,0.4204,0.002607,Degraded
8487,49.8172,0.9917,1.7924,0.9958,239.023,0.4184,0.00225,Degraded
8488,50.1121,0.9916,1.7929,0.9931,236.6638,0.4225,0.002567,Degraded
8489,49.9719,0.9925,1.7939,0.9941,238.0272,0.4201,0.002804,Degraded
8490,50.6456,0.9911,1.7912,0.9943,237.4962,0.4211,0.002361,Degraded
8491,51.3311,0.9907,1.7904,0.9923,237.5086,0.421,0.002752,Degraded
8492,50.4894,0.991,1.7907,0.994,237.1878,0.4216,0.002626,Degraded
8493,50.1752,0.9918,1.7919,0.9956,237.5825,0.4209,0.00248,Degraded
8494,50.4297,0.9906,1.7905,0.9945,237.5023,0.421,0.002782,Degraded
8495,48.9911,0.9905,1.7918,0.9924,236.1183,0.4235,0.002343,Degraded
8496,50.0359,0.9919,1.7932,0.9922,236.4553,0.4229,0.002269,Degraded
8497,50.7531,0.9916,1.7905,0.9924,237.1554,0.4217,0.002546,Degraded
8498,49.4647,0.9917,1.7901,0.9933,237.1109,0.4217,0.00264,Degraded
8499,51.2672,0.9911,1.7915,0.9912,238.8289,0.4187,0.002188,Degraded
8500,50.2337,0.989,1.7907,0.9949,238.1658,0.4199,0.002757,Degraded
8501,50.1476,0.9931,1.7918,0.9939,239.366,0.4178,0.002778,Degraded
8502,50.2512,0.992,1.7929,0.9938,237.8735,0.4204,0.002818,Degraded
8503,52.3295,0.9906,1.7922,0.9937,236.9369,0.4221,0.002431,Degraded
8504,51.6288,0.9905,1.7901,0.9926,235.8185,0.4241,0.002392,Degraded
8505,49.467,0.9916,1.7929,0.9926,237.9346,0.4203,0.002712,Degraded
8506,48.5344,0.9909,1.7911,0.9936,237.6971,0.4207,0.002628,Degraded
8507,49.5966,0.9909,1.79,0.9933,236.9458,0.422,0.002669,Degraded
8508,50.8719,0.9912,1.7918,0.993,236.3472,0.4231,0.002402,Degraded
8509,48.5011,0.9911,1.7909,0.9921,237.8918,0.4204,0.002668,Degraded
8510,50.761,0.9922,1.7915,0.9932,237.8992,0.4203,0.002696,Degraded
8511,51.1417,0.9914,1.7905,0.9934,236.7709,0.4223,0.002694,Degraded
8512,50.5518,0.9915,1.7911,0.9942,237.9711,0.4202,0.002452,Degraded
8513,49.3407,0.9917,1.7927,0.9919,237.6068,0.4209,0.0024,Degraded
8514,49.5117,0.9924,1.7921,0.993,237.8606,0.4204,0.002701,Degraded
8515,49.138,0.9916,1.7929,0.9937,235.1349,0.4253,0.00235,Degraded
8516,51.1254,0.9909,1.7926,0.9952,237.0356,0.4219,0.002441,Degraded
8517,49.5257,0.9922,1.7909,0.9928,236.3376,0.4231,0.002479,Degraded
8518,49.767,0.9895,1.7906,0.9939,238.3022,0.4196,0.002544,Degraded
8519,50.3612,0.9918,1.7934,0.9922,236.2118,0.4233,0.002555,Degraded
8520,50.6514,0.9914,1.7901,0.9941,237.1095,0.4217,0.002677,Degraded
8521,51.58,0.99,1.7898,0.9937,235.5909,0.4245,0.002486,Degraded
8522,49.8826,0.9918,1.7908,0.9937,236.3634,0.4231,0.002318,Degraded
8523,50.3568,0.9916,1.7918,0.9947,238.24,0.4197,0.002657,Degraded
8524,50.9907,0.9917,1.7927,0.9935,236.7722,0.4223,0.002417,Degraded
8525,51.2658,0.9913,1.7934,0.9921,238.2137,0.4198,0.002482,Degraded
8526,50.6726,0.9902,1.7896,0.9947,236.8601,0.4222,0.002765,Degraded
8527,49.8234,0.9925,1.791,0.992,237.7267,0.4207,0.002757,Degraded
8528,50.8627,0.9913,1.7897,0.9921,236.6464,0.4226,0.002517,Degraded
8529,51.2568,0.9914,1.7894,0.9906,236.6507,0.4226,0.002466,Degraded
8530,50.6385,0.99,1.7901,0.9936,238.2724,0.4197,0.002176,Degraded
8531,49.7406,0.9926,1.7924,0.9922,238.1314,0.4199,0.002578,Degraded
8532,50.8856,0.9908,1.7918,0.992,236.7641,0.4224,0.00251,Degraded
8533,50.4715,0.9939,1.794,0.9928,238.3842,0.4195,0.002348,Degraded
8534,50.6806,0.9908,1.791,0.9958,236.8894,0.4221,0.00244,Degraded
8535,49.5627,0.9907,1.79,0.9934,237.3614,0.4213,0.002638,Degraded
8536,50.3557,0.9909,1.7908,0.9933,237.1548,0.4217,0.002444,Degraded
8537,50.1373,0.993,1.7934,0.993,236.6075,0.4226,0.002562,Degraded
8538,51.2771,0.9914,1.7918,0.9925,236.2596,0.4233,0.002724,Degraded
8539,50.5261,0.9921,1.7898,0.995,237.3933,0.4212,0.00221,Degraded
8540,51.1615,0.9911,1.7915,0.9927,237.1117,0.4217,0.002562,Degraded
8541,49.0377,0.9923,1.7916,0.9936,237.8413,0.4204,0.002596,Degraded
8542,50.6405,0.99,1.7906,0.9933,237.3356,0.4213,0.002653,Degraded
8543,51.5022,0.9914,1.7918,0.9932,236.9857,0.422,0.002531,Degraded
8544,49.7518,0.9913,1.7912,0.993,235.7905,0.4241,0.002553,Degraded
8545,49.6794,0.9914,1.7904,0.9932,236.9449,0.422,0.002448,Degraded
8546,50.6143,0.9918,1.7914,0.9937,236.8504,0.4222,0.002654,Degraded
8547,50.3508,0.9905,1.7907,0.9943,238.4406,0.4194,0.002717,Degraded
8548,49.9198,0.9929,1.7921,0.9935,238.6518,0.419,0.002402,Degraded
8549,51.0066,0.9906,1.7908,0.9958,237.5784,0.4209,0.002945,Degraded
8550,50.8249,0.9919,1.7908,0.9941,237.1952,0.4216,0.002591,Degraded
8551,50.1829,0.9913,1.7915,0.9933,237.1329,0.4217,0.002264,Degraded
8552,50.8272,0.9913,1.7881,0.9916,236.7932,0.4223,0.002831,Degraded
8553,50.8816,0.9908,1.7913,0.9943,236.6774,0.4225,0.002359,Degraded
8554,51.1016,0.9926,1.7908,0.9936,237.1365,0.4217,0.002458,Degraded
8555,51.334,0.9908,1.7922,0.9932,237.0295,0.4219,0.002465,Degraded
8556,49.6115,0.9912,1.7909,0.9932,236.208,0.4234,0.002546,Degraded
8557,50.7274,0.9908,1.7922,0.994,236.1988,0.4234,0.002425,Degraded
8558,49.3321,0.9919,1.7916,0.9916,236.6414,0.4226,0.002639,Degraded
8559,50.4966,0.9927,1.7903,0.9931,236.3601,0.4231,0.0026,Degraded
8560,50.2632,0.9917,1.791,0.9939,236.5883,0.4227,0.002375,Degraded
8561,50.59,0.9933,1.7899,0.992,237.3437,0.4213,0.002804,Degraded
8562,50.6567,0.9908,1.7919,0.9937,236.6128,0.4226,0.002744,Degraded
8563,50.3858,0.9897,1.7913,0.9926,238.1994,0.4198,0.002313,Degraded
8564,50.0287,0.9917,1.7939,0.9951,237.1178,0.4217,0.002649,Degraded
8565,50.8986,0.9904,1.7914,0.9945,237.2658,0.4215,0.002969,Degraded
8566,50.0623,0.9913,1.7914,0.9918,238.0358,0.4201,0.002513,Degraded
8567,50.6271,0.9908,1.7932,0.9944,237.1962,0.4216,0.002335,Degraded
8568,51.0176,0.9925,1.7905,0.993,237.2095,0.4216,0.002798,Degraded
8569,50.3031,0.9924,1.7907,0.9921,238.6117,0.4191,0.002318,Degraded
8570,49.825,0.9922,1.7909,0.9926,236.987,0.422,0.00215,Degraded
8571,51.3243,0.9916,1.7906,0.9914,236.0512,0.4236,0.002262,Degraded
8572,50.6114,0.9917,1.792,0.9939,237.6445,0.4208,0.002889,Degraded
8573,51.3876,0.9924,1.7917,0.9939,236.812,0.4223,0.002538,Degraded
8574,51.8103,0.9909,1.7908,0.9928,236.6996,0.4225,0.002489,Degraded
8575,50.6288,0.9917,1.7923,0.9953,236.8428,0.4222,0.002569,Degraded
8576,48.9664,0.9901,1.7913,0.9936,237.5291,0.421,0.002706,Degraded
8577,51.4446,0.9931,1.7912,0.9923,237.6584,0.4208,0.00277,Degraded
8578,50.5491,0.9912,1.7909,0.9931,237.6851,0.4207,0.00245,Degraded
8579,49.8014,0.992,1.7906,0.9933,237.2101,0.4216,0.002584,Degraded
8580,49.9299,0.9932,1.7918,0.9926,237.3947,0.4212,0.00295,Degraded
8581,50.5174,0.993,1.7903,0.9923,235.4162,0.4248,0.002979,Degraded
8582,49.0861,0.9916,1.7932,0.9941,237.428,0.4212,0.002841,Degraded
8583,49.9147,0.9919,1.7913,0.993,237.278,0.4214,0.00282,Degraded
8584,51.7044,0.9911,1.7903,0.9923,238.6822,0.419,0.002881,Degraded
8585,49.58,0.9931,1.7907,0.9938,236.5526,0.4227,0.003018,Degraded
8586,49.9987,0.9904,1.791,0.9958,237.3294,0.4214,0.00238,Degraded
8587,49.8259,0.9897,1.792,0.9919,238.004,0.4202,0.002744,Degraded
8588,50.3784,0.9926,1.7923,0.9933,236.5035,0.4228,0.002669,Degraded
8589,50.7864,0.9919,1.7915,0.9935,237.3582,0.4213,0.002859,Degraded
8590,49.4427,0.9904,1.7915,0.9924,237.2837,0.4214,0.002364,Degraded
8591,49.6995,0.9935,1.7912,0.992,237.0216,0.4219,0.002795,Degraded
8592,51.43,0.9899,1.7906,0.9933,237.0848,0.4218,0.002268,Degraded
8593,49.317,0.9903,1.7896,0.9927,238.0661,0.4201,0.002455,Degraded
8594,51.335,0.9914,1.7912,0.9915,238.0449,0.4201,0.002611,Degraded
8595,49.1911,0.9918,1.7908,0.9932,237.2996,0.4214,0.002832,Degraded
8596,49.571,0.992,1.7927,0.9956,237.9456,0.4203,0.002661,Degraded
8597,50.6946,0.993,1.7911,0.9939,238.8598,0.4187,0.002567,Degraded
8598,48.8652,0.9905,1.7917,0.9923,236.8252,0.4223,0.00253,Degraded
8599,50.927,0.9905,1.7908,0.9945,236.7159,0.4224,0.002735,Degraded
8600,50.4912,0.9914,1.7921,0.9913,237.4547,0.4211,0.002701,Degraded
8601,51.1606,0.991,1.7914,0.9907,236.5626,0.4227,0.002625,Degraded
8602,51.6601,0.9932,1.7911,0.994,236.9792,0.422,0.002267,Degraded
8603,50.9694,0.9932,1.791,0.9922,237.1494,0.4217,0.002566,Degraded
8604,52.5752,0.9924,1.7915,0.9902,236.9794,0.422,0.002962,Degraded
8605,50.553,0.9922,1.7918,0.9926,238.4456,0.4194,0.002629,Degraded
8606,49.9253,0.9914,1.7928,0.9916,237.3072,0.4214,0.002607,Degraded
8607,49.2605,0.9922,1.7916,0.994,238.0,0.4202,0.002581,Degraded
8608,50.0499,0.99,1.7907,0.9931,236.3171,0.4232,0.002709,Degraded
8609,49.7735,0.9896,1.7908,0.9933,236.0789,0.4236,0.002415,Degraded
8610,49.9939,0.9909,1.7917,0.9937,236.7055,0.4225,0.002385,Degraded
8611,50.6092,0.9919,1.793,0.9943,236.0764,0.4236,0.002565,Degraded
8612,50.8665,0.9905,1.791,0.9938,237.282,0.4214,0.002594,Degraded
8613,49.9806,0.9899,1.7911,0.993,235.9058,0.4239,0.002603,Degraded
8614,50.8188,0.9907,1.7918,0.9934,236.8354,0.4222,0.002511,Degraded
8615,50.2412,0.9905,1.7917,0.9923,236.4526,0.4229,0.002694,Degraded
8616,50.3151,0.9914,1.7897,0.9926,238.4206,0.4194,0.002239,Degraded
8617,51.9103,0.9916,1.7909,0.9929,238.0589,0.4201,0.00214,Degraded
8618,51.6447,0.9916,1.7924,0.9914,236.891,0.4221,0.00213,Degraded
8619,51.4723,0.9904,1.7904,0.9912,237.427,0.4212,0.00261,Degraded
8620,49.9177,0.9916,1.7906,0.9913,236.779,0.4223,0.002925,Degraded
8621,51.2951,0.9918,1.7916,0.9927,237.6573,0.4208,0.002709,Degraded
8622,50.4531,0.9916,1.7898,0.9926,236.1125,0.4235,0.002354,Degraded
8623,50.8976,0.9901,1.7921,0.9941,237.0161,0.4219,0.002476,Degraded
8624,51.348,0.9919,1.7926,0.992,236.8557,0.4222,0.002553,Degraded
8625,50.6925,0.992,1.7915,0.9944,236.7627,0.4224,0.002388,Degraded
8626,49.9943,0.9906,1.7909,0.9928,236.8796,0.4222,0.002644,Degraded
8627,50.1597,0.9924,1.7894,0.9909,237.8605,0.4204,0.002783,Degraded
8628,51.5216,0.992,1.7914,0.9928,235.7763,0.4241,0.002628,Degraded
8629,49.3828,0.9938,1.7903,0.993,238.2616,0.4197,0.002525,Degraded
8630,50.2466,0.9888,1.7901,0.9937,238.3933,0.4195,0.002421,Degraded
8631,50.6932,0.9941,1.7919,0.9941,236.4406,0.4229,0.00291,Degraded
8632,49.9838,0.9905,1.7928,0.9925,237.0491,0.4219,0.002925,Degraded
8633,49.8081,0.9911,1.7908,0.9928,237.0819,0.4218,0.002868,Degraded
8634,51.855,0.9915,1.7906,0.9938,237.0532,0.4218,0.002608,Degraded
8635,49.7175,0.9897,1.7913,0.992,236.6233,0.4226,0.002897,Degraded
8636,50.4887,0.9925,1.7917,0.9937,236.606,0.4226,0.002831,Degraded
8637,50.7953,0.9911,1.7917,0.9924,236.8096,0.4223,0.00259,Degraded
8638,50.1278,0.9929,1.7909,0.9952,237.0968,0.4218,0.002555,Degraded
8639,50.1467,0.9918,1.7923,0.9906,237.0454,0.4219,0.002204,Degraded
8640,51.3375,0.9924,1.7914,0.9933,235.8962,0.4239,0.002493,Degraded
8641,50.0641,0.9909,1.7922,0.9944,237.527,0.421,0.002538,Degraded
8642,49.9587,0.9914,1.7917,0.9929,236.5097,0.4228,0.002726,Degraded
8643,51.1282,0.99,1.791,0.9939,237.8264,0.4205,0.002616,Degraded
8644,50.8515,0.9916,1.7923,0.992,237.2481,0.4215,0.002425,Degraded
8645,51.4315,0.9903,1.7918,0.9922,237.6344,0.4208,0.002691,Degraded
8646,50.7545,0.9933,1.7907,0.994,237.9686,0.4202,0.002789,Degraded
8647,50.0227,0.9911,1.7907,0.9928,236.3566,0.4231,0.002531,Degraded
8648,51.7405,0.991,1.7915,0.9924,237.016,0.4219,0.00277,Degraded
8649,50.9598,0.9928,1.7901,0.9923,236.6962,0.4225,0.00291,Degraded
8650,50.809,0.9899,1.7924,0.9932,237.7373,0.4206,0.002922,Degraded
8651,49.7897,0.9929,1.7913,0.9927,237.1472,0.4217,0.002367,Degraded
8652,50.5577,0.9911,1.7904,0.9924,237.9325,0.4203,0.00257,Degraded
8653,49.7908,0.9918,1.7921,0.9931,236.0332,0.4237,0.002097,Degraded
8654,49.8565,0.9924,1.7923,0.9923,236.8303,0.4222,0.002746,Degraded
8655,50.4682,0.9923,1.7912,0.9936,236.7593,0.4224,0.00245,Degraded
8656,51.5134,0.9898,1.7907,0.993,237.7029,0.4207,0.002431,Degraded
8657,50.6841,0.99,1.7918,0.9949,235.4468,0.4247,0.002462,Degraded
8658,51.2539,0.9943,1.7919,0.9923,236.8941,0.4221,0.002362,Degraded
8659,51.2303,0.9924,1.7927,0.9927,236.3655,0.4231,0.002907,Degraded
8660,51.6927,0.9904,1.791,0.9939,236.8082,0.4223,0.002614,Degraded
8661,49.4145,0.9902,1.7912,0.9924,236.0901,0.4236,0.002545,Degraded
8662,49.8896,0.9914,1.7923,0.9928,236.6661,0.4225,0.002823,Degraded
8663,51.1802,0.9921,1.7888,0.9926,236.5481,0.4227,0.002444,Degraded
8664,51.4381,0.9908,1.7899,0.9933,236.9979,0.4219,0.002425,Degraded
8665,51.4113,0.9919,1.7919,0.9936,237.8742,0.4204,0.002578,Degraded
8666,49.6056,0.9911,1.7897,0.992,238.2963,0.4196,0.00239,Degraded
8667,49.6614,0.992,1.7922,0.9914,237.1985,0.4216,0.0025,Degraded
8668,50.8669,0.991,1.79,0.9926,237.4986,0.4211,0.002999,Degraded
8669,50.9161,0.9909,1.7902,0.9929,236.6937,0.4225,0.002672,Degraded
8670,50.5583,0.9918,1.791,0.9948,237.4621,0.4211,0.00247,Degraded
8671,51.4087,0.9902,1.7905,0.9923,238.0562,0.4201,0.002576,Degraded
8672,50.1067,0.9915,1.7919,0.9947,235.7944,0.4241,0.002864,Degraded
8673,48.9575,0.9922,1.7925,0.9943,237.4456,0.4211,0.002399,Degraded
8674,51.2109,0.9903,1.7904,0.9926,236.6961,0.4225,0.00266,Degraded
8675,50.0587,0.9917,1.79,0.9931,236.7695,0.4224,0.002815,Degraded
8676,51.5084,0.9912,1.7894,0.9916,237.885,0.4204,0.002584,Degraded
8677,52.0179,0.9922,1.7916,0.9932,236.0654,0.4236,0.002487,Degraded
8678,50.9534,0.991,1.7918,0.9941,236.8393,0.4222,0.002527,Degraded
8679,49.9052,0.9922,1.7921,0.9952,237.123,0.4217,0.002594,Degraded
8680,50.9979,0.991,1.7904,0.9931,237.3462,0.4213,0.002719,Degraded
8681,50.9811,0.9924,1.7918,0.9933,235.966,0.4238,0.002663,Degraded
8682,50.4909,0.9902,1.7918,0.9936,237.3173,0.4214,0.002726,Degraded
8683,50.7285,0.9911,1.7931,0.9932,234.9414,0.4256,0.002129,Degraded
8684,51.5952,0.9895,1.7908,0.9918,236.7319,0.4224,0.002692,Degraded
8685,50.1013,0.9905,1.792,0.9957,237.4048,0.4212,0.002433,Degraded
8686,51.3317,0.9931,1.7924,0.9915,237.3938,0.4212,0.002524,Degraded
8687,50.6786,0.9909,1.7921,0.9927,238.1038,0.42,0.002616,Degraded
8688,50.4596,0.9919,1.7917,0.9937,236.8614,0.4222,0.002883,Degraded
8689,51.4324,0.9913,1.7921,0.9928,237.4227,0.4212,0.002782,Degraded
8690,50.8418,0.9905,1.7901,0.9933,236.3859,0.423,0.002828,Degraded
8691,49.4368,0.9926,1.7914,0.9922,236.6024,0.4226,0.002577,Degraded
8692,51.032,0.9901,1.7903,0.9927,236.9374,0.4221,0.002761,Degraded
8693,50.8628,0.9909,1.7915,0.9932,236.7591,0.4224,0.002641,Degraded
8694,48.928,0.9922,1.7919,0.9945,236.3102,0.4232,0.002732,Degraded
8695,49.127,0.9895,1.7911,0.9925,237.7954,0.4205,0.002854,Degraded
8696,51.6797,0.9919,1.7919,0.9918,238.0758,0.42,0.002869,Degraded
8697,49.5506,0.9918,1.7908,0.9949,236.1745,0.4234,0.002638,Degraded
8698,50.8052,0.9912,1.7935,0.9947,235.6429,0.4244,0.002717,Degraded
8699,50.6491,0.9921,1.7915,0.9922,236.1215,0.4235,0.002539,Degraded
8700,50.5636,0.9915,1.7907,0.9947,237.3782,0.4213,0.002795,Degraded
8701,50.5508,0.9903,1.7922,0.992,235.3302,0.4249,0.002733,Degraded
8702,50.0591,0.991,1.792,0.9921,235.6652,0.4243,0.002864,Degraded
8703,50.6188,0.9926,1.7919,0.9937,237.0762,0.4218,0.002653,Degraded
8704,51.5748,0.9921,1.7907,0.9935,236.4485,0.4229,0.002559,Degraded
8705,51.1237,0.9907,1.7914,0.9934,236.671,0.4225,0.002765,Degraded
8706,50.3192,0.9922,1.7914,0.9932,236.222,0.4233,0.002575,Degraded
8707,50.8285,0.9923,1.791,0.9941,236.335,0.4231,0.002689,Degraded
8708,50.269,0.9928,1.7927,0.9933,236.5099,0.4228,0.002319,Degraded
8709,50.9788,0.9915,1.7921,0.9916,237.0497,0.4219,0.002708,Degraded
8710,49.9564,0.9914,1.7906,0.9922,236.5105,0.4228,0.00257,Degraded
8711,51.6708,0.991,1.7904,0.9938,237.7557,0.4206,0.002787,Degraded
8712,51.777,0.9915,1.7914,0.9923,238.0512,0.4201,0.002605,Degraded
8713,50.4405,0.9909,1.7919,0.9931,237.0821,0.4218,0.002559,Degraded
8714,50.5266,0.9911,1.7927,0.9912,237.2876,0.4214,0.002842,Degraded
8715,49.2162,0.9912,1.7923,0.9923,237.1423,0.4217,0.002438,Degraded
8716,50.7153,0.9926,1.793,0.9933,235.9028,0.4239,0.002563,Degraded
8717,49.2401,0.991,1.7922,0.9917,236.7588,0.4224,0.002462,Degraded
8718,52.1274,0.9917,1.7921,0.9933,237.5318,0.421,0.002842,Degraded
8719,50.7248,0.9907,1.7903,0.9948,237.578,0.4209,0.002181,Degraded
8720,50.5003,0.9917,1.793,0.9919,237.2611,0.4215,0.002546,Degraded
8721,49.7403,0.9926,1.7903,0.994,235.6428,0.4244,0.002528,Degraded
8722,51.1572,0.992,1.7917,0.994,236.6861,0.4225,0.002905,Degraded
8723,50.9867,0.992,1.7916,0.9935,236.1146,0.4235,0.002439,Degraded
8724,50.2703,0.9918,1.7907,0.9927,236.8559,0.4222,0.002911,Degraded
8725,51.1872,0.9898,1.7914,0.9927,236.7298,0.4224,0.002628,Degraded
8726,51.6075,0.9905,1.7915,0.9933,236.7339,0.4224,0.0025,Degraded
8727,50.1043,0.9909,1.792,0.9927,236.8302,0.4222,0.002397,Degraded
8728,50.3309,0.9915,1.7896,0.9941,236.4337,0.423,0.002981,Degraded
8729,51.0482,0.9894,1.7915,0.9927,237.1385,0.4217,0.002952,Degraded
8730,51.278,0.991,1.7899,0.9939,237.3128,0.4214,0.002861,Degraded
8731,50.6015,0.9916,1.791,0.9931,235.6919,0.4243,0.002693,Degraded
8732,51.0235,0.9908,1.7919,0.9939,238.0221,0.4201,0.002426,Degraded
8733,51.2549,0.9926,1.7909,0.9944,236.3198,0.4232,0.002644,Degraded
8734,49.3396,0.9894,1.7897,0.9944,236.2785,0.4232,0.002476,Degraded
8735,51.0496,0.9905,1.7925,0.9949,235.1202,0.4253,0.002735,Degraded
8736,49.0764,0.9899,1.7917,0.9921,237.1047,0.4218,0.002637,Degraded
8737,49.4081,0.9919,1.7916,0.993,236.3761,0.4231,0.002709,Degraded
8738,49.6933,0.9903,1.7916,0.994,236.5113,0.4228,0.002723,Degraded
8739,50.8942,0.9917,1.7906,0.9929,236.8609,0.4222,0.002931,Degraded
8740,49.8484,0.9899,1.7943,0.9933,237.3288,0.4214,0.00276,Degraded
8741,51.3513,0.9922,1.792,0.9941,237.0224,0.4219,0.002847,Degraded
8742,52.2492,0.9915,1.7917,0.9924,236.7551,0.4224,0.002703,Degraded
8743,50.426,0.9913,1.7916,0.9945,236.1945,0.4234,0.002717,Degraded
8744,50.2559,0.992,1.7921,0.9947,236.5434,0.4228,0.002662,Degraded
8745,51.3842,0.9919,1.7888,0.9923,237.3386,0.4213,0.002592,Degraded
8746,51.392,0.9923,1.791,0.9936,238.0459,0.4201,0.002838,Degraded
8747,50.1281,0.9911,1.7913,0.9921,237.7355,0.4206,0.002505,Degraded
8748,50.6653,0.9923,1.7908,0.9927,237.1484,0.4217,0.002553,Degraded
8749,51.9743,0.9903,1.789,0.9938,236.5904,0.4227,0.002473,Degraded
8750,51.0571,0.9917,1.7905,0.9942,237.5645,0.4209,0.00303,Degraded
8751,50.3849,0.9914,1.7915,0.9927,237.1961,0.4216,0.002731,Degraded
8752,51.1367,0.9909,1.791,0.9924,236.2713,0.4232,0.002623,Degraded
8753,51.9686,0.9933,1.7926,0.9925,237.1966,0.4216,0.002227,Degraded
8754,50.6332,0.9909,1.7931,0.9933,236.9096,0.4221,0.002623,Degraded
8755,50.5263,0.9918,1.7906,0.9935,238.0129,0.4201,0.002659,Degraded
8756,50.5093,0.9912,1.7924,0.9931,236.3785,0.4231,0.002799,Degraded
8757,50.194,0.991,1.7915,0.9922,235.4354,0.4247,0.002727,Degraded
8758,49.0109,0.9903,1.792,0.9934,236.7367,0.4224,0.002458,Degraded
8759,50.4214,0.9918,1.7911,0.9918,236.1576,0.4234,0.002551,Degraded
8760,51.0616,0.9913,1.79,0.9943,236.2657,0.4233,0.002726,Degraded
8761,50.0119,0.9937,1.7926,0.9922,236.9293,0.4221,0.002432,Degraded
8762,50.4868,0.9917,1.7921,0.9918,236.2582,0.4233,0.002827,Degraded
8763,51.8325,0.9905,1.7922,0.9918,236.6175,0.4226,0.00241,Degraded
8764,50.4506,0.9931,1.7912,0.9927,236.4022,0.423,0.002579,Degraded
8765,50.1302,0.9914,1.7912,0.9925,236.4163,0.423,0.002676,Degraded
8766,50.1953,0.991,1.7908,0.9908,237.5391,0.421,0.002273,Degraded
8767,49.366,0.9921,1.7901,0.9909,237.9194,0.4203,0.002512,Degraded
8768,51.7542,0.9903,1.7896,0.9927,235.8816,0.4239,0.002721,Degraded
8769,51.3251,0.9922,1.7909,0.9944,236.1044,0.4235,0.002668,Degraded
8770,50.6753,0.9932,1.7924,0.993,237.0038,0.4219,0.002948,Degraded
8771,50.1865,0.9892,1.7903,0.9926,237.9321,0.4203,0.002848,Degraded
8772,50.7545,0.9917,1.7905,0.9951,237.8125,0.4205,0.002652,Degraded
8773,50.7325,0.9919,1.7912,0.9912,238.0671,0.42,0.002876,Degraded
8774,51.0908,0.9908,1.7912,0.9903,235.9531,0.4238,0.002996,Degraded
8775,51.2088,0.9893,1.7904,0.9911,236.2131,0.4233,0.002609,Degraded
8776,52.0781,0.992,1.7909,0.9927,236.1956,0.4234,0.002861,Degraded
8777,51.7662,0.9899,1.7895,0.9927,236.6778,0.4225,0.002695,Degraded
8778,49.4606,0.9905,1.7911,0.9922,237.5193,0.421,0.003017,Degraded
8779,50.3713,0.9921,1.7909,0.992,236.2617,0.4233,0.002797,Degraded
8780,50.2907,0.9908,1.7901,0.9936,237.1965,0.4216,0.002935,Degraded
8781,51.2828,0.9916,1.7918,0.9927,236.9166,0.4221,0.002831,Degraded
8782,50.1514,0.9929,1.7919,0.995,235.8866,0.4239,0.002409,Degraded
8783,51.107,0.9913,1.7908,0.9917,236.6113,0.4226,0.002688,Degraded
8784,49.7644,0.9908,1.7916,0.9938,236.595,0.4227,0.002485,Degraded
8785,50.9052,0.991,1.7897,0.9925,236.3507,0.4231,0.00265,Degraded
8786,50.2278,0.9907,1.791,0.9936,236.8952,0.4221,0.003179,Degraded
8787,49.8047,0.9921,1.7911,0.9916,236.5168,0.4228,0.002343,Degraded
8788,50.8845,0.9909,1.7905,0.9919,237.6314,0.4208,0.002614,Degraded
8789,50.9878,0.9914,1.7913,0.9926,238.0306,0.4201,0.003094,Degraded
8790,51.9803,0.9912,1.7912,0.9941,236.2089,0.4234,0.002989,Degraded
8791,51.4569,0.9909,1.7915,0.9936,236.4715,0.4229,0.002854,Degraded
8792,51.8439,0.9909,1.7907,0.9929,235.8865,0.4239,0.002314,Degraded
8793,50.4808,0.9902,1.793,0.9925,237.1751,0.4216,0.002522,Degraded
8794,52.255,0.991,1.79,0.9936,237.0166,0.4219,0.002889,Degraded
8795,50.7077,0.9913,1.7897,0.9938,236.8577,0.4222,0.002624,Degraded
8796,50.6494,0.9909,1.7921,0.992,237.4008,0.4212,0.002328,Degraded
8797,49.3014,0.9926,1.7902,0.9931,236.5901,0.4227,0.002718,Degraded
8798,50.8775,0.9922,1.7898,0.9936,236.762,0.4224,0.002343,Degraded
8799,50.4143,0.9896,1.7895,0.9925,237.7506,0.4206,0.002712,Degraded
8800,51.8795,0.9913,1.7927,0.9944,236.04,0.4237,0.002664,Degraded
8801,50.2639,0.9911,1.7929,0.9923,235.8496,0.424,0.002426,Degraded
8802,50.5272,0.9949,1.7927,0.9901,236.7684,0.4224,0.002525,Degraded
8803,51.6345,0.99,1.7902,0.9924,236.2421,0.4233,0.002781,Degraded
8804,50.5796,0.9922,1.7904,0.9938,235.8684,0.424,0.002774,Degraded
8805,50.4491,0.9921,1.7888,0.9922,237.7272,0.4207,0.002611,Degraded
8806,49.4898,0.9905,1.7916,0.9921,237.7198,0.4207,0.002869,Degraded
8807,51.3868,0.9922,1.7907,0.9944,237.65,0.4208,0.002626,Degraded
8808,49.5532,0.9888,1.7922,0.9913,236.051,0.4236,0.002748,Degraded
8809,49.8164,0.9936,1.7914,0.9944,237.6206,0.4208,0.002145,Degraded
8810,51.4536,0.9912,1.7911,0.9929,237.6288,0.4208,0.002982,Degraded
8811,49.9061,0.9913,1.7926,0.9927,236.9459,0.422,0.002697,Degraded
8812,52.5534,0.9919,1.7933,0.9947,236.6004,0.4227,0.002714,Degraded
8813,52.5051,0.99,1.7919,0.9937,236.5594,0.4227,0.002578,Degraded
8814,50.6706,0.9919,1.7927,0.9937,235.7728,0.4241,0.002955,Degraded
8815,51.8213,0.9909,1.7905,0.992,237.637,0.4208,0.002279,Degraded
8816,51.7479,0.9907,1.7915,0.9895,235.3573,0.4249,0.002519,Degraded
8817,50.1407,0.9919,1.7915,0.9949,237.1852,0.4216,0.002525,Degraded
8818,51.8511,0.9907,1.7907,0.9929,238.0684,0.42,0.002866,Degraded
8819,51.6901,0.9931,1.7922,0.9917,237.2022,0.4216,0.00298,Degraded
8820,49.6614,0.9912,1.7901,0.9931,237.6782,0.4207,0.002925,Degraded
8821,50.7305,0.9918,1.7897,0.9912,237.6642,0.4208,0.002051,Degraded
8822,50.3297,0.9919,1.7914,0.9901,237.1875,0.4216,0.002484,Degraded
8823,50.9781,0.9906,1.7905,0.9911,236.4783,0.4229,0.002904,Degraded
8824,50.5451,0.9908,1.7905,0.9917,235.9658,0.4238,0.002702,Degraded
8825,52.8524,0.9922,1.7918,0.9949,237.1368,0.4217,0.002872,Degraded
8826,51.0579,0.9916,1.7898,0.9926,236.3115,0.4232,0.002535,Degraded
8827,50.3497,0.9926,1.7908,0.9928,238.5713,0.4192,0.002813,Degraded
8828,50.8968,0.9922,1.7905,0.9925,236.4687,0.4229,0.002708,Degraded
8829,51.2656,0.9902,1.7916,0.9935,236.3823,0.423,0.002626,Degraded
8830,49.9844,0.9897,1.79,0.9937,237.1734,0.4216,0.003045,Degraded
8831,50.9264,0.9912,1.7915,0.9919,237.4762,0.4211,0.002736,Degraded
8832,50.1397,0.9915,1.7919,0.9916,237.5978,0.4209,0.00257,Degraded
8833,48.4431,0.9921,1.7925,0.9918,235.4137,0.4248,0.002925,Degraded
8834,50.4073,0.9925,1.7894,0.9943,237.6077,0.4209,0.002768,Degraded
8835,49.2996,0.9908,1.7922,0.9912,236.3296,0.4231,0.00274,Degraded
8836,49.9776,0.9925,1.7923,0.9932,237.0932,0.4218,0.002553,Degraded
8837,51.3784,0.9906,1.791,0.9924,237.8929,0.4204,0.002903,Degraded
8838,50.1056,0.9925,1.7904,0.9948,237.9998,0.4202,0.0031,Degraded
8839,51.1446,0.9909,1.7909,0.9933,235.9303,0.4239,0.00218,Degraded
8840,50.5923,0.9912,1.7917,0.9933,236.8527,0.4222,0.002896,Degraded
8841,50.2157,0.9905,1.7933,0.9897,237.6337,0.4208,0.002775,Degraded
8842,50.9145,0.9921,1.7919,0.9915,235.9579,0.4238,0.002566,Degraded
8843,49.2204,0.9911,1.7918,0.9941,236.7979,0.4223,0.002513,Degraded
8844,51.0984,0.9911,1.7919,0.9929,237.4456,0.4211,0.002611,Degraded
8845,51.9532,0.9913,1.7906,0.9926,237.3141,0.4214,0.002409,Degraded
8846,50.8192,0.9922,1.7917,0.9918,236.98,0.422,0.002395,Degraded
8847,51.0738,0.9925,1.7912,0.9918,236.5767,0.4227,0.002703,Degraded
8848,51.8001,0.9922,1.7901,0.9926,237.0429,0.4219,0.002543,Degraded
8849,51.3269,0.9898,1.7914,0.9939,236.7697,0.4224,0.0027,Degraded
8850,51.6054,0.9907,1.7918,0.9929,235.9985,0.4237,0.002845,Degraded
8851,52.0525,0.9923,1.7921,0.9934,237.0139,0.4219,0.002647,Degraded
8852,50.4035,0.9891,1.7896,0.9929,235.7009,0.4243,0.002748,Degraded
8853,52.3333,0.9879,1.7902,0.9951,237.3879,0.4213,0.002644,Degraded
8854,50.5117,0.9917,1.7921,0.9916,237.9124,0.4203,0.002746,Degraded
8855,51.6895,0.9922,1.7915,0.9934,237.1317,0.4217,0.002595,Degraded
8856,51.4596,0.9909,1.7911,0.9945,236.6872,0.4225,0.00275,Degraded
8857,50.8028,0.9908,1.7931,0.9914,236.7562,0.4224,0.002427,Degraded
8858,51.9479,0.9911,1.7907,0.9911,237.974,0.4202,0.002402,Degraded
8859,51.3356,0.9921,1.7933,0.9924,236.0271,0.4237,0.002582,Degraded
8860,50.4773,0.9893,1.7928,0.9925,236.5823,0.4227,0.002793,Degraded
8861,52.0587,0.99,1.7915,0.9917,236.9754,0.422,0.002727,Degraded
8862,50.5732,0.9914,1.7914,0.9928,236.5433,0.4228,0.002396,Degraded
8863,50.0808,0.9905,1.7901,0.9923,236.6446,0.4226,0.002687,Degraded
8864,51.4045,0.9913,1.7913,0.9934,235.9705,0.4238,0.002503,Degraded
8865,50.6584,0.9904,1.7894,0.9935,235.9038,0.4239,0.003032,Degraded
8866,51.0911,0.9896,1.7918,0.9929,236.9338,0.4221,0.00257,Degraded
8867,50.2156,0.9897,1.7899,0.9915,236.4136,0.423,0.00266,Degraded
8868,49.7247,0.992,1.7913,0.9953,236.3739,0.4231,0.003117,Degraded
8869,51.561,0.9892,1.7899,0.9932,235.2984,0.425,0.002491,Degraded
8870,49.6921,0.9933,1.7922,0.9926,237.9049,0.4203,0.002923,Degraded
8871,52.0161,0.9906,1.7908,0.9918,236.6025,0.4226,0.002509,Degraded
8872,50.1103,0.9923,1.7918,0.992,237.4484,0.4211,0.002733,Degraded
8873,50.7191,0.9927,1.7914,0.9947,237.1432,0.4217,0.002802,Degraded
8874,50.1125,0.9906,1.7926,0.9941,236.4023,0.423,0.002402,Degraded
8875,52.3028,0.9922,1.79,0.9918,238.1543,0.4199,0.002571,Degraded
8876,50.5849,0.9904,1.7915,0.9915,236.8761,0.4222,0.002391,Degraded
8877,49.8588,0.9898,1.7898,0.9936,237.2627,0.4215,0.002641,Degraded
8878,50.4752,0.9925,1.7918,0.9917,236.9634,0.422,0.002733,Degraded
8879,51.557,0.9939,1.7903,0.9935,237.8783,0.4204,0.003017,Degraded
8880,51.1284,0.9898,1.7893,0.9937,236.954,0.422,0.0027,Degraded
8881,51.2119,0.9921,1.7917,0.9933,236.2036,0.4234,0.002882,Degraded
8882,50.5258,0.9921,1.7907,0.9935,238.0879,0.42,0.002807,Degraded
8883,52.1225,0.9907,1.7912,0.9925,235.3477,0.4249,0.002889,Degraded
8884,51.4463,0.9916,1.7923,0.9918,235.5737,0.4245,0.002923,Degraded
8885,50.9367,0.9913,1.7896,0.9944,237.2095,0.4216,0.00256,Degraded
8886,52.6634,0.9898,1.7908,0.9939,237.5936,0.4209,0.002377,Degraded
8887,50.7699,0.9919,1.7926,0.9943,237.2298,0.4215,0.002694,Degraded
8888,50.8549,0.9916,1.7925,0.9927,236.4495,0.4229,0.002905,Degraded
8889,51.8495,0.9906,1.7898,0.9912,236.7706,0.4223,0.002456,Degraded
8890,51.719,0.9894,1.7927,0.9926,236.026,0.4237,0.002569,Degraded
8891,50.312,0.9926,1.7918,0.993,235.7012,0.4243,0.002666,Degraded
8892,50.3891,0.9885,1.7904,0.9935,236.3211,0.4232,0.002649,Degraded
8893,51.8402,0.992,1.7931,0.9907,235.9867,0.4238,0.00286,Degraded
8894,51.3543,0.9912,1.7905,0.9931,236.7941,0.4223,0.002308,Degraded
8895,51.1819,0.9906,1.7919,0.9932,238.2222,0.4198,0.002678,Degraded
8896,50.1398,0.9886,1.7902,0.9933,237.1623,0.4217,0.002558,Degraded
8897,50.6705,0.9912,1.7915,0.9939,236.1844,0.4234,0.002531,Degraded
8898,52.6362,0.9929,1.7906,0.994,238.4168,0.4194,0.002943,Degraded
8899,50.4079,0.9912,1.7893,0.9919,236.6393,0.4226,0.002724,Degraded
8900,50.4656,0.9883,1.7913,0.9936,237.2629,0.4215,0.002639,Degraded
8901,50.9137,0.9913,1.7915,0.9928,234.7901,0.4259,0.00296,Degraded
8902,50.6521,0.9899,1.7907,0.993,236.1597,0.4234,0.002573,Degraded
8903,50.7657,0.9915,1.7903,0.9932,235.5413,0.4246,0.003082,Degraded
8904,51.8851,0.9908,1.7914,0.9917,237.0935,0.4218,0.00285,Degraded
8905,51.2421,0.992,1.7911,0.9928,236.1146,0.4235,0.002793,Degraded
8906,50.3616,0.9915,1.7914,0.9942,237.1078,0.4217,0.00233,Degraded
8907,50.5018,0.9904,1.7904,0.9938,234.8768,0.4258,0.002967,Degraded
8908,51.8332,0.9913,1.7914,0.9929,236.7649,0.4224,0.002908,Degraded
8909,50.8572,0.9917,1.7902,0.9934,236.4183,0.423,0.002768,Degraded
8910,50.3463,0.9915,1.791,0.9944,236.8422,0.4222,0.002782,Degraded
8911,50.6866,0.9914,1.7916,0.9925,236.2877,0.4232,0.002522,Degraded
8912,50.9808,0.9904,1.7914,0.9921,236.534,0.4228,0.002494,Degraded
8913,51.9589,0.9911,1.7911,0.9935,238.0507,0.4201,0.0027,Degraded
8914,49.8525,0.9923,1.7897,0.9924,237.583,0.4209,0.002617,Degraded
8915,50.5892,0.9914,1.7911,0.9922,237.3296,0.4214,0.00293,Degraded
8916,52.1591,0.9916,1.7904,0.9916,234.7725,0.4259,0.002891,Degraded
8917,51.2063,0.9907,1.7891,0.9917,235.2121,0.4251,0.002973,Degraded
8918,51.561,0.9898,1.7927,0.9921,236.9024,0.4221,0.002756,Degraded
8919,50.9791,0.9908,1.7911,0.9926,236.8208,0.4223,0.002743,Degraded
8920,50.6366,0.9922,1.7902,0.9933,236.3485,0.4231,0.002512,Degraded
8921,50.8359,0.9904,1.7917,0.9928,237.7139,0.4207,0.002496,Degraded
8922,49.3021,0.9915,1.7928,0.9934,235.8631,0.424,0.002482,Degraded
8923,52.6821,0.9907,1.7901,0.9941,236.4977,0.4228,0.002281,Degraded
8924,52.7295,0.9917,1.7896,0.9943,235.7757,0.4241,0.002466,Degraded
8925,50.3516,0.993,1.7931,0.9923,237.977,0.4202,0.00223,Degraded
8926,51.798,0.9924,1.7926,0.9929,237.0639,0.4218,0.002544,Degraded
8927,51.0887,0.9909,1.7909,0.994,236.7815,0.4223,0.003027,Degraded
8928,51.2688,0.9933,1.7923,0.9928,236.7477,0.4224,0.00252,Degraded
8929,51.2004,0.9901,1.7924,0.9925,236.891,0.4221,0.002232,Degraded
8930,50.8603,0.9907,1.792,0.9934,237.4196,0.4212,0.002778,Degraded
8931,52.0602,0.9915,1.7897,0.9928,236.5725,0.4227,0.002036,Degraded
8932,50.2644,0.9931,1.7908,0.9927,234.8593,0.4258,0.00242,Degraded
8933,51.4669,0.9906,1.79,0.9942,236.0396,0.4237,0.00243,Degraded
8934,51.1136,0.9903,1.7902,0.9928,236.0841,0.4236,0.002357,Degraded
8935,51.5299,0.9919,1.7908,0.9935,236.3024,0.4232,0.002309,Degraded
8936,51.8019,0.991,1.7912,0.9927,236.4507,0.4229,0.002719,Degraded
8937,51.2156,0.9923,1.7915,0.994,237.8001,0.4205,0.002369,Degraded
8938,52.1097,0.9917,1.7916,0.9938,236.3812,0.423,0.002812,Degraded
8939,50.244,0.9896,1.7916,0.9928,236.5892,0.4227,0.002532,Degraded
8940,51.4049,0.9906,1.791,0.9924,235.9484,0.4238,0.002651,Degraded
8941,52.0423,0.9906,1.7909,0.9926,236.0788,0.4236,0.002938,Degraded
8942,50.0063,0.991,1.7902,0.9934,236.6941,0.4225,0.002929,Degraded
8943,51.685,0.9911,1.7918,0.9937,235.8555,0.424,0.002848,Degraded
8944,51.337,0.9915,1.7906,0.992,235.7566,0.4242,0.002012,Degraded
8945,50.5335,0.9935,1.7919,0.9932,237.3513,0.4213,0.002641,Degraded
8946,50.7893,0.9908,1.7903,0.9922,236.5684,0.4227,0.002707,Degraded
8947,52.1656,0.9921,1.7896,0.9925,235.695,0.4243,0.002172,Degraded
8948,51.1762,0.9916,1.7911,0.9933,236.3102,0.4232,0.002489,Degraded
8949,50.8146,0.9924,1.7914,0.9913,236.6806,0.4225,0.002949,Degraded
8950,51.7191,0.9923,1.7896,0.993,236.2964,0.4232,0.002814,Degraded
8951,50.4325,0.9902,1.791,0.9919,236.781,0.4223,0.002287,Degraded
8952,52.0542,0.9883,1.792,0.9923,235.4124,0.4248,0.00273,Degraded
8953,51.8239,0.9922,1.7922,0.992,236.7344,0.4224,0.00234,Degraded
8954,51.1806,0.9914,1.7907,0.991,236.0939,0.4236,0.003078,Degraded
8955,51.4318,0.9906,1.7909,0.9932,235.3281,0.4249,0.002397,Degraded
8956,50.5319,0.9905,1.7928,0.9929,236.1525,0.4235,0.002708,Degraded
8957,49.5027,0.9901,1.7903,0.9918,237.5521,0.421,0.002829,Degraded
8958,50.156,0.9898,1.7898,0.9926,236.7231,0.4224,0.002781,Degraded
8959,50.3147,0.9909,1.791,0.994,237.1809,0.4216,0.002411,Degraded
8960,49.621,0.9909,1.7904,0.9919,235.9549,0.4238,0.002814,Degraded
8961,49.9269,0.9929,1.7903,0.9935,236.0233,0.4237,0.002395,Degraded
8962,51.0148,0.9898,1.7912,0.9928,236.0013,0.4237,0.002729,Degraded
8963,51.9645,0.9909,1.7903,0.9932,236.9088,0.4221,0.002642,Degraded
8964,52.234,0.9907,1.7925,0.9922,237.2343,0.4215,0.002655,Degraded
8965,51.3518,0.989,1.7932,0.9931,237.3659,0.4213,0.002424,Degraded
8966,51.2761,0.9909,1.79,0.9941,236.668,0.4225,0.002689,Degraded
8967,51.6404,0.9902,1.7912,0.9929,236.6568,0.4226,0.002906,Degraded
8968,50.8028,0.9905,1.7904,0.9922,237.4299,0.4212,0.002686,Degraded
8969,51.9624,0.9913,1.7902,0.9913,235.3849,0.4248,0.002523,Degraded
8970,51.9618,0.9923,1.7911,0.9938,236.101,0.4235,0.002575,Degraded
8971,51.7644,0.9912,1.7918,0.9929,236.2432,0.4233,0.002658,Degraded
8972,51.3953,0.9913,1.7901,0.9927,235.3256,0.4249,0.002632,Degraded
8973,50.4148,0.988,1.7932,0.992,235.7875,0.4241,0.003026,Degraded
8974,50.2156,0.9896,1.7908,0.9923,236.0275,0.4237,0.002519,Degraded
8975,51.0041,0.9927,1.7894,0.9937,237.7645,0.4206,0.002577,Degraded
8976,51.4579,0.9909,1.7893,0.994,236.5642,0.4227,0.002599,Degraded
8977,49.9413,0.9915,1.7912,0.9934,236.9787,0.422,0.00254,Degraded
8978,48.4245,0.9909,1.7908,0.993,237.7473,0.4206,0.002694,Degraded
8979,51.7163,0.9914,1.7896,0.9915,237.4544,0.4211,0.002528,Degraded
8980,51.4593,0.99,1.7918,0.9931,236.2917,0.4232,0.002837,Degraded
8981,51.3736,0.9903,1.791,0.9935,237.4147,0.4212,0.002679,Degraded
8982,52.5968,0.9903,1.7895,0.9914,236.519,0.4228,0.002707,Degraded
8983,51.2699,0.9903,1.7932,0.9943,235.6101,0.4244,0.002685,Degraded
8984,51.2106,0.9917,1.7895,0.9911,235.5489,0.4245,0.003006,Degraded
8985,50.6492,0.9918,1.7916,0.9926,237.1844,0.4216,0.00246,Degraded
8986,50.7977,0.9888,1.7911,0.992,238.2729,0.4197,0.002718,Degraded
8987,51.8321,0.9917,1.7909,0.9938,236.546,0.4228,0.002801,Degraded
8988,53.0648,0.9912,1.7905,0.9921,236.4515,0.4229,0.00273,Degraded
8989,51.2275,0.9894,1.7887,0.9918,236.5635,0.4227,0.002719,Degraded
8990,51.5456,0.9914,1.7905,0.9918,236.9319,0.4221,0.002752,Degraded
8991,50.3092,0.9916,1.792,0.9936,237.2851,0.4214,0.002557,Degraded
8992,51.867,0.9909,1.7931,0.9937,236.8555,0.4222,0.003051,Degraded
8993,50.7824,0.9916,1.7932,0.9936,236.6317,0.4226,0.002654,Degraded
8994,50.4146,0.9907,1.7902,0.9926,236.4208,0.423,0.002906,Degraded
8995,50.8641,0.9904,1.7919,0.9935,236.3127,0.4232,0.002829,Degraded
8996,50.9832,0.9908,1.7926,0.9927,236.1813,0.4234,0.002712,Degraded
8997,49.6223,0.9908,1.7913,0.9948,236.5784,0.4227,0.002797,Degraded
8998,51.4735,0.9933,1.792,0.9914,237.4863,0.4211,0.00252,Degraded
8999,50.6753,0.9897,1.7928,0.994,237.486,0.4211,0.002917,Degraded
9000,51.7526,0.9907,1.7912,0.9923,235.8189,0.4241,0.002582,Degraded
9001,53.0851,0.9906,1.792,0.9949,237.1231,0.4217,0.002553,Degraded
9002,50.6143,0.9911,1.7933,0.9942,236.9263,0.4221,0.00267,Degraded
9003,51.509,0.9912,1.7912,0.9919,235.7801,0.4241,0.002777,Degraded
9004,50.2795,0.9904,1.791,0.9931,237.3866,0.4213,0.002461,Degraded
9005,50.209,0.9923,1.7927,0.9918,235.8163,0.4241,0.002821,Degraded
9006,51.2498,0.9911,1.7902,0.9935,236.3013,0.4232,0.002658,Degraded
9007,50.3076,0.9918,1.7906,0.9927,237.4413,0.4212,0.002503,Degraded
9008,51.1451,0.9894,1.7905,0.9941,235.2549,0.4251,0.00276,Degraded
9009,52.499,0.9915,1.7904,0.9917,234.9428,0.4256,0.003025,Degraded
9010,50.8813,0.9892,1.79,0.9917,236.0889,0.4236,0.003191,Degraded
9011,51.9582,0.9915,1.7922,0.9946,236.906,0.4221,0.003002,Degraded
9012,50.709,0.9901,1.79,0.9931,234.3781,0.4267,0.002979,Degraded
9013,50.8285,0.9918,1.7896,0.9939,237.5868,0.4209,0.002734,Degraded
9014,51.6474,0.99,1.791,0.9938,236.2366,0.4233,0.003019,Degraded
9015,49.8004,0.9907,1.7891,0.9931,236.3071,0.4232,0.002679,Degraded
9016,51.8208,0.9907,1.7938,0.9936,236.5,0.4228,0.00258,Degraded
9017,50.502,0.9914,1.7905,0.9938,236.4087,0.423,0.002699,Degraded
9018,51.3241,0.9908,1.7913,0.9949,236.9057,0.4221,0.0028,Degraded
9019,51.8638,0.9909,1.79,0.9898,234.8308,0.4258,0.002865,Degraded
9020,51.531,0.9908,1.7933,0.9927,234.5806,0.4263,0.002866,Degraded
9021,52.1666,0.9917,1.7922,0.991,236.5442,0.4228,0.00255,Degraded
9022,51.6581,0.9925,1.7906,0.9934,235.7658,0.4241,0.002713,Degraded
9023,50.83,0.9928,1.7899,0.9929,237.5609,0.4209,0.002328,Degraded
9024,51.5882,0.9911,1.7903,0.994,237.8368,0.4205,0.002849,Degraded
9025,51.0076,0.9895,1.7912,0.9926,236.3881,0.423,0.002618,Degraded
9026,50.7789,0.991,1.7897,0.9938,235.8504,0.424,0.00274,Degraded
9027,50.9892,0.9916,1.7916,0.9933,235.5244,0.4246,0.00268,Degraded
9028,52.5322,0.9906,1.792,0.9928,236.2102,0.4234,0.002756,Degraded
9029,50.5864,0.9919,1.7901,0.9933,237.3194,0.4214,0.002804,Degraded
9030,50.7988,0.9912,1.7902,0.9926,236.0364,0.4237,0.002567,Degraded
9031,51.7603,0.992,1.792,0.993,237.6288,0.4208,0.002584,Degraded
9032,52.2857,0.9919,1.791,0.993,237.281,0.4214,0.002852,Degraded
9033,51.4686,0.9905,1.79,0.9929,235.535,0.4246,0.002866,Degraded
9034,49.8417,0.9913,1.7907,0.9923,236.2278,0.4233,0.002144,Degraded
9035,50.9095,0.9901,1.7901,0.9959,235.3364,0.4249,0.0028,Degraded
9036,50.6283,0.9901,1.7896,0.9939,237.4095,0.4212,0.002597,Degraded
9037,51.9963,0.9899,1.7906,0.9934,235.6435,0.4244,0.002573,Degraded
9038,51.288,0.991,1.7899,0.995,235.7679,0.4241,0.002912,Degraded
9039,51.7469,0.9902,1.7914,0.9919,236.4982,0.4228,0.002887,Degraded
9040,50.8254,0.9914,1.7904,0.9929,236.5249,0.4228,0.002649,Degraded
9041,49.8087,0.9917,1.7929,0.9929,235.9481,0.4238,0.002764,Degraded
9042,52.1924,0.9922,1.7919,0.9932,236.9772,0.422,0.002746,Degraded
9043,50.5126,0.9906,1.7906,0.9931,235.0243,0.4255,0.002825,Degraded
9044,49.6688,0.9914,1.7921,0.9937,235.7174,0.4242,0.002848,Degraded
9045,51.8445,0.9927,1.7913,0.9938,236.0828,0.4236,0.002553,Degraded
9046,51.9742,0.9918,1.7903,0.9916,236.5296,0.4228,0.002733,Degraded
9047,51.4717,0.9918,1.792,0.9928,235.6333,0.4244,0.002579,Degraded
9048,50.8091,0.9908,1.7904,0.9925,236.487,0.4229,0.002596,Degraded
9049,51.5458,0.9928,1.7908,0.9921,236.6718,0.4225,0.002566,Degraded
9050,51.1722,0.9903,1.7899,0.9919,235.8964,0.4239,0.002517,Degraded
9051,52.3149,0.9914,1.7919,0.9914,236.1883,0.4234,0.002809,Degraded
9052,52.6158,0.9902,1.7897,0.9929,235.883,0.4239,0.003067,Degraded
9053,51.729,0.9907,1.7907,0.9926,234.9608,0.4256,0.002734,Degraded
9054,50.9076,0.9916,1.79,0.9934,236.8534,0.4222,0.002758,Degraded
9055,52.302,0.9891,1.7914,0.9927,236.3582,0.4231,0.00253,Degraded
9056,50.1651,0.9918,1.7917,0.9946,237.9863,0.4202,0.002417,Degraded
9057,51.1789,0.9912,1.7919,0.9942,235.5912,0.4245,0.002619,Degraded
9058,52.4011,0.9893,1.7899,0.9932,238.0565,0.4201,0.002392,Degraded
9059,51.3539,0.9915,1.7924,0.9932,234.9382,0.4256,0.002471,Degraded
9060,52.4056,0.9914,1.7898,0.9932,236.6557,0.4226,0.002229,Degraded
9061,49.6302,0.9912,1.793,0.993,234.449,0.4265,0.002406,Degraded
9062,51.8122,0.9917,1.7907,0.9923,237.0421,0.4219,0.00295,Degraded
9063,51.8686,0.99,1.7918,0.9924,235.9242,0.4239,0.002601,Degraded
9064,51.3321,0.9915,1.7889,0.992,236.0353,0.4237,0.002936,Degraded
9065,50.6236,0.9906,1.7917,0.9928,237.629,0.4208,0.002699,Degraded
9066,52.8252,0.993,1.7914,0.9932,236.8482,0.4222,0.002893,Degraded
9067,51.4196,0.9921,1.7914,0.9941,235.2373,0.4251,0.002773,Degraded
9068,52.1348,0.9898,1.7914,0.9934,237.7803,0.4206,0.002662,Degraded
9069,51.4931,0.9904,1.7908,0.9944,236.3731,0.4231,0.002589,Degraded
9070,51.1798,0.9904,1.7905,0.9922,235.995,0.4237,0.002494,Degraded
9071,51.3832,0.99,1.7921,0.9924,236.7204,0.4224,0.002813,Degraded
9072,49.8605,0.9907,1.7926,0.992,238.2092,0.4198,0.00284,Degraded
9073,51.745,0.9912,1.792,0.9938,236.3756,0.4231,0.002646,Degraded
9074,50.1933,0.9917,1.791,0.9919,235.9246,0.4239,0.002719,Degraded
9075,50.5498,0.991,1.7893,0.9922,235.458,0.4247,0.002773,Degraded
9076,50.5545,0.9904,1.7932,0.9936,236.8665,0.4222,0.002992,Degraded
9077,51.7486,0.9895,1.7896,0.99,236.5461,0.4228,0.002521,Degraded
9078,50.8841,0.9906,1.7903,0.9927,236.1566,0.4234,0.002657,Degraded
9079,50.1038,0.9912,1.7931,0.993,238.1967,0.4198,0.00262,Degraded
9080,51.1418,0.9909,1.7908,0.9939,234.6273,0.4262,0.002643,Degraded
9081,52.6765,0.9904,1.7918,0.9933,236.3204,0.4232,0.002798,Degraded
9082,51.2792,0.9888,1.7914,0.9921,235.2756,0.425,0.002812,Degraded
9083,51.6062,0.9919,1.7907,0.9936,236.3925,0.423,0.002804,Degraded
9084,51.6934,0.9896,1.7913,0.9928,236.1571,0.4234,0.002758,Degraded
9085,53.3927,0.989,1.7908,0.9935,235.3756,0.4249,0.00281,Degraded
9086,51.5967,0.9893,1.7903,0.9945,235.0985,0.4254,0.002648,Degraded
9087,51.2245,0.9909,1.7905,0.9928,236.341,0.4231,0.002878,Degraded
9088,52.034,0.9914,1.7911,0.9912,236.4606,0.4229,0.002959,Degraded
9089,50.0716,0.9896,1.7924,0.9912,236.2843,0.4232,0.002626,Degraded
9090,52.5074,0.9912,1.7917,0.9928,237.9612,0.4202,0.002588,Degraded
9091,51.6386,0.9922,1.7924,0.9925,234.7434,0.426,0.00266,Degraded
9092,52.7605,0.9901,1.7912,0.9924,236.3042,0.4232,0.003,Degraded
9093,51.571,0.9929,1.7919,0.9929,236.2852,0.4232,0.002804,Degraded
9094,50.3827,0.9898,1.7917,0.9936,235.3006,0.425,0.00291,Degraded
9095,51.2304,0.9901,1.7906,0.9936,236.8445,0.4222,0.002798,Degraded
9096,51.6756,0.9898,1.7915,0.9923,237.973,0.4202,0.002663,Degraded
9097,53.1555,0.9907,1.7908,0.9924,235.348,0.4249,0.003004,Degraded
9098,51.4541,0.9915,1.7925,0.9926,236.2788,0.4232,0.002768,Degraded
9099,50.3519,0.9891,1.7894,0.994,236.0907,0.4236,0.002897,Degraded
9100,51.1732,0.9893,1.7918,0.9918,236.8139,0.4223,0.002925,Degraded
9101,51.3464,0.9914,1.7895,0.9956,236.7006,0.4225,0.002897,Degraded
9102,52.131,0.9908,1.791,0.9938,236.0528,0.4236,0.002819,Degraded
9103,51.7596,0.9902,1.7913,0.991,237.0799,0.4218,0.003055,Degraded
9104,52.1118,0.9924,1.7901,0.9925,236.4443,0.4229,0.002767,Degraded
9105,51.0392,0.99,1.7926,0.9919,237.6676,0.4208,0.002841,Degraded
9106,51.5532,0.9914,1.7924,0.9901,236.6283,0.4226,0.002772,Degraded
9107,51.5414,0.9918,1.7903,0.9916,235.2321,0.4251,0.002561,Degraded
9108,51.9444,0.9914,1.7918,0.9923,236.0057,0.4237,0.003073,Degraded
9109,52.212,0.9916,1.7891,0.9947,236.2629,0.4233,0.002777,Degraded
9110,51.7561,0.9911,1.7907,0.9929,236.8442,0.4222,0.002913,Degraded
9111,52.3756,0.9898,1.7903,0.9936,235.0773,0.4254,0.002776,Degraded
9112,50.7728,0.9914,1.79,0.9924,236.0997,0.4235,0.002793,Degraded
9113,52.1701,0.9919,1.7911,0.9916,238.3942,0.4195,0.002727,Degraded
9114,51.6242,0.9911,1.7912,0.9919,236.6799,0.4225,0.003109,Degraded
9115,49.7996,0.9909,1.7898,0.9937,237.2404,0.4215,0.002719,Degraded
9116,51.4575,0.99,1.7885,0.9924,236.155,0.4235,0.002753,Degraded
9117,48.7878,0.9892,1.7894,0.9928,236.7927,0.4223,0.002513,Degraded
9118,51.1917,0.9903,1.7929,0.9923,235.9814,0.4238,0.002582,Degraded
9119,49.8934,0.9915,1.7906,0.9923,236.4674,0.4229,0.00243,Degraded
9120,52.8325,0.9891,1.7927,0.9927,236.011,0.4237,0.00288,Degraded
9121,51.1407,0.9918,1.7912,0.9934,237.1506,0.4217,0.002711,Degraded
9122,52.1913,0.9914,1.7922,0.9923,237.4096,0.4212,0.002592,Degraded
9123,49.8158,0.9895,1.7905,0.993,236.3283,0.4231,0.002904,Degraded
9124,50.4627,0.9926,1.7922,0.9936,237.3261,0.4214,0.002437,Degraded
9125,51.9841,0.9916,1.7918,0.9935,236.6681,0.4225,0.002828,Degraded
9126,52.3807,0.9903,1.7912,0.9921,236.1893,0.4234,0.002213,Degraded
9127,50.7322,0.9904,1.7904,0.9924,235.3615,0.4249,0.002682,Degraded
9128,52.2987,0.9906,1.7922,0.9939,235.8384,0.424,0.002862,Degraded
9129,50.3818,0.9898,1.791,0.9932,237.5972,0.4209,0.002716,Degraded
9130,51.5744,0.991,1.7927,0.994,236.6127,0.4226,0.002908,Degraded
9131,51.7156,0.9919,1.7917,0.9924,236.3831,0.423,0.002782,Degraded
9132,51.5591,0.9904,1.7912,0.9922,235.8338,0.424,0.002726,Degraded
9133,51.655,0.9921,1.7916,0.9938,237.7186,0.4207,0.002633,Degraded
9134,52.0102,0.9916,1.7911,0.9936,236.369,0.4231,0.002884,Degraded
9135,50.3098,0.9909,1.7916,0.9937,235.6088,0.4244,0.002734,Degraded
9136,50.5943,0.9905,1.7912,0.9937,237.019,0.4219,0.002795,Degraded
9137,50.9259,0.9907,1.7934,0.9913,235.3283,0.4249,0.002786,Degraded
9138,52.0138,0.9917,1.7912,0.9912,236.1173,0.4235,0.002398,Degraded
9139,51.7662,0.9913,1.7907,0.9915,235.6363,0.4244,0.002427,Degraded
9140,51.4109,0.994,1.7908,0.9923,236.4635,0.4229,0.002522,Degraded
9141,50.5611,0.9902,1.7917,0.993,236.161,0.4234,0.002902,Degraded
9142,52.8225,0.9916,1.7898,0.9908,234.8915,0.4257,0.002926,Degraded
9143,50.8512,0.9917,1.7904,0.9931,236.8464,0.4222,0.002596,Degraded
9144,52.1174,0.9902,1.7902,0.9935,236.7897,0.4223,0.002845,Degraded
9145,50.5788,0.9905,1.7915,0.995,237.7314,0.4206,0.00266,Degraded
9146,50.9355,0.9926,1.7915,0.9922,236.3823,0.423,0.002504,Degraded
9147,52.2718,0.9923,1.7924,0.9938,236.0232,0.4237,0.002933,Degraded
9148,52.635,0.9918,1.7917,0.9929,235.5533,0.4245,0.003125,Degraded
9149,51.4389,0.9921,1.7933,0.9936,237.2164,0.4216,0.002568,Degraded
9150,50.8881,0.9921,1.7903,0.9913,234.9464,0.4256,0.002712,Degraded
9151,51.2884,0.9918,1.7899,0.9941,235.3034,0.425,0.002518,Degraded
9152,51.5844,0.9909,1.7914,0.9915,236.5545,0.4227,0.00242,Degraded
9153,49.7193,0.9927,1.7919,0.9927,234.6524,0.4262,0.002664,Degraded
9154,51.8362,0.9904,1.7924,0.9933,235.5305,0.4246,0.002437,Degraded
9155,52.1787,0.9917,1.7916,0.9944,236.6336,0.4226,0.002775,Degraded
9156,52.0924,0.9921,1.7915,0.9927,237.0406,0.4219,0.002776,Degraded
9157,51.0923,0.991,1.7905,0.9926,235.5876,0.4245,0.002957,Degraded
9158,51.6555,0.9916,1.7913,0.9918,237.3215,0.4214,0.002712,Degraded
9159,51.1973,0.9911,1.7911,0.9953,236.7387,0.4224,0.002661,Degraded
9160,53.0064,0.9892,1.7904,0.9921,236.2566,0.4233,0.002827,Degraded
9161,51.8383,0.9913,1.7915,0.9926,237.2902,0.4214,0.002436,Degraded
9162,49.4498,0.9916,1.7905,0.9944,237.0911,0.4218,0.002876,Degraded
9163,51.104,0.9915,1.7904,0.9927,235.9945,0.4237,0.002811,Degraded
9164,51.2945,0.9918,1.7913,0.9922,235.8961,0.4239,0.002505,Degraded
9165,49.9352,0.9918,1.7905,0.9915,236.6081,0.4226,0.002615,Degraded
9166,51.4434,0.9895,1.7915,0.9928,236.6508,0.4226,0.002674,Degraded
9167,51.6983,0.9894,1.7931,0.9931,237.6155,0.4208,0.002707,Degraded
9168,50.6625,0.9903,1.7908,0.9925,237.7372,0.4206,0.002589,Degraded
9169,51.0204,0.9915,1.7892,0.9926,236.3599,0.4231,0.002847,Degraded
9170,51.7851,0.9928,1.7899,0.992,236.7326,0.4224,0.002806,Degraded
9171,51.7888,0.9894,1.793,0.9931,234.9778,0.4256,0.002884,Degraded
9172,50.6269,0.9918,1.7895,0.9937,235.2654,0.4251,0.002567,Degraded
9173,51.6215,0.9902,1.7903,0.9911,235.9767,0.4238,0.002939,Degraded
9174,53.0159,0.9917,1.7915,0.991,236.216,0.4233,0.002632,Degraded
9175,50.3064,0.9896,1.7915,0.9921,235.0575,0.4254,0.002635,Degraded
9176,51.7484,0.9901,1.7896,0.9917,236.9436,0.422,0.002347,Degraded
9177,51.3042,0.9907,1.7901,0.9917,237.0212,0.4219,0.002959,Degraded
9178,51.6047,0.9903,1.7909,0.9931,236.1435,0.4235,0.00285,Degraded
9179,51.2393,0.9877,1.7906,0.9933,236.256,0.4233,0.002832,Degraded
9180,51.3069,0.9906,1.791,0.9946,236.9038,0.4221,0.002906,Degraded
9181,51.6896,0.9895,1.792,0.9936,236.5212,0.4228,0.002756,Degraded
9182,51.9643,0.9906,1.7915,0.9918,234.699,0.4261,0.002524,Degraded
9183,51.6422,0.9905,1.7907,0.9914,236.467,0.4229,0.002558,Degraded
9184,51.9285,0.9894,1.79,0.9917,236.683,0.4225,0.002673,Degraded
9185,51.8728,0.992,1.7926,0.9929,235.3409,0.4249,0.003016,Degraded
9186,52.7439,0.9908,1.7921,0.993,234.8937,0.4257,0.00264,Degraded
9187,51.1325,0.9904,1.7899,0.9917,237.2962,0.4214,0.002419,Degraded
9188,50.9592,0.9914,1.7903,0.993,235.8969,0.4239,0.002854,Degraded
9189,50.7098,0.989,1.7904,0.9909,236.163,0.4234,0.002539,Degraded
9190,50.6422,0.9923,1.7911,0.9911,236.1764,0.4234,0.002738,Degraded
9191,49.889,0.9912,1.7918,0.9922,235.9798,0.4238,0.002656,Degraded
9192,51.854,0.9906,1.7906,0.9918,237.8451,0.4204,0.002716,Degraded
9193,52.1079,0.9911,1.7882,0.9923,235.2881,0.425,0.002963,Degraded
9194,50.5361,0.9913,1.7918,0.9929,236.212,0.4233,0.002689,Degraded
9195,51.4522,0.9895,1.791,0.9937,235.5096,0.4246,0.002772,Degraded
9196,51.47,0.9911,1.7903,0.9911,235.3098,0.425,0.002305,Degraded
9197,52.1754,0.9912,1.7908,0.9919,236.0748,0.4236,0.002763,Degraded
9198,51.1394,0.9903,1.7921,0.9914,236.9973,0.4219,0.002446,Degraded
9199,52.8444,0.9884,1.7913,0.992,236.0679,0.4236,0.002743,Degraded
9200,52.0445,0.9888,1.7908,0.9928,235.671,0.4243,0.002748,Degraded
9201,51.0305,0.9914,1.7912,0.9929,236.7284,0.4224,0.00302,Degraded
9202,50.7704,0.993,1.7912,0.9921,238.0367,0.4201,0.002688,Degraded
9203,50.5965,0.9903,1.7902,0.9937,236.1053,0.4235,0.002791,Degraded
9204,51.6181,0.992,1.7905,0.9924,235.6431,0.4244,0.002687,Degraded
9205,51.9891,0.9915,1.7925,0.9925,235.9815,0.4238,0.002851,Degraded
9206,51.1957,0.9902,1.7911,0.9922,235.9594,0.4238,0.002893,Degraded
9207,51.8207,0.9928,1.7917,0.9919,235.8697,0.424,0.002498,Degraded
9208,50.796,0.9921,1.7905,0.9912,234.6302,0.4262,0.002478,Degraded
9209,50.9342,0.9908,1.7904,0.9933,235.4378,0.4247,0.003018,Degraded
9210,51.4689,0.9912,1.7903,0.9936,235.1232,0.4253,0.002526,Degraded
9211,50.8042,0.992,1.7906,0.9917,236.0264,0.4237,0.002808,Degraded
9212,50.72,0.9909,1.7907,0.9921,235.1689,0.4252,0.002951,Degraded
9213,51.2084,0.9879,1.7911,0.993,236.9268,0.4221,0.002857,Degraded
9214,51.6959,0.9903,1.7903,0.9933,236.0536,0.4236,0.002487,Degraded
9215,51.3116,0.9907,1.7888,0.9934,236.178,0.4234,0.002502,Degraded
9216,51.3508,0.9907,1.7917,0.9935,237.0385,0.4219,0.00285,Degraded
9217,51.0678,0.9899,1.7901,0.9926,236.1544,0.4235,0.002981,Degraded
9218,51.3889,0.9888,1.7896,0.9916,235.3916,0.4248,0.002214,Degraded
9219,52.8498,0.9886,1.7902,0.9933,236.6432,0.4226,0.002482,Degraded
9220,52.5614,0.9918,1.7906,0.9927,235.439,0.4247,0.002826,Degraded
9221,51.7787,0.9903,1.7914,0.993,238.7391,0.4189,0.002596,Degraded
9222,52.6659,0.9899,1.7913,0.99,235.7571,0.4242,0.002871,Degraded
9223,51.7933,0.9888,1.7904,0.9941,236.9887,0.422,0.002969,Degraded
9224,53.485,0.989,1.7904,0.9927,235.5791,0.4245,0.002802,Degraded
9225,52.6458,0.9909,1.7886,0.9933,236.1505,0.4235,0.002342,Degraded
9226,51.1144,0.989,1.7905,0.9921,234.9409,0.4256,0.002828,Degraded
9227,50.7425,0.9921,1.7909,0.9924,237.1628,0.4217,0.00283,Degraded
9228,51.8877,0.9907,1.7905,0.993,237.3772,0.4213,0.002094,Degraded
9229,53.1068,0.9898,1.791,0.9909,237.3497,0.4213,0.002502,Degraded
9230,52.5119,0.9905,1.7906,0.9914,237.1303,0.4217,0.00275,Degraded
9231,52.1899,0.9887,1.7899,0.9929,234.8912,0.4257,0.002852,Degraded
9232,51.0881,0.99,1.7913,0.9928,235.2528,0.4251,0.003004,Degraded
9233,52.0238,0.9888,1.7905,0.993,236.0616,0.4236,0.002115,Degraded
9234,51.672,0.9915,1.7907,0.9927,236.9649,0.422,0.002463,Degraded
9235,52.2121,0.9911,1.7891,0.9933,237.5925,0.4209,0.002847,Degraded
9236,52.0684,0.9897,1.7901,0.9916,236.4627,0.4229,0.002677,Degraded
9237,51.1628,0.9915,1.7924,0.9925,234.8846,0.4257,0.002789,Degraded
9238,51.7816,0.9916,1.7904,0.9935,236.7251,0.4224,0.002722,Degraded
9239,52.2864,0.9917,1.7897,0.9936,236.0455,0.4236,0.002732,Degraded
9240,51.5456,0.992,1.792,0.9931,236.3557,0.4231,0.002761,Degraded
9241,53.7926,0.9901,1.7903,0.9929,235.4132,0.4248,0.002992,Degraded
9242,50.4585,0.99,1.7904,0.9916,236.9698,0.422,0.00252,Degraded
9243,50.8669,0.9901,1.7916,0.9941,236.5534,0.4227,0.00252,Degraded
9244,51.143,0.9923,1.7908,0.9912,237.8892,0.4204,0.002669,Degraded
9245,51.5838,0.9901,1.7898,0.9939,236.2895,0.4232,0.002847,Degraded
9246,50.6192,0.9905,1.7901,0.9918,236.5048,0.4228,0.002716,Degraded
9247,52.1987,0.9915,1.7903,0.9931,235.7597,0.4242,0.002627,Degraded
9248,50.7982,0.9908,1.79,0.994,237.4288,0.4212,0.002879,Degraded
9249,51.843,0.9908,1.7931,0.9946,235.9628,0.4238,0.002745,Degraded
9250,51.9115,0.9896,1.789,0.9913,235.8836,0.4239,0.002596,Degraded
9251,52.8157,0.9893,1.7894,0.9908,235.6073,0.4244,0.002706,Degraded
9252,51.59,0.9907,1.7901,0.9915,236.4571,0.4229,0.002606,Degraded
9253,52.2803,0.9893,1.79,0.9946,237.8634,0.4204,0.002514,Degraded
9254,52.6232,0.9924,1.7918,0.9925,234.5751,0.4263,0.002803,Degraded
9255,51.9882,0.991,1.7912,0.9918,235.7304,0.4242,0.002308,Degraded
9256,52.373,0.9898,1.7905,0.9928,235.6675,0.4243,0.002572,Degraded
9257,51.8673,0.989,1.7915,0.9933,235.6747,0.4243,0.002688,Degraded
9258,50.8742,0.9904,1.7905,0.9923,237.2719,0.4215,0.002438,Degraded
9259,50.9398,0.9915,1.7928,0.9917,236.9212,0.4221,0.002558,Degraded
9260,51.3565,0.9908,1.79,0.9922,235.0191,0.4255,0.002923,Degraded
9261,50.9514,0.9901,1.79,0.9919,236.2241,0.4233,0.002801,Degraded
9262,53.6865,0.9905,1.7906,0.9939,236.2869,0.4232,0.002769,Degraded
9263,51.5666,0.9909,1.7917,0.9939,236.9307,0.4221,0.002882,Degraded
9264,51.8438,0.9928,1.7903,0.9933,237.0434,0.4219,0.002998,Degraded
9265,51.0671,0.9936,1.7924,0.9936,235.2974,0.425,0.002985,Degraded
9266,49.8297,0.9905,1.7908,0.9921,237.3676,0.4213,0.002811,Degraded
9267,50.9116,0.9915,1.7911,0.9908,237.1699,0.4216,0.00281,Degraded
9268,52.4706,0.9911,1.7904,0.993,236.0174,0.4237,0.002849,Degraded
9269,52.1652,0.9909,1.7912,0.9922,235.6394,0.4244,0.002946,Degraded
9270,52.8461,0.9902,1.791,0.9912,237.5388,0.421,0.00302,Degraded
9271,51.2208,0.9904,1.7919,0.9928,236.5997,0.4227,0.002594,Degraded
9272,52.1511,0.9906,1.791,0.9922,235.9232,0.4239,0.002812,Degraded
9273,51.2233,0.993,1.7897,0.9931,236.3327,0.4231,0.002944,Degraded
9274,49.6928,0.989,1.7902,0.9935,235.8778,0.4239,0.002731,Degraded
9275,51.7076,0.9899,1.7912,0.9928,236.4894,0.4229,0.003096,Degraded
9276,51.5127,0.9908,1.7897,0.9913,236.0801,0.4236,0.002813,Degraded
9277,52.2501,0.9913,1.791,0.9943,235.8348,0.424,0.002755,Degraded
9278,51.927,0.9895,1.7914,0.9926,236.1552,0.4235,0.002902,Degraded
9279,52.0029,0.9911,1.7903,0.9941,234.9118,0.4257,0.002657,Degraded
9280,51.262,0.99,1.789,0.9942,236.594,0.4227,0.002668,Degraded
9281,52.2635,0.9906,1.7904,0.9916,236.0923,0.4236,0.002668,Degraded
9282,50.9299,0.9917,1.7899,0.994,235.5053,0.4246,0.002494,Degraded
9283,52.1294,0.9903,1.7891,0.9928,235.0308,0.4255,0.002397,Degraded
9284,52.2528,0.9922,1.7903,0.9938,236.7156,0.4224,0.002929,Degraded
9285,51.5772,0.9901,1.7911,0.9932,235.064,0.4254,0.002731,Degraded
9286,51.5633,0.9904,1.79,0.9912,235.8276,0.424,0.00274,Degraded
9287,51.3384,0.9914,1.7893,0.9929,234.6345,0.4262,0.002783,Degraded
9288,49.9139,0.9898,1.7907,0.9911,234.9332,0.4257,0.002993,Degraded
9289,50.4437,0.9906,1.7922,0.9927,236.0897,0.4236,0.002654,Degraded
9290,51.1539,0.9905,1.7887,0.9936,236.2311,0.4233,0.002447,Degraded
9291,52.5446,0.9914,1.7911,0.9948,236.1406,0.4235,0.003103,Degraded
9292,51.746,0.9912,1.7902,0.9907,234.6007,0.4263,0.002781,Degraded
9293,51.5376,0.9895,1.7904,0.993,237.0932,0.4218,0.002659,Degraded
9294,52.0435,0.9924,1.7915,0.9918,236.1401,0.4235,0.002835,Degraded
9295,52.241,0.9907,1.7912,0.9936,235.216,0.4251,0.002534,Degraded
9296,52.2199,0.9906,1.7916,0.9937,234.5757,0.4263,0.002631,Degraded
9297,51.6345,0.9897,1.7902,0.9913,235.7036,0.4243,0.002606,Degraded
9298,52.0121,0.9916,1.7911,0.9952,236.8041,0.4223,0.00298,Degraded
9299,51.6725,0.9904,1.792,0.9923,236.0794,0.4236,0.002765,Degraded
9300,52.172,0.9916,1.7918,0.9923,236.1957,0.4234,0.002866,Degraded
9301,52.9132,0.9889,1.7907,0.9919,235.6225,0.4244,0.00263,Degraded
9302,52.1749,0.9882,1.7906,0.9907,235.493,0.4246,0.002758,Degraded
9303,51.4209,0.9914,1.7919,0.9945,236.0395,0.4237,0.003033,Degraded
9304,52.9184,0.9902,1.7919,0.9904,236.2822,0.4232,0.003122,Degraded
9305,51.8285,0.9905,1.7905,0.994,234.7692,0.426,0.002723,Degraded
9306,52.4247,0.991,1.7919,0.9932,235.6635,0.4243,0.002918,Degraded
9307,50.6969,0.9887,1.7901,0.9926,235.3902,0.4248,0.002837,Degraded
9308,51.8012,0.9888,1.7902,0.9935,236.4272,0.423,0.002663,Degraded
9309,52.2513,0.9924,1.7903,0.9933,236.5034,0.4228,0.002707,Degraded
9310,50.8518,0.9923,1.7918,0.9923,237.0058,0.4219,0.002914,Degraded
9311,52.7248,0.9889,1.7903,0.9941,238.1551,0.4199,0.002725,Degraded
9312,51.4359,0.9914,1.791,0.9931,234.3022,0.4268,0.002756,Degraded
9313,52.4077,0.9883,1.7891,0.9908,236.5511,0.4227,0.002618,Degraded
9314,50.8044,0.9907,1.7894,0.993,237.9601,0.4202,0.00273,Degraded
9315,50.2126,0.9902,1.7912,0.9929,236.6983,0.4225,0.002686,Degraded
9316,51.5448,0.9882,1.7913,0.9912,236.186,0.4234,0.002631,Degraded
9317,51.7011,0.9916,1.7902,0.9918,236.0266,0.4237,0.002677,Degraded
9318,51.0189,0.9925,1.7888,0.9932,235.9145,0.4239,0.00264,Degraded
9319,52.0521,0.9907,1.792,0.9914,235.6086,0.4244,0.003008,Degraded
9320,51.612,0.9912,1.7919,0.9931,235.5311,0.4246,0.002736,Degraded
9321,52.7564,0.9908,1.7905,0.9929,234.9911,0.4255,0.002759,Degraded
9322,51.7168,0.9906,1.7903,0.9922,235.9258,0.4239,0.003099,Degraded
9323,50.0189,0.9914,1.7906,0.9925,235.6905,0.4243,0.002907,Degraded
9324,52.5434,0.9888,1.7928,0.9927,236.1017,0.4235,0.002528,Degraded
9325,51.3282,0.992,1.7907,0.993,235.6435,0.4244,0.003202,Degraded
9326,51.6642,0.9918,1.7905,0.9929,236.2928,0.4232,0.002993,Degraded
9327,52.3796,0.9902,1.7918,0.9915,235.0627,0.4254,0.00275,Degraded
9328,52.1051,0.9896,1.7906,0.9912,235.7924,0.4241,0.003003,Degraded
9329,51.1173,0.9894,1.791,0.9917,237.9448,0.4203,0.002847,Degraded
9330,52.6137,0.9894,1.7911,0.9915,235.8617,0.424,0.002659,Degraded
9331,52.6276,0.991,1.7908,0.9939,236.0162,0.4237,0.003015,Degraded
9332,53.2381,0.9908,1.7909,0.9935,237.1514,0.4217,0.002835,Degraded
9333,51.2895,0.9915,1.7912,0.9934,236.5595,0.4227,0.002851,Degraded
9334,52.0129,0.9914,1.7892,0.9939,236.359,0.4231,0.002641,Degraded
9335,51.9511,0.992,1.791,0.9918,234.9779,0.4256,0.003303,Degraded
9336,50.4137,0.991,1.7901,0.9936,235.023,0.4255,0.003132,Degraded
9337,51.7066,0.9904,1.7903,0.9919,235.6995,0.4243,0.002955,Degraded
9338,50.431,0.9899,1.7922,0.9924,235.5351,0.4246,0.002556,Degraded
9339,50.874,0.9916,1.7898,0.9933,235.2071,0.4252,0.002787,Degraded
9340,51.7567,0.9899,1.7907,0.9904,235.9192,0.4239,0.002901,Degraded
9341,51.1458,0.9909,1.7908,0.9927,234.9126,0.4257,0.002831,Degraded
9342,50.4378,0.99,1.7907,0.9927,235.0196,0.4255,0.002756,Degraded
9343,52.453,0.9897,1.7885,0.9931,235.2317,0.4251,0.002685,Degraded
9344,51.9237,0.9907,1.7917,0.9923,236.0386,0.4237,0.002475,Degraded
9345,52.3236,0.99,1.7939,0.9923,236.322,0.4232,0.002941,Degraded
9346,51.7519,0.9911,1.7929,0.9918,234.1864,0.427,0.002553,Degraded
9347,52.6224,0.9902,1.793,0.9932,235.4571,0.4247,0.002658,Degraded
9348,51.4694,0.9886,1.7909,0.9932,235.2041,0.4252,0.002504,Degraded
9349,51.0998,0.9916,1.7915,0.9927,237.29,0.4214,0.002477,Degraded
9350,51.6633,0.9912,1.7914,0.9933,236.5541,0.4227,0.003079,Degraded
9351,52.4407,0.9895,1.7902,0.9908,236.7706,0.4223,0.003054,Degraded
9352,50.8573,0.9903,1.7889,0.9924,235.3104,0.425,0.002582,Degraded
9353,51.8156,0.9925,1.7914,0.9923,235.9316,0.4239,0.003192,Degraded
9354,52.8441,0.9903,1.7911,0.9915,235.9888,0.4237,0.002969,Degraded
9355,52.6553,0.99,1.7916,0.9927,235.7367,0.4242,0.003198,Degraded
9356,51.5525,0.9895,1.79,0.9932,235.1766,0.4252,0.002983,Degraded
9357,51.1598,0.9906,1.7929,0.9916,234.3485,0.4267,0.003091,Degraded
9358,50.7241,0.9898,1.7914,0.9932,234.0638,0.4272,0.002749,Degraded
9359,52.528,0.9927,1.7894,0.9936,235.4319,0.4248,0.003026,Degraded
9360,51.0157,0.9904,1.791,0.9935,236.4162,0.423,0.002732,Degraded
9361,51.448,0.9924,1.7909,0.992,236.3889,0.423,0.002943,Degraded
9362,50.7689,0.9911,1.7891,0.9919,235.168,0.4252,0.002793,Degraded
9363,51.5037,0.9904,1.7887,0.9924,235.0745,0.4254,0.003276,Degraded
9364,51.5355,0.9904,1.7913,0.9938,235.0119,0.4255,0.002934,Degraded
9365,52.63,0.9908,1.7908,0.992,235.6948,0.4243,0.002798,Degraded
9366,51.5181,0.9915,1.7898,0.9934,237.0132,0.4219,0.002894,Degraded
9367,50.429,0.9912,1.79,0.992,236.2391,0.4233,0.003041,Degraded
9368,50.5333,0.9907,1.7926,0.9914,235.7877,0.4241,0.002697,Degraded
9369,52.4269,0.9894,1.7891,0.9933,236.1374,0.4235,0.002583,Degraded
9370,51.8112,0.9893,1.7916,0.9928,235.3733,0.4249,0.002705,Degraded
9371,51.5004,0.9896,1.792,0.9937,235.6225,0.4244,0.002758,Degraded
9372,50.9713,0.9905,1.7911,0.9937,235.2251,0.4251,0.002485,Degraded
9373,51.0657,0.9912,1.7906,0.9935,235.9738,0.4238,0.003145,Degraded
9374,50.6047,0.9881,1.792,0.9917,236.0491,0.4236,0.002849,Degraded
9375,52.1365,0.9902,1.7897,0.9915,236.4204,0.423,0.002977,Degraded
9376,51.6767,0.99,1.7912,0.991,237.4958,0.4211,0.002913,Degraded
9377,51.751,0.9915,1.7913,0.9927,234.4223,0.4266,0.002905,Degraded
9378,53.0451,0.9901,1.7916,0.9933,236.1683,0.4234,0.002857,Degraded
9379,52.3301,0.991,1.7925,0.9935,236.4972,0.4228,0.003035,Degraded
9380,52.4502,0.9885,1.7905,0.9919,236.1924,0.4234,0.002713,Degraded
9381,52.3587,0.9902,1.7923,0.9941,234.7711,0.4259,0.002889,Degraded
9382,51.5181,0.9909,1.7912,0.9912,235.1481,0.4253,0.002655,Degraded
9383,51.4483,0.9901,1.7914,0.9927,235.2286,0.4251,0.002761,Degraded
9384,49.9955,0.9926,1.7906,0.9935,236.5585,0.4227,0.002818,Degraded
9385,49.9875,0.9901,1.791,0.9926,236.7548,0.4224,0.002825,Degraded
9386,53.3685,0.9896,1.7911,0.9915,236.6523,0.4226,0.002675,Degraded
9387,50.4913,0.9891,1.7901,0.994,236.5126,0.4228,0.002915,Degraded
9388,51.8463,0.9895,1.7897,0.9919,235.4041,0.4248,0.002695,Degraded
9389,51.1391,0.9906,1.7899,0.9936,236.8138,0.4223,0.002947,Degraded
9390,52.2905,0.9891,1.7929,0.9922,236.55,0.4227,0.002994,Degraded
9391,51.0708,0.99,1.791,0.9909,235.842,0.424,0.002348,Degraded
9392,51.9137,0.992,1.7906,0.991,235.4697,0.4247,0.002951,Degraded
9393,52.0408,0.9911,1.7904,0.9917,236.0108,0.4237,0.002841,Degraded
9394,52.7309,0.9901,1.7907,0.9923,237.7282,0.4206,0.002678,Degraded
9395,51.6033,0.9896,1.7919,0.9939,235.734,0.4242,0.003066,Degraded
9396,52.1753,0.9913,1.7896,0.9926,237.4039,0.4212,0.003124,Degraded
9397,52.5588,0.9916,1.793,0.9933,235.3752,0.4249,0.003072,Degraded
9398,51.857,0.9911,1.7907,0.9918,236.1498,0.4235,0.003023,Degraded
9399,52.5092,0.9911,1.7904,0.9908,235.8636,0.424,0.002941,Degraded
9400,50.193,0.9905,1.7905,0.9916,236.5083,0.4228,0.003019,Degraded
9401,53.3731,0.9906,1.7919,0.9917,235.6015,0.4244,0.002966,Degraded
9402,51.3988,0.9904,1.7914,0.9925,235.1613,0.4252,0.002713,Degraded
9403,51.7067,0.9912,1.7903,0.99,236.5245,0.4228,0.00296,Degraded
9404,51.0748,0.9895,1.7919,0.9922,236.4969,0.4228,0.002692,Degraded
9405,52.4532,0.9897,1.791,0.9928,234.2408,0.4269,0.002856,Degraded
9406,51.3559,0.9917,1.7908,0.9922,237.1061,0.4218,0.002451,Degraded
9407,53.4744,0.9925,1.7902,0.9934,236.2778,0.4232,0.002335,Degraded
9408,51.8452,0.9893,1.7892,0.9922,235.6866,0.4243,0.003076,Degraded
9409,51.3342,0.9902,1.792,0.9923,235.476,0.4247,0.003004,Degraded
9410,52.3625,0.9907,1.7915,0.9912,235.4195,0.4248,0.003233,Degraded
9411,49.5122,0.9899,1.7894,0.9925,236.3675,0.4231,0.003055,Degraded
9412,51.6133,0.9897,1.7891,0.9925,237.5838,0.4209,0.002716,Degraded
9413,51.886,0.9907,1.7902,0.9939,236.848,0.4222,0.002998,Degraded
9414,52.7136,0.9899,1.7894,0.9918,236.1033,0.4235,0.002769,Degraded
9415,52.4023,0.9907,1.7892,0.9937,235.4684,0.4247,0.002992,Degraded
9416,51.2707,0.9897,1.7897,0.991,234.7497,0.426,0.002911,Degraded
9417,51.2086,0.9909,1.7907,0.9933,235.0597,0.4254,0.003047,Degraded
9418,51.2277,0.9878,1.7908,0.9916,237.0729,0.4218,0.002896,Degraded
9419,51.8861,0.9908,1.7901,0.9941,235.433,0.4247,0.002928,Degraded
9420,51.3008,0.9906,1.7893,0.9927,235.9219,0.4239,0.002946,Degraded
9421,52.3323,0.9906,1.7926,0.9924,235.8998,0.4239,0.002819,Degraded
9422,52.1217,0.9903,1.7902,0.9932,235.8283,0.424,0.003047,Degraded
9423,50.4463,0.9921,1.7915,0.9924,235.8035,0.4241,0.002965,Degraded
9424,51.1421,0.9906,1.7907,0.9904,236.1424,0.4235,0.002567,Degraded
9425,52.8314,0.9919,1.7921,0.9921,235.5934,0.4245,0.002442,Degraded
9426,52.511,0.9891,1.7891,0.9922,234.9764,0.4256,0.002645,Degraded
9427,52.0063,0.9915,1.7911,0.9926,236.777,0.4223,0.002864,Degraded
9428,51.5491,0.9898,1.7911,0.9914,236.137,0.4235,0.002753,Degraded
9429,51.3018,0.9897,1.7915,0.9916,235.6331,0.4244,0.002745,Degraded
9430,52.8213,0.9921,1.7915,0.9921,236.1288,0.4235,0.002657,Degraded
9431,52.1441,0.9888,1.7908,0.9924,236.2061,0.4234,0.002837,Degraded
9432,52.6456,0.9898,1.7913,0.9929,236.7236,0.4224,0.003071,Degraded
9433,51.2179,0.9911,1.7894,0.9936,235.168,0.4252,0.002764,Degraded
9434,52.1552,0.9913,1.7909,0.9932,235.859,0.424,0.002889,Degraded
9435,50.5695,0.9916,1.7903,0.992,237.3969,0.4212,0.002299,Degraded
9436,52.061,0.9883,1.7909,0.9918,233.4986,0.4283,0.003059,Degraded
9437,50.9548,0.9915,1.7896,0.992,234.0176,0.4273,0.002926,Degraded
9438,51.5293,0.9902,1.7905,0.9908,236.3959,0.423,0.002729,Degraded
9439,53.8264,0.9901,1.7902,0.9911,234.5506,0.4263,0.003017,Degraded
9440,52.8409,0.99,1.7907,0.9937,236.0716,0.4236,0.002939,Degraded
9441,52.0636,0.9899,1.7909,0.9943,235.4222,0.4248,0.003016,Degraded
9442,52.1407,0.99,1.7915,0.9932,236.3013,0.4232,0.003192,Degraded
9443,53.4658,0.9906,1.7905,0.991,237.0621,0.4218,0.002828,Degraded
9444,51.5121,0.9896,1.7896,0.9942,236.5526,0.4227,0.002546,Degraded
9445,50.843,0.9907,1.7895,0.9922,237.0749,0.4218,0.003057,Degraded
9446,50.6337,0.9895,1.7908,0.9936,235.1735,0.4252,0.002918,Degraded
9447,51.6407,0.9923,1.7912,0.9922,234.6338,0.4262,0.002632,Degraded
9448,49.9862,0.9908,1.7912,0.9932,235.3368,0.4249,0.0031,Degraded
9449,53.275,0.9899,1.7917,0.9926,235.4051,0.4248,0.003091,Degraded
9450,51.0448,0.9891,1.7902,0.9922,234.5104,0.4264,0.002943,Degraded
9451,51.3874,0.9892,1.7912,0.992,236.6696,0.4225,0.002937,Degraded
9452,51.8552,0.9916,1.791,0.9924,236.2314,0.4233,0.002954,Degraded
9453,51.1399,0.9929,1.7906,0.9925,234.4148,0.4266,0.002872,Degraded
9454,52.1546,0.9894,1.7895,0.9915,235.5829,0.4245,0.002889,Degraded
9455,51.8406,0.9908,1.7912,0.993,236.1088,0.4235,0.002904,Degraded
9456,52.2522,0.9904,1.7899,0.9923,236.3385,0.4231,0.002976,Degraded
9457,52.4289,0.9901,1.7903,0.9922,235.3289,0.4249,0.003026,Degraded
9458,50.5519,0.9926,1.7926,0.9925,236.1372,0.4235,0.003017,Degraded
9459,51.4199,0.9911,1.7919,0.9906,234.659,0.4262,0.002998,Degraded
9460,51.8119,0.9902,1.7902,0.9913,235.4818,0.4247,0.002584,Degraded
9461,53.0768,0.9907,1.7906,0.9931,238.0407,0.4201,0.002638,Degraded
9462,50.5578,0.9905,1.7887,0.9921,236.5066,0.4228,0.003154,Degraded
9463,50.7808,0.9896,1.7909,0.9932,236.4541,0.4229,0.003144,Degraded
9464,52.6181,0.9904,1.7916,0.9925,236.0238,0.4237,0.00275,Degraded
9465,52.1624,0.9889,1.7916,0.9914,235.0921,0.4254,0.002384,Degraded
9466,51.3808,0.9896,1.7908,0.9911,235.4458,0.4247,0.002714,Degraded
9467,50.6325,0.9908,1.7903,0.9925,236.4637,0.4229,0.002852,Degraded
9468,51.776,0.9915,1.7902,0.9919,236.3336,0.4231,0.002694,Degraded
9469,52.978,0.9907,1.7921,0.9924,236.5551,0.4227,0.002523,Degraded
9470,53.0717,0.9912,1.7899,0.9933,234.7813,0.4259,0.002752,Degraded
9471,51.3669,0.9914,1.7918,0.992,234.7764,0.4259,0.002656,Degraded
9472,52.1233,0.9906,1.7902,0.9916,237.0947,0.4218,0.002728,Degraded
9473,51.3851,0.9917,1.7902,0.9929,235.0904,0.4254,0.002953,Degraded
9474,52.6414,0.9894,1.79,0.9915,235.3666,0.4249,0.003172,Degraded
9475,52.2605,0.9925,1.792,0.9936,236.951,0.422,0.003084,Degraded
9476,53.4204,0.9911,1.7912,0.9931,235.4344,0.4247,0.003022,Degraded
9477,53.0648,0.9899,1.7897,0.9919,236.8699,0.4222,0.002806,Degraded
9478,51.1771,0.9895,1.7896,0.9917,234.6638,0.4261,0.002975,Degraded
9479,51.9107,0.9911,1.7882,0.9935,235.7158,0.4242,0.002954,Degraded
9480,53.2811,0.9909,1.7926,0.9905,235.5259,0.4246,0.002493,Degraded
9481,52.3173,0.9906,1.7894,0.9946,235.491,0.4246,0.002413,Degraded
9482,52.6117,0.9912,1.79,0.9932,235.0168,0.4255,0.002771,Degraded
9483,52.3844,0.9914,1.7903,0.9919,235.7425,0.4242,0.002446,Degraded
9484,51.8476,0.9885,1.7897,0.991,236.1966,0.4234,0.002709,Degraded
9485,53.0633,0.9887,1.7903,0.9925,236.1646,0.4234,0.003286,Degraded
9486,50.5014,0.9898,1.7925,0.9915,236.1244,0.4235,0.002668,Degraded
9487,50.9614,0.9897,1.7925,0.9912,235.5309,0.4246,0.002805,Degraded
9488,52.8115,0.9916,1.7906,0.9892,235.0566,0.4254,0.002617,Degraded
9489,53.0071,0.9896,1.7922,0.9928,236.6743,0.4225,0.003308,Degraded
9490,51.3269,0.9889,1.7907,0.9934,235.2331,0.4251,0.002864,Degraded
9491,53.0574,0.9916,1.7899,0.9927,235.0149,0.4255,0.002567,Degraded
9492,53.1722,0.9884,1.7907,0.992,236.201,0.4234,0.002721,Degraded
9493,53.0007,0.9903,1.792,0.9926,234.9206,0.4257,0.002966,Degraded
9494,52.4233,0.9904,1.7898,0.9933,234.9868,0.4256,0.002686,Degraded
9495,52.513,0.9903,1.7885,0.9914,236.0822,0.4236,0.002805,Degraded
9496,52.0119,0.9908,1.791,0.9925,233.0936,0.429,0.002848,Degraded
9497,51.6815,0.9905,1.7916,0.9913,235.8107,0.4241,0.002955,Degraded
9498,51.8488,0.9892,1.7893,0.9924,235.2567,0.4251,0.002474,Degraded
9499,51.4597,0.9892,1.7912,0.9909,236.8878,0.4221,0.003292,Degraded
9500,51.5075,0.9899,1.7914,0.9935,235.3561,0.4249,0.002772,Degraded
9501,51.7565,0.9896,1.7914,0.9926,235.1682,0.4252,0.002873,Degraded
9502,51.8009,0.993,1.7902,0.9931,236.0948,0.4236,0.00283,Degraded
9503,52.4576,0.9907,1.793,0.9923,233.6601,0.428,0.003299,Degraded
9504,51.6995,0.9906,1.79,0.9918,234.8491,0.4258,0.002461,Degraded
9505,51.535,0.991,1.7888,0.9929,237.5983,0.4209,0.002919,Degraded
9506,50.9992,0.9909,1.7915,0.9937,235.8912,0.4239,0.002983,Degraded
9507,52.7928,0.9911,1.7908,0.9918,236.503,0.4228,0.002755,Degraded
9508,54.1964,0.9899,1.7913,0.9911,235.3566,0.4249,0.002745,Degraded
9509,51.0224,0.9899,1.7909,0.9921,236.6909,0.4225,0.002676,Degraded
9510,52.6759,0.9899,1.7916,0.9932,236.5454,0.4228,0.002831,Degraded
9511,53.1833,0.9888,1.7909,0.9925,236.4007,0.423,0.002848,Degraded
9512,51.3344,0.9894,1.7905,0.9921,236.4175,0.423,0.003054,Degraded
9513,52.1617,0.9905,1.7916,0.9921,235.5672,0.4245,0.002599,Degraded
9514,52.8281,0.9904,1.7916,0.9912,235.3359,0.4249,0.003053,Degraded
9515,52.388,0.9893,1.7914,0.9911,236.3899,0.423,0.002669,Degraded
9516,53.098,0.9906,1.7908,0.9923,235.7961,0.4241,0.002881,Degraded
9517,52.6951,0.9904,1.7919,0.9917,236.413,0.423,0.002978,Degraded
9518,53.1191,0.9906,1.7908,0.9927,234.7503,0.426,0.002944,Degraded
9519,54.7501,0.9921,1.7897,0.9906,235.7632,0.4242,0.003082,Degraded
9520,52.1051,0.9924,1.7897,0.9926,235.6331,0.4244,0.003012,Degraded
9521,52.7777,0.9917,1.7904,0.9936,235.9945,0.4237,0.003138,Degraded
9522,53.3393,0.9905,1.7898,0.9926,236.5095,0.4228,0.002566,Degraded
9523,51.7455,0.9912,1.7879,0.9913,235.2251,0.4251,0.00285,Degraded
9524,51.8858,0.9902,1.7891,0.9942,235.2277,0.4251,0.002487,Degraded
9525,53.0532,0.9897,1.7893,0.9931,235.2974,0.425,0.002901,Degraded
9526,51.64,0.99,1.7895,0.9912,238.4882,0.4193,0.002702,Degraded
9527,50.9783,0.9916,1.7907,0.9924,235.3192,0.425,0.002787,Degraded
9528,51.9125,0.9916,1.7902,0.9935,235.6651,0.4243,0.002827,Degraded
9529,51.3351,0.9926,1.7905,0.9924,237.1936,0.4216,0.002952,Degraded
9530,52.5758,0.9905,1.7897,0.9936,234.5719,0.4263,0.002674,Degraded
9531,51.5342,0.9907,1.7905,0.9905,237.5574,0.421,0.003021,Degraded
9532,51.7648,0.9909,1.7909,0.992,236.0171,0.4237,0.002951,Degraded
9533,53.0325,0.9905,1.7908,0.9922,235.3538,0.4249,0.002716,Degraded
9534,51.518,0.99,1.7902,0.9934,235.3956,0.4248,0.002804,Degraded
9535,51.9291,0.9904,1.7922,0.992,236.1464,0.4235,0.00294,Degraded
9536,52.2145,0.9895,1.791,0.9904,234.8796,0.4258,0.002762,Degraded
9537,51.987,0.9905,1.7919,0.993,235.8296,0.424,0.002804,Degraded
9538,51.9081,0.9893,1.7884,0.9911,236.6297,0.4226,0.002729,Degraded
9539,51.7504,0.9915,1.7878,0.9918,234.8132,0.4259,0.00293,Degraded
9540,52.6175,0.991,1.792,0.9929,235.8892,0.4239,0.003359,Degraded
9541,50.4714,0.9927,1.7922,0.9922,235.1229,0.4253,0.002741,Degraded
9542,51.9448,0.9917,1.788,0.9944,235.6863,0.4243,0.003108,Degraded
9543,51.1937,0.9912,1.7908,0.9929,235.1321,0.4253,0.002796,Degraded
9544,51.1912,0.9912,1.7918,0.9926,233.5405,0.4282,0.003145,Degraded
9545,52.2763,0.9878,1.7888,0.9913,235.6822,0.4243,0.002669,Degraded
9546,51.4708,0.9914,1.7916,0.9933,234.3722,0.4267,0.003062,Degraded
9547,51.8015,0.9924,1.7907,0.9936,236.1244,0.4235,0.002961,Degraded
9548,51.8919,0.9917,1.7914,0.992,235.3257,0.4249,0.002732,Degraded
9549,52.8422,0.9907,1.7907,0.992,236.8427,0.4222,0.002577,Degraded
9550,52.8157,0.9914,1.7901,0.9909,235.981,0.4238,0.003114,Degraded
9551,53.6094,0.9911,1.7898,0.9931,236.0739,0.4236,0.00294,Degraded
9552,51.4859,0.991,1.7909,0.9948,235.742,0.4242,0.003215,Degraded
9553,53.3084,0.9905,1.7917,0.9916,235.5168,0.4246,0.002769,Degraded
9554,52.0712,0.9884,1.7922,0.9921,236.2986,0.4232,0.002925,Degraded
9555,51.9817,0.9892,1.7895,0.9921,235.2878,0.425,0.002682,Degraded
9556,51.6511,0.9909,1.7913,0.9912,234.9619,0.4256,0.00292,Degraded
9557,52.0718,0.9901,1.7914,0.9925,234.366,0.4267,0.002717,Degraded
9558,50.8755,0.9903,1.7891,0.9906,234.0188,0.4273,0.003274,Degraded
9559,51.1139,0.9901,1.7905,0.9925,236.1582,0.4234,0.002867,Degraded
9560,51.8451,0.9907,1.7906,0.9924,236.1727,0.4234,0.002753,Degraded
9561,52.0492,0.9891,1.7902,0.9917,236.5028,0.4228,0.002586,Degraded
9562,51.8314,0.9899,1.7911,0.9911,235.66,0.4243,0.002894,Degraded
9563,52.9523,0.9896,1.7891,0.9928,234.5396,0.4264,0.002774,Degraded
9564,52.0243,0.9911,1.7889,0.9921,235.6748,0.4243,0.002707,Degraded
9565,51.9309,0.9913,1.7899,0.992,236.361,0.4231,0.002836,Degraded
9566,53.2895,0.9888,1.7902,0.9931,235.0755,0.4254,0.002833,Degraded
9567,53.2312,0.9897,1.7909,0.9931,235.7108,0.4242,0.002888,Degraded
9568,51.4025,0.9912,1.7892,0.9927,235.2333,0.4251,0.002801,Degraded
9569,52.0632,0.9909,1.792,0.9925,235.0705,0.4254,0.002593,Degraded
9570,53.154,0.9906,1.7902,0.9924,236.2583,0.4233,0.002799,Degraded
9571,51.695,0.9891,1.7893,0.992,236.5032,0.4228,0.00278,Degraded
9572,52.4381,0.9916,1.7908,0.9943,235.6962,0.4243,0.00285,Degraded
9573,51.9261,0.9924,1.7916,0.9909,237.3286,0.4214,0.002981,Degraded
9574,52.3364,0.9909,1.7895,0.9925,235.392,0.4248,0.00281,Degraded
9575,53.0021,0.9902,1.7905,0.9927,236.3924,0.423,0.003136,Degraded
9576,52.2487,0.99,1.7923,0.9898,236.3299,0.4231,0.002854,Degraded
9577,52.695,0.9905,1.7917,0.9928,234.4977,0.4264,0.00259,Degraded
9578,52.0684,0.991,1.7917,0.9917,233.8639,0.4276,0.00297,Degraded
9579,52.2761,0.9906,1.7893,0.9935,234.9785,0.4256,0.002945,Degraded
9580,52.4646,0.991,1.7897,0.9914,236.3124,0.4232,0.002995,Degraded
9581,52.5139,0.9915,1.7908,0.992,236.0429,0.4237,0.002974,Degraded
9582,52.628,0.9895,1.7894,0.9932,235.5083,0.4246,0.002496,Degraded
9583,51.1523,0.9891,1.7915,0.9923,235.6538,0.4244,0.002814,Degraded
9584,51.4042,0.9912,1.7911,0.9916,236.7456,0.4224,0.003034,Degraded
9585,51.5699,0.9901,1.79,0.9926,234.4796,0.4265,0.002744,Degraded
9586,52.8903,0.9888,1.7902,0.9911,236.3516,0.4231,0.002954,Degraded
9587,51.0824,0.9894,1.7904,0.99,234.7394,0.426,0.002721,Degraded
9588,53.2863,0.9898,1.7911,0.9919,236.2136,0.4233,0.002576,Degraded
9589,51.6816,0.9903,1.7906,0.9927,235.7707,0.4241,0.002988,Degraded
9590,52.2527,0.9906,1.7894,0.9907,234.7207,0.426,0.00255,Degraded
9591,52.4434,0.9913,1.7895,0.9933,235.9749,0.4238,0.002777,Degraded
9592,51.9861,0.9915,1.7881,0.9934,236.3288,0.4231,0.00277,Degraded
9593,52.1931,0.992,1.7891,0.9921,236.1283,0.4235,0.00293,Degraded
9594,52.3108,0.9922,1.7893,0.9913,233.5986,0.4281,0.002672,Degraded
9595,51.7389,0.9907,1.7914,0.9914,235.4934,0.4246,0.003168,Degraded
9596,52.1228,0.9909,1.7915,0.9914,234.6993,0.4261,0.003213,Degraded
9597,52.738,0.9891,1.7893,0.9921,236.7194,0.4224,0.003085,Degraded
9598,53.1301,0.99,1.7904,0.9915,235.2705,0.425,0.002665,Degraded
9599,51.5807,0.9897,1.7903,0.9927,236.9345,0.4221,0.002817,Degraded
9600,52.7503,0.9902,1.7914,0.9911,235.1715,0.4252,0.003023,Degraded
9601,52.7471,0.991,1.7918,0.9906,234.5949,0.4263,0.003003,Degraded
9602,52.9343,0.9911,1.7931,0.9914,235.8924,0.4239,0.002876,Degraded
9603,52.7825,0.9908,1.7899,0.9927,235.6623,0.4243,0.002917,Degraded
9604,53.1942,0.9929,1.7885,0.9936,236.108,0.4235,0.002743,Degraded
9605,51.9989,0.9913,1.7904,0.9923,235.0432,0.4255,0.00274,Degraded
9606,51.5182,0.9899,1.7903,0.9927,234.9326,0.4257,0.003043,Degraded
9607,51.5663,0.9912,1.7895,0.9943,236.1082,0.4235,0.00306,Degraded
9608,52.1568,0.991,1.7891,0.9913,235.3421,0.4249,0.003196,Degraded
9609,53.1015,0.9882,1.7894,0.9922,236.5916,0.4227,0.002942,Degraded
9610,50.2681,0.9892,1.7911,0.9925,235.6929,0.4243,0.003115,Degraded
9611,52.0229,0.9911,1.792,0.9925,234.868,0.4258,0.002808,Degraded
9612,51.579,0.9881,1.7896,0.9929,235.5895,0.4245,0.003165,Degraded
9613,52.4185,0.9913,1.7886,0.9919,235.3653,0.4249,0.002729,Degraded
9614,53.5258,0.9885,1.7903,0.9934,236.1897,0.4234,0.002818,Degraded
9615,51.587,0.9915,1.7899,0.9915,236.3776,0.4231,0.002956,Degraded
9616,52.0272,0.9907,1.7908,0.9923,235.699,0.4243,0.002462,Degraded
9617,52.2261,0.9897,1.7896,0.9916,235.1772,0.4252,0.002836,Degraded
9618,52.4453,0.9896,1.7909,0.993,236.1535,0.4235,0.003082,Degraded
9619,51.8595,0.9901,1.7906,0.9919,234.6447,0.4262,0.002795,Degraded
9620,53.6238,0.9896,1.7896,0.9918,236.0155,0.4237,0.002966,Degraded
9621,52.8828,0.9929,1.7912,0.9932,237.8562,0.4204,0.002994,Degraded
9622,52.0061,0.9901,1.7914,0.9911,234.0097,0.4273,0.002732,Degraded
9623,52.9773,0.991,1.7902,0.9934,236.0521,0.4236,0.002966,Degraded
9624,52.3094,0.9913,1.7911,0.992,236.2147,0.4233,0.002766,Degraded
9625,52.5129,0.9908,1.79,0.9924,236.0489,0.4236,0.002681,Degraded
9626,52.474,0.9926,1.7895,0.9933,235.4845,0.4247,0.003134,Degraded
9627,51.7498,0.9904,1.7926,0.9921,236.0662,0.4236,0.003017,Degraded
9628,50.7076,0.9908,1.7891,0.9929,235.6522,0.4244,0.002675,Degraded
9629,51.3798,0.9903,1.7929,0.9939,235.8441,0.424,0.003002,Degraded
9630,52.8153,0.9898,1.7897,0.9931,235.0736,0.4254,0.003187,Degraded
9631,51.2532,0.9895,1.7918,0.992,235.4554,0.4247,0.003028,Degraded
9632,53.2646,0.991,1.7907,0.9931,235.8793,0.4239,0.003117,Degraded
9633,54.6249,0.9909,1.7895,0.9933,235.4335,0.4247,0.002967,Degraded
9634,52.6345,0.9898,1.79,0.99,235.4679,0.4247,0.003012,Degraded
9635,52.3547,0.9899,1.7907,0.9913,234.7011,0.4261,0.003006,Degraded
9636,52.8095,0.9909,1.7901,0.9934,234.647,0.4262,0.002841,Degraded
9637,52.9448,0.9912,1.7896,0.9944,235.4401,0.4247,0.002919,Degraded
9638,53.1309,0.9919,1.7904,0.9935,235.1781,0.4252,0.003235,Degraded
9639,52.3811,0.9907,1.79,0.9925,234.9572,0.4256,0.002889,Degraded
9640,52.3657,0.9893,1.7898,0.9902,234.5475,0.4264,0.002899,Degraded
9641,53.1214,0.99,1.7903,0.9934,236.2051,0.4234,0.003066,Degraded
9642,52.451,0.9899,1.7908,0.9936,236.983,0.422,0.003384,Degraded
9643,53.5812,0.9904,1.7892,0.9929,236.4128,0.423,0.002392,Degraded
9644,51.1759,0.9899,1.7896,0.9907,235.838,0.424,0.003151,Degraded
9645,52.2103,0.9887,1.7906,0.9912,234.7256,0.426,0.003095,Degraded
9646,53.323,0.9901,1.7911,0.9912,235.9543,0.4238,0.002827,Degraded
9647,51.3041,0.9894,1.7908,0.9908,235.3042,0.425,0.003118,Degraded
9648,51.9721,0.9888,1.7901,0.993,234.4899,0.4265,0.003142,Degraded
9649,52.9789,0.9907,1.7909,0.9924,235.7939,0.4241,0.002919,Degraded
9650,53.0763,0.9916,1.7895,0.9916,235.212,0.4251,0.002783,Degraded
9651,53.2789,0.9888,1.7909,0.9937,235.0605,0.4254,0.0032,Degraded
9652,53.2995,0.99,1.7912,0.9915,234.6406,0.4262,0.002813,Degraded
9653,53.4556,0.9899,1.7904,0.9913,236.2138,0.4233,0.003072,Degraded
9654,51.8138,0.988,1.79,0.9927,235.5084,0.4246,0.002922,Degraded
9655,52.6586,0.9898,1.7891,0.993,234.8096,0.4259,0.002666,Degraded
9656,52.7809,0.9892,1.7895,0.9939,236.7869,0.4223,0.003145,Degraded
9657,52.9901,0.9915,1.7923,0.9934,235.7155,0.4242,0.003082,Degraded
9658,52.0124,0.9905,1.7905,0.9921,235.2611,0.4251,0.003165,Degraded
9659,51.6238,0.9905,1.7891,0.9903,236.4676,0.4229,0.003165,Degraded
9660,51.9997,0.9904,1.7901,0.992,235.1196,0.4253,0.003,Degraded
9661,52.0849,0.9908,1.792,0.9927,235.6083,0.4244,0.002794,Degraded
9662,52.3801,0.9887,1.7919,0.9913,233.9721,0.4274,0.002888,Degraded
9663,52.6768,0.9917,1.7906,0.9932,236.2494,0.4233,0.003075,Degraded
9664,51.4883,0.9908,1.789,0.9943,236.0621,0.4236,0.002784,Degraded
9665,52.6977,0.9893,1.7888,0.9931,234.7178,0.426,0.002873,Degraded
9666,52.5632,0.9902,1.7893,0.9923,235.6194,0.4244,0.003084,Degraded
9667,54.3565,0.9884,1.7895,0.9925,236.3081,0.4232,0.002979,Degraded
9668,53.3008,0.9889,1.79,0.9937,234.8098,0.4259,0.002331,Degraded
9669,51.7508,0.9908,1.7903,0.991,234.9193,0.4257,0.002645,Degraded
9670,51.4356,0.9895,1.7904,0.9899,236.5876,0.4227,0.00289,Degraded
9671,51.5225,0.9894,1.7897,0.9923,235.6146,0.4244,0.002873,Degraded
9672,51.8053,0.9903,1.7883,0.991,234.951,0.4256,0.002643,Degraded
9673,52.2364,0.989,1.792,0.9908,236.6995,0.4225,0.002511,Degraded
9674,54.0173,0.9909,1.7911,0.9909,235.2309,0.4251,0.002861,Degraded
9675,52.3344,0.9916,1.791,0.9921,236.2868,0.4232,0.003149,Degraded
9676,51.9624,0.9897,1.7925,0.992,234.9716,0.4256,0.002882,Degraded
9677,53.2782,0.991,1.7902,0.9929,235.6847,0.4243,0.002885,Degraded
9678,52.1804,0.9905,1.7899,0.9923,235.4434,0.4247,0.002623,Degraded
9679,51.9988,0.9901,1.7922,0.9921,235.7001,0.4243,0.003344,Degraded
9680,51.1606,0.9888,1.7895,0.9919,235.2943,0.425,0.002812,Degraded
9681,51.4389,0.9913,1.7899,0.9934,234.6649,0.4261,0.003306,Degraded
9682,51.095,0.9903,1.7893,0.9923,234.6934,0.4261,0.002486,Degraded
9683,51.8048,0.9919,1.7893,0.9928,235.4801,0.4247,0.002824,Degraded
9684,54.0659,0.99,1.7905,0.9923,236.734,0.4224,0.002615,Degraded
9685,54.2283,0.9918,1.7907,0.9929,235.29,0.425,0.002946,Degraded
9686,52.7708,0.9894,1.7918,0.9925,235.5843,0.4245,0.002742,Degraded
9687,53.3724,0.9903,1.7898,0.9912,235.3403,0.4249,0.002682,Degraded
9688,52.7151,0.9911,1.7899,0.9925,236.4441,0.4229,0.002882,Degraded
9689,52.3559,0.9903,1.7899,0.9919,234.8515,0.4258,0.003003,Degraded
9690,52.3848,0.9909,1.7913,0.9912,234.7956,0.4259,0.003055,Degraded
9691,52.2403,0.9904,1.7904,0.9913,235.8683,0.424,0.002967,Degraded
9692,51.6388,0.9901,1.7902,0.993,236.4005,0.423,0.002916,Degraded
9693,51.1028,0.991,1.7925,0.993,235.2423,0.4251,0.002998,Degraded
9694,53.0894,0.9904,1.7916,0.9911,235.1358,0.4253,0.00301,Degraded
9695,53.0097,0.9898,1.7899,0.9916,234.8618,0.4258,0.003022,Degraded
9696,52.4228,0.9916,1.7892,0.9921,236.0447,0.4236,0.002988,Degraded
9697,51.576,0.9915,1.7904,0.9942,235.3488,0.4249,0.003151,Degraded
9698,52.1697,0.9901,1.7908,0.9905,233.8378,0.4276,0.002784,Degraded
9699,51.4186,0.988,1.791,0.9914,235.1766,0.4252,0.002948,Degraded
9700,52.8636,0.9906,1.7905,0.9927,235.0502,0.4254,0.002777,Degraded
9701,50.6082,0.9909,1.7896,0.9942,236.0388,0.4237,0.00311,Degraded
9702,53.0282,0.9908,1.7908,0.9928,235.587,0.4245,0.002797,Degraded
9703,51.5225,0.9907,1.7916,0.9921,235.5666,0.4245,0.002657,Degraded
9704,52.104,0.9891,1.7891,0.9923,235.3979,0.4248,0.003079,Degraded
9705,53.082,0.9894,1.7884,0.9913,234.874,0.4258,0.003032,Degraded
9706,52.9607,0.9902,1.791,0.9948,235.3462,0.4249,0.002875,Degraded
9707,51.8001,0.9906,1.7914,0.9917,235.1266,0.4253,0.002818,Degraded
9708,51.5538,0.9904,1.7905,0.9922,236.9092,0.4221,0.003002,Degraded
9709,51.5831,0.9909,1.79,0.9919,235.2977,0.425,0.002866,Degraded
9710,52.6939,0.9924,1.7899,0.9923,235.6225,0.4244,0.00282,Degraded
9711,52.1586,0.9913,1.7898,0.9913,236.8598,0.4222,0.002682,Degraded
9712,53.1883,0.9901,1.7891,0.9919,235.2515,0.4251,0.002598,Degraded
9713,52.8257,0.9906,1.7899,0.9927,235.5938,0.4245,0.003183,Degraded
9714,51.6228,0.99,1.7913,0.9928,233.5877,0.4281,0.00259,Degraded
9715,52.4876,0.9919,1.7899,0.9929,235.4936,0.4246,0.00304,Degraded
9716,53.3454,0.9912,1.7912,0.9916,235.305,0.425,0.003029,Degraded
9717,52.8766,0.9909,1.7885,0.9934,234.0619,0.4272,0.002775,Degraded
9718,52.6487,0.9903,1.7917,0.9911,235.1317,0.4253,0.002532,Degraded
9719,52.5995,0.9901,1.789,0.9935,236.2855,0.4232,0.00294,Degraded
9720,53.4068,0.9902,1.791,0.9931,234.5651,0.4263,0.003012,Degraded
9721,52.6325,0.9893,1.789,0.9927,235.193,0.4252,0.002633,Degraded
9722,52.9632,0.9912,1.7891,0.9922,236.6317,0.4226,0.002744,Degraded
9723,53.8671,0.99,1.7902,0.9908,234.329,0.4268,0.002796,Degraded
9724,53.2117,0.9926,1.7929,0.9921,235.1289,0.4253,0.00273,Degraded
9725,53.3968,0.9895,1.79,0.9927,235.7736,0.4241,0.002805,Degraded
9726,52.4307,0.9897,1.7894,0.9912,234.2337,0.4269,0.003,Degraded
9727,52.3161,0.9891,1.789,0.991,234.9198,0.4257,0.003153,Degraded
9728,51.9654,0.9908,1.7918,0.9924,234.7961,0.4259,0.002911,Degraded
9729,52.4775,0.992,1.7885,0.9933,234.0121,0.4273,0.003091,Degraded
9730,52.1865,0.9921,1.7909,0.9928,234.6516,0.4262,0.00329,Degraded
9731,54.7679,0.9923,1.7893,0.992,234.4527,0.4265,0.002807,Degraded
9732,52.7444,0.991,1.7908,0.9905,235.3729,0.4249,0.003033,Degraded
9733,53.2783,0.9907,1.7908,0.992,235.618,0.4244,0.003447,Degraded
9734,53.4867,0.9906,1.791,0.9923,235.4558,0.4247,0.00312,Degraded
9735,52.0438,0.9901,1.7889,0.993,236.2532,0.4233,0.003051,Degraded
9736,52.3374,0.9902,1.7904,0.9933,236.2252,0.4233,0.002644,Degraded
9737,51.824,0.9907,1.7889,0.9931,235.1742,0.4252,0.003073,Degraded
9738,52.5558,0.9902,1.7892,0.9917,235.3008,0.425,0.002902,Degraded
9739,53.1096,0.9896,1.7902,0.9937,236.0487,0.4236,0.002953,Degraded
9740,51.3656,0.9889,1.7909,0.9929,233.834,0.4277,0.003072,Degraded
9741,52.0841,0.9899,1.7911,0.9929,235.3095,0.425,0.00307,Degraded
9742,52.2448,0.9895,1.7915,0.9935,234.8722,0.4258,0.002826,Degraded
9743,53.2505,0.9896,1.7911,0.9912,235.1562,0.4252,0.003129,Degraded
9744,51.7639,0.9897,1.7906,0.9904,235.4423,0.4247,0.003165,Degraded
9745,53.2328,0.9902,1.7903,0.9937,236.479,0.4229,0.002915,Degraded
9746,52.0391,0.9911,1.7914,0.9936,235.8479,0.424,0.002863,Degraded
9747,51.2087,0.9922,1.7919,0.9914,235.5321,0.4246,0.00289,Degraded
9748,52.5994,0.9899,1.7909,0.9911,235.0629,0.4254,0.003109,Degraded
9749,50.9694,0.9906,1.7897,0.9938,235.6398,0.4244,0.002777,Degraded
9750,53.7116,0.9903,1.7904,0.9931,234.8904,0.4257,0.003224,Degraded
9751,53.0135,0.9896,1.7898,0.9909,235.6197,0.4244,0.0029,Degraded
9752,52.8038,0.9885,1.7897,0.9912,235.7664,0.4241,0.002815,Degraded
9753,52.9317,0.9897,1.7919,0.9922,236.1032,0.4235,0.002913,Degraded
9754,53.2955,0.9895,1.7902,0.9917,236.8639,0.4222,0.002698,Degraded
9755,54.2152,0.9889,1.791,0.9916,235.5714,0.4245,0.002902,Degraded
9756,51.8964,0.9903,1.7898,0.9928,234.5616,0.4263,0.003031,Degraded
9757,53.2539,0.9901,1.7889,0.9939,235.7381,0.4242,0.002793,Degraded
9758,52.9595,0.9886,1.7914,0.9943,236.0223,0.4237,0.002737,Degraded
9759,50.9749,0.9916,1.7901,0.9918,236.2935,0.4232,0.00282,Degraded
9760,53.1779,0.9903,1.7905,0.9938,234.9689,0.4256,0.002822,Degraded
9761,52.408,0.989,1.7912,0.993,235.351,0.4249,0.002753,Degraded
9762,50.3755,0.9894,1.79,0.9903,237.3526,0.4213,0.003022,Degraded
9763,53.0089,0.9901,1.791,0.9919,235.2259,0.4251,0.00322,Degraded
9764,53.4536,0.9902,1.7923,0.9921,234.9494,0.4256,0.002965,Degraded
9765,52.8177,0.989,1.7907,0.9943,236.1126,0.4235,0.003072,Degraded
9766,52.9631,0.9892,1.7892,0.9924,235.0084,0.4255,0.00265,Degraded
9767,52.3001,0.9907,1.7908,0.9914,235.3128,0.425,0.003023,Degraded
9768,51.5678,0.9895,1.7902,0.9913,235.0857,0.4254,0.00344,Degraded
9769,51.3784,0.9917,1.7906,0.991,235.8894,0.4239,0.002949,Degraded
9770,53.5503,0.9909,1.7904,0.9919,236.2801,0.4232,0.002863,Degraded
9771,51.4677,0.9883,1.789,0.993,235.0529,0.4254,0.002787,Degraded
9772,52.2427,0.9911,1.7909,0.9923,234.8622,0.4258,0.002863,Degraded
9773,52.4855,0.9893,1.7901,0.9912,235.6331,0.4244,0.003038,Degraded
9774,53.487,0.9905,1.7905,0.9913,235.301,0.425,0.002738,Degraded
9775,51.2316,0.99,1.7897,0.9928,234.5681,0.4263,0.003505,Degraded
9776,52.2129,0.9902,1.7897,0.993,235.165,0.4252,0.002747,Degraded
9777,51.1318,0.9908,1.7909,0.9925,235.1623,0.4252,0.002879,Degraded
9778,53.2224,0.9901,1.7913,0.9921,235.2247,0.4251,0.003018,Degraded
9779,53.7156,0.9914,1.7902,0.9918,234.3648,0.4267,0.003082,Degraded
9780,51.177,0.9919,1.7911,0.9914,236.3147,0.4232,0.003054,Degraded
9781,52.98,0.99,1.7908,0.9908,235.3788,0.4248,0.002808,Degraded
9782,52.3772,0.9895,1.7896,0.9935,234.1807,0.427,0.003026,Degraded
9783,51.7048,0.9915,1.7906,0.9908,235.5932,0.4245,0.002806,Degraded
9784,52.7927,0.9889,1.7914,0.9902,234.6779,0.4261,0.002729,Degraded
9785,52.9164,0.9897,1.79,0.9915,234.2277,0.4269,0.0029,Degraded
9786,51.5725,0.9884,1.7908,0.9909,236.4867,0.4229,0.003229,Degraded
9787,53.3252,0.9891,1.7923,0.9898,234.6131,0.4262,0.003113,Degraded
9788,53.2222,0.9895,1.7894,0.992,235.2484,0.4251,0.002853,Degraded
9789,53.9466,0.9895,1.7917,0.9926,236.1319,0.4235,0.002648,Degraded
9790,53.4444,0.9912,1.7895,0.993,234.1311,0.4271,0.002852,Degraded
9791,53.5575,0.99,1.7899,0.9936,233.7507,0.4278,0.002912,Degraded
9792,52.5728,0.9894,1.7916,0.9913,234.594,0.4263,0.002453,Degraded
9793,53.516,0.9899,1.7899,0.992,236.2651,0.4233,0.00327,Degraded
9794,51.2432,0.9897,1.7891,0.9919,235.2362,0.4251,0.002604,Degraded
9795,52.9259,0.9898,1.791,0.9922,233.9345,0.4275,0.003071,Degraded
9796,51.5608,0.989,1.7899,0.9919,233.9032,0.4275,0.002919,Degraded
9797,52.5634,0.9901,1.7885,0.9923,235.8001,0.4241,0.00268,Degraded
9798,51.776,0.991,1.7918,0.992,234.9433,0.4256,0.002989,Degraded
9799,53.7233,0.9894,1.7897,0.9917,234.1681,0.427,0.00312,Degraded
9800,52.8489,0.9882,1.7902,0.9938,235.5203,0.4246,0.003271,Degraded
9801,52.1937,0.9912,1.7915,0.9921,234.9696,0.4256,0.00317,Degraded
9802,53.0757,0.9912,1.7906,0.9921,235.226,0.4251,0.00288,Degraded
9803,52.9656,0.99,1.7905,0.9914,234.6142,0.4262,0.003068,Degraded
9804,52.958,0.9898,1.7916,0.9913,235.6439,0.4244,0.003043,Degraded
9805,52.6918,0.9915,1.7918,0.991,233.4724,0.4283,0.002854,Degraded
9806,51.8645,0.9898,1.792,0.9949,234.5325,0.4264,0.002997,Degraded
9807,52.814,0.9905,1.7888,0.9934,236.0111,0.4237,0.002856,Degraded
9808,53.639,0.9888,1.7885,0.9924,235.633,0.4244,0.00292,Degraded
9809,53.5421,0.9895,1.7914,0.9929,236.7768,0.4223,0.002598,Degraded
9810,52.2689,0.9893,1.791,0.9937,234.9874,0.4256,0.003073,Degraded
9811,53.8147,0.9905,1.7909,0.9902,236.5362,0.4228,0.002894,Degraded
9812,54.7974,0.9893,1.7907,0.993,233.2808,0.4287,0.003309,Degraded
9813,53.2579,0.9887,1.7906,0.9925,235.173,0.4252,0.002835,Degraded
9814,52.6108,0.991,1.791,0.9922,235.4619,0.4247,0.002929,Degraded
9815,51.8886,0.9901,1.7895,0.9912,233.3423,0.4286,0.002873,Degraded
9816,53.2972,0.9914,1.7906,0.9909,235.1522,0.4253,0.002724,Degraded
9817,54.1981,0.9898,1.7897,0.9931,235.2432,0.4251,0.003169,Degraded
9818,51.7739,0.9903,1.7907,0.9895,234.7269,0.426,0.002833,Degraded
9819,52.7184,0.9899,1.7905,0.9919,236.1894,0.4234,0.003378,Degraded
9820,51.4756,0.9902,1.7913,0.9914,235.4939,0.4246,0.00288,Degraded
9821,51.8751,0.9892,1.7877,0.9923,235.454,0.4247,0.002766,Degraded
9822,52.4557,0.9887,1.7907,0.9917,235.8835,0.4239,0.002892,Degraded
9823,51.8912,0.9896,1.7917,0.9942,234.0599,0.4272,0.003138,Degraded
9824,51.7966,0.9894,1.7904,0.9926,234.6814,0.4261,0.003079,Degraded
9825,53.6324,0.9909,1.7892,0.9917,235.9627,0.4238,0.003268,Degraded
9826,51.67,0.9905,1.7909,0.9907,236.0761,0.4236,0.003381,Degraded
9827,53.2197,0.9907,1.7894,0.9916,234.7417,0.426,0.002781,Degraded
9828,52.4967,0.9905,1.7893,0.9918,235.5132,0.4246,0.002535,Degraded
9829,53.4516,0.9904,1.7904,0.9933,236.007,0.4237,0.00308,Degraded
9830,52.9177,0.9902,1.7896,0.9912,235.5649,0.4245,0.003038,Degraded
9831,52.8087,0.9888,1.7875,0.9922,233.7864,0.4277,0.003023,Degraded
9832,54.2565,0.9905,1.7897,0.9911,234.7907,0.4259,0.002952,Degraded
9833,53.5577,0.9903,1.7899,0.9928,236.4313,0.423,0.003023,Degraded
9834,52.8542,0.9885,1.7888,0.9906,235.096,0.4254,0.002793,Degraded
9835,52.3062,0.9893,1.7894,0.9903,235.4235,0.4248,0.003101,Degraded
9836,52.7606,0.9905,1.7906,0.9926,235.9232,0.4239,0.003199,Degraded
9837,53.9693,0.9882,1.7906,0.9909,236.3694,0.4231,0.002974,Degraded
9838,52.9295,0.9903,1.7904,0.9938,236.2347,0.4233,0.003282,Degraded
9839,52.5544,0.988,1.7909,0.991,234.9519,0.4256,0.002949,Degraded
9840,52.7136,0.9908,1.7892,0.9928,235.0878,0.4254,0.003482,Degraded
9841,51.4417,0.9903,1.7908,0.9917,234.7794,0.4259,0.003227,Degraded
9842,53.3884,0.9894,1.7887,0.9927,235.4952,0.4246,0.003077,Degraded
9843,52.6124,0.991,1.7918,0.9937,234.5804,0.4263,0.003463,Degraded
9844,53.2457,0.9887,1.7906,0.9924,235.1407,0.4253,0.002923,Degraded
9845,53.2828,0.9909,1.7896,0.9916,234.7725,0.4259,0.002929,Degraded
9846,53.432,0.9914,1.7899,0.9932,235.5844,0.4245,0.00299,Degraded
9847,54.2186,0.9905,1.79,0.993,234.2448,0.4269,0.00292,Degraded
9848,52.9358,0.9909,1.7904,0.9908,234.52,0.4264,0.002878,Degraded
9849,52.9215,0.9889,1.7916,0.9924,235.4551,0.4247,0.00293,Degraded
9850,51.5753,0.9902,1.7909,0.992,236.0803,0.4236,0.002953,Degraded
9851,53.2886,0.99,1.7905,0.993,234.3592,0.4267,0.003095,Degraded
9852,53.577,0.9923,1.7902,0.99,233.7973,0.4277,0.002788,Degraded
9853,53.7613,0.9923,1.7897,0.9922,233.1555,0.4289,0.003096,Degraded
9854,52.8447,0.9899,1.7892,0.9918,234.1428,0.4271,0.002794,Degraded
9855,51.7225,0.9891,1.789,0.9927,234.2976,0.4268,0.002956,Degraded
9856,51.8672,0.9891,1.7891,0.9931,235.07,0.4254,0.002817,Degraded
9857,51.9393,0.9888,1.7894,0.9907,234.8668,0.4258,0.002826,Degraded
9858,52.121,0.9914,1.7899,0.9919,236.2386,0.4233,0.002696,Degraded
9859,52.3566,0.9886,1.7902,0.9927,233.2716,0.4287,0.00314,Degraded
9860,52.9968,0.9902,1.7889,0.9929,236.5563,0.4227,0.002887,Degraded
9861,52.4958,0.9902,1.7897,0.9919,236.0313,0.4237,0.002955,Degraded
9862,52.9836,0.9922,1.7916,0.9911,236.6025,0.4226,0.003244,Degraded
9863,53.9489,0.9895,1.7903,0.9917,235.3023,0.425,0.003319,Degraded
9864,52.8672,0.9884,1.7898,0.9915,236.6359,0.4226,0.002807,Degraded
9865,52.4313,0.9898,1.7917,0.9931,235.6569,0.4243,0.003016,Degraded
9866,52.9309,0.9902,1.7922,0.9908,232.9886,0.4292,0.003058,Degraded
9867,53.8828,0.9903,1.7882,0.9929,234.3476,0.4267,0.002713,Degraded
9868,51.9802,0.9885,1.7903,0.9915,234.1336,0.4271,0.003446,Degraded
9869,52.3391,0.9902,1.7917,0.9928,236.7233,0.4224,0.002831,Degraded
9870,53.6039,0.9906,1.7911,0.9929,234.5774,0.4263,0.003536,Degraded
9871,50.9593,0.9893,1.7908,0.9924,235.3006,0.425,0.003114,Degraded
9872,52.0954,0.991,1.79,0.9935,234.9483,0.4256,0.003065,Degraded
9873,53.2814,0.991,1.7902,0.9918,234.5705,0.4263,0.003069,Degraded
9874,51.2553,0.9904,1.7905,0.994,234.6605,0.4261,0.00301,Degraded
9875,52.9023,0.989,1.7901,0.9908,235.9579,0.4238,0.003091,Degraded
9876,53.1221,0.9895,1.7915,0.991,235.226,0.4251,0.002739,Degraded
9877,52.632,0.9914,1.7906,0.9912,234.7668,0.426,0.002897,Degraded
9878,52.113,0.9904,1.7923,0.9915,236.7269,0.4224,0.002973,Degraded
9879,53.0399,0.9904,1.7884,0.9926,233.2359,0.4288,0.003016,Degraded
9880,52.9142,0.9886,1.7902,0.9918,235.0571,0.4254,0.002945,Degraded
9881,52.3146,0.9902,1.791,0.9919,235.1383,0.4253,0.003104,Degraded
9882,54.6033,0.9899,1.7884,0.9912,235.659,0.4243,0.003277,Degraded
9883,52.0328,0.9901,1.7901,0.9913,236.4037,0.423,0.003208,Degraded
9884,53.0665,0.9897,1.7911,0.9926,234.8244,0.4259,0.003169,Degraded
9885,53.0884,0.9885,1.7891,0.9908,235.9975,0.4237,0.002835,Degraded
9886,53.2965,0.9923,1.7909,0.9917,234.5761,0.4263,0.002915,Degraded
9887,51.9744,0.989,1.7893,0.9926,234.7528,0.426,0.002931,Degraded
9888,53.1737,0.9908,1.7882,0.9904,234.8592,0.4258,0.002753,Degraded
9889,53.4838,0.9896,1.7919,0.9916,235.4134,0.4248,0.002843,Degraded
9890,53.1921,0.9906,1.791,0.992,236.1813,0.4234,0.003037,Degraded
9891,52.2893,0.9895,1.7908,0.9934,234.2659,0.4269,0.003127,Degraded
9892,51.6165,0.9895,1.7906,0.9912,236.3346,0.4231,0.003099,Degraded
9893,51.8622,0.9908,1.7888,0.9921,235.8624,0.424,0.00312,Degraded
9894,52.7401,0.9898,1.7889,0.9923,235.8026,0.4241,0.003391,Degraded
9895,52.4461,0.991,1.7909,0.9916,235.7343,0.4242,0.002815,Degraded
9896,53.0184,0.9899,1.7905,0.9926,234.733,0.426,0.002977,Degraded
9897,52.7117,0.989,1.7897,0.9915,234.2528,0.4269,0.002818,Degraded
9898,52.6098,0.9902,1.7889,0.9933,235.6437,0.4244,0.002962,Degraded
9899,51.8431,0.9899,1.7898,0.991,234.2221,0.4269,0.003133,Degraded
9900,52.5608,0.991,1.7901,0.9928,235.7247,0.4242,0.003073,Degraded
9901,53.7679,0.9902,1.7886,0.9907,234.6263,0.4262,0.003129,Degraded
9902,52.5036,0.9903,1.7906,0.9922,233.3141,0.4286,0.002743,Degraded
9903,54.2381,0.9904,1.7874,0.9921,236.5876,0.4227,0.003036,Degraded
9904,52.8627,0.9883,1.7898,0.9904,234.166,0.427,0.002691,Degraded
9905,54.2206,0.9908,1.7915,0.9908,235.2951,0.425,0.00278,Degraded
9906,52.1099,0.9906,1.7903,0.9924,234.1361,0.4271,0.003007,Degraded
9907,53.1108,0.9894,1.7898,0.9904,233.4149,0.4284,0.003384,Degraded
9908,52.9983,0.9897,1.7909,0.9912,235.2261,0.4251,0.003204,Degraded
9909,51.9545,0.9896,1.7887,0.9929,235.3008,0.425,0.003217,Degraded
9910,53.5123,0.9898,1.7905,0.9925,235.7218,0.4242,0.003276,Degraded
9911,51.9674,0.9882,1.789,0.9925,235.4645,0.4247,0.00287,Degraded
9912,52.6242,0.9893,1.79,0.9914,236.4414,0.4229,0.003248,Degraded
9913,53.4224,0.9901,1.7912,0.9922,235.2594,0.4251,0.002638,Degraded
9914,53.0537,0.9888,1.7897,0.9922,234.41,0.4266,0.00308,Degraded
9915,53.6884,0.9892,1.7902,0.9908,234.194,0.427,0.003047,Degraded
9916,53.4195,0.9886,1.7921,0.9916,235.2919,0.425,0.002878,Degraded
9917,52.6231,0.9916,1.7916,0.9904,234.6736,0.4261,0.003575,Degraded
9918,52.506,0.9905,1.7912,0.9929,232.869,0.4294,0.003052,Degraded
9919,54.2536,0.9901,1.789,0.991,234.9622,0.4256,0.003121,Degraded
9920,55.1677,0.9898,1.7906,0.9905,233.772,0.4278,0.002887,Degraded
9921,53.2142,0.99,1.7901,0.9918,235.0963,0.4254,0.002928,Degraded
9922,51.7799,0.9886,1.7914,0.9912,234.9246,0.4257,0.003225,Degraded
9923,52.6457,0.991,1.7892,0.9936,235.2971,0.425,0.002982,Degraded
9924,52.7313,0.9908,1.7903,0.9889,234.7556,0.426,0.003052,Degraded
9925,52.0904,0.9896,1.7897,0.9937,235.5907,0.4245,0.003053,Degraded
9926,51.9342,0.9894,1.7909,0.9927,233.9746,0.4274,0.003268,Degraded
9927,52.1801,0.9904,1.7928,0.9916,235.2435,0.4251,0.002876,Degraded
9928,53.0106,0.9915,1.7899,0.9918,235.9908,0.4237,0.002736,Degraded
9929,52.9387,0.9893,1.7898,0.9912,233.9635,0.4274,0.002547,Degraded
9930,52.5118,0.9903,1.7909,0.9907,235.2268,0.4251,0.003101,Degraded
9931,53.164,0.9903,1.7879,0.9919,235.0377,0.4255,0.003098,Degraded
9932,53.9876,0.9898,1.7897,0.9922,235.1194,0.4253,0.003076,Degraded
9933,53.3027,0.9899,1.7906,0.9918,233.9401,0.4275,0.002759,Degraded
9934,51.0132,0.9917,1.7914,0.9931,234.9259,0.4257,0.003186,Degraded
9935,53.6012,0.9886,1.7893,0.9926,234.7062,0.4261,0.002849,Degraded
9936,53.5437,0.9892,1.7925,0.9936,234.9252,0.4257,0.003241,Degraded
9937,53.0358,0.9896,1.792,0.9924,234.3789,0.4267,0.003083,Degraded
9938,54.2304,0.9901,1.7903,0.9917,235.3746,0.4249,0.002796,Degraded
9939,52.2538,0.9897,1.7902,0.9932,234.9738,0.4256,0.003157,Degraded
9940,52.5398,0.9906,1.7913,0.9919,235.371,0.4249,0.002875,Degraded
9941,53.363,0.9873,1.7884,0.9926,233.7797,0.4278,0.002895,Degraded
9942,54.0183,0.9909,1.7925,0.9921,235.0208,0.4255,0.002995,Degraded
9943,52.1575,0.9898,1.7888,0.9932,235.6763,0.4243,0.002761,Degraded
9944,52.3672,0.9904,1.7903,0.991,235.1369,0.4253,0.003107,Degraded
9945,53.381,0.9917,1.7903,0.9908,234.2309,0.4269,0.003245,Degraded
9946,54.1916,0.99,1.7904,0.9921,234.8425,0.4258,0.002696,Degraded
9947,53.2864,0.9918,1.7902,0.9917,234.7342,0.426,0.003093,Degraded
9948,53.8273,0.9906,1.7882,0.9938,235.7446,0.4242,0.002958,Degraded
9949,52.4839,0.9896,1.7909,0.9901,235.4875,0.4247,0.003051,Degraded
9950,53.1233,0.9889,1.7883,0.9943,235.1813,0.4252,0.003382,Degraded
9951,53.6345,0.9902,1.7903,0.9931,236.0277,0.4237,0.00309,Degraded
9952,53.7878,0.9912,1.7904,0.9914,235.4697,0.4247,0.002846,Degraded
9953,52.6111,0.9904,1.79,0.9934,234.5422,0.4264,0.00257,Degraded
9954,53.9652,0.9901,1.7901,0.9912,233.5621,0.4282,0.002832,Degraded
9955,53.375,0.9898,1.7897,0.9903,236.5165,0.4228,0.002985,Degraded
9956,54.7943,0.9904,1.7916,0.9913,233.8545,0.4276,0.00296,Degraded
9957,53.3706,0.9907,1.7904,0.9943,235.378,0.4248,0.002935,Degraded
9958,52.7376,0.9892,1.7903,0.9931,236.1902,0.4234,0.002938,Degraded
9959,52.8839,0.9894,1.791,0.9908,234.4839,0.4265,0.002166,Degraded
9960,51.9846,0.9894,1.7895,0.9907,234.1561,0.4271,0.00325,Degraded
9961,52.3059,0.9882,1.789,0.991,235.0022,0.4255,0.00307,Degraded
9962,51.8487,0.9903,1.7914,0.993,235.5204,0.4246,0.00308,Degraded
9963,52.6799,0.9915,1.7905,0.9912,234.9349,0.4256,0.002864,Degraded
9964,52.8241,0.9913,1.7899,0.9912,235.8865,0.4239,0.003255,Degraded
9965,52.3087,0.9915,1.791,0.9915,236.0276,0.4237,0.002753,Degraded
9966,52.5534,0.9889,1.7891,0.9929,235.0393,0.4255,0.002778,Degraded
9967,52.4689,0.9894,1.7903,0.9943,235.2141,0.4251,0.003054,Degraded
9968,54.1753,0.9895,1.7914,0.9916,234.7598,0.426,0.002934,Degraded
9969,52.8586,0.9899,1.7904,0.9916,235.1269,0.4253,0.002678,Degraded
9970,53.5719,0.9912,1.7903,0.9928,234.3751,0.4267,0.003305,Degraded
9971,53.1,0.9884,1.7912,0.9927,236.5408,0.4228,0.003334,Degraded
9972,54.0231,0.9905,1.7907,0.9909,234.8204,0.4259,0.003598,Degraded
9973,51.5693,0.9903,1.79,0.9929,235.1994,0.4252,0.003245,Degraded
9974,52.9653,0.9908,1.7904,0.9917,234.6918,0.4261,0.003258,Degraded
9975,53.455,0.991,1.7913,0.9915,234.8208,0.4259,0.002934,Degraded
9976,53.7817,0.9901,1.7902,0.991,235.6952,0.4243,0.003174,Degraded
9977,53.4074,0.9902,1.7911,0.992,236.1702,0.4234,0.003146,Degraded
9978,51.9506,0.9899,1.7903,0.9913,235.8966,0.4239,0.002608,Degraded
9979,53.6052,0.9907,1.788,0.9921,234.6835,0.4261,0.003287,Degraded
9980,52.294,0.9908,1.791,0.9916,236.0682,0.4236,0.002921,Degraded
9981,54.0318,0.9926,1.7909,0.9926,234.65,0.4262,0.003376,Degraded
9982,53.6782,0.9896,1.7915,0.9921,235.5685,0.4245,0.002923,Degraded
9983,52.2185,0.9891,1.7896,0.9925,234.787,0.4259,0.002847,Degraded
9984,52.2103,0.9913,1.7899,0.9901,235.0178,0.4255,0.002922,Degraded
9985,53.1366,0.9894,1.7913,0.9919,234.8542,0.4258,0.002942,Degraded
9986,53.3538,0.9904,1.7896,0.992,234.8186,0.4259,0.003176,Degraded
9987,51.9456,0.9897,1.7898,0.9934,235.9598,0.4238,0.003085,Degraded
9988,52.1829,0.9901,1.7919,0.9919,235.1209,0.4253,0.003044,Degraded
9989,52.3004,0.9892,1.7892,0.9917,235.3703,0.4249,0.003041,Degraded
9990,53.3879,0.9922,1.7926,0.9921,235.7536,0.4242,0.003139,Degraded
9991,53.8454,0.9911,1.7895,0.994,236.2384,0.4233,0.003201,Degraded
9992,53.5341,0.9904,1.7902,0.9928,235.215,0.4251,0.003083,Degraded
9993,53.0063,0.9899,1.7919,0.9922,234.7828,0.4259,0.003066,Degraded
9994,52.123,0.9911,1.7901,0.9918,234.7657,0.426,0.002718,Degraded
9995,54.552,0.9903,1.7919,0.9919,235.4792,0.4247,0.003182,Degraded
9996,53.492,0.9897,1.7884,0.9944,234.5283,0.4264,0.003543,Degraded
9997,52.6184,0.9915,1.7907,0.9928,234.6084,0.4262,0.002954,Degraded
9998,52.789,0.9903,1.7899,0.9916,234.3506,0.4267,0.002866,Degraded
9999,53.4252,0.9893,1.7889,0.9921,233.2559,0.4287,0.003008,Degraded
